Order_ID,Order_Date,Ship_Date,Year,Quarter,Month,Month_Num,Ship_Mode,Customer_ID,Customer_Name,Segment,Country,Region,State,City,Product_ID,Category,Sub_Category,Product_Name,Quantity,Unit_Cost,Unit_Price,Gross_Sales,Discount_Rate,Discount_Amount,Net_Sales,Total_Cost,Profit,Profit_Margin_Pct,Payment_Method,Customer_Rating
ORD-2024-11635,2024-01-01,2024-01-02,2024,Q1,January,1,Second Class,CUST-1007,Lucas Miller,Corporate,United States,North America,Illinois,Chicago,PROD-TEC-164,Technology,Phones,Google Pixel 8,3,540,699,2097,0.05,104.85,1992.15,1620,372.15,18.68,Wire Transfer,3
ORD-2026-12816,2024-01-01,2024-01-04,2024,Q1,January,1,Standard Class,CUST-1024,Avery White,Corporate,France,Europe,Île-de-France,Paris,PROD-FUR-190,Furniture,Bookcases,Modern 5-Tier Industrial Bookshelf,4,110,195,780,0.15,117.0,663.0,440,223.0,33.63,Wire Transfer,2
ORD-2024-12271,2024-01-01,2024-01-05,2024,Q1,January,1,Standard Class,CUST-1018,Abigail Moore,Consumer,Australia,Asia Pacific,New South Wales,Sydney,PROD-OFF-104,Office Supplies,Storage,Heavy Duty 4-Drawer File Cabinet,1,130,220,220,0.1,22.0,198.0,130,68.0,34.34,PayPal,3
ORD-2026-13287,2024-01-01,2024-01-04,2024,Q1,January,1,Standard Class,CUST-1001,Liam Johnson,Consumer,Australia,Asia Pacific,New South Wales,Sydney,PROD-TEC-125,Technology,Phones,OnePlus 12,5,480,649,3245,0.15,486.75,2758.25,2400,358.25,12.99,Credit Card,5
ORD-2025-12320,2024-01-01,2024-01-03,2024,Q1,January,1,Standard Class,CUST-1006,Isabella Garcia,Consumer,Canada,North America,Ontario,Toronto,PROD-TEC-175,Technology,Phones,Google Pixel 8,3,540,699,2097,0.0,0.0,2097.0,1620,477.0,22.75,PayPal,5
ORD-2024-12496,2024-01-02,2024-01-05,2024,Q1,January,1,Second Class,CUST-1002,Olivia Smith,Consumer,Singapore,Asia Pacific,Central,Singapore,PROD-TEC-173,Technology,Accessories,Anker USB-C Docking Hub,3,45,79,237,0.0,0.0,237.0,135,102.0,43.04,PayPal,3
ORD-2026-11607,2024-01-02,2024-01-04,2024,Q1,January,1,Standard Class,CUST-1002,Olivia Smith,Corporate,Australia,Asia Pacific,Victoria,Melbourne,PROD-OFF-135,Office Supplies,Paper,Heavyweight Cardstock Reams,3,16,32,96,0.05,4.8,91.2,48,43.2,47.37,Wire Transfer,5
ORD-2024-11203,2024-01-02,2024-01-06,2024,Q1,January,1,Standard Class,CUST-1021,Sebastian Lee,Corporate,Canada,North America,British Columbia,Vancouver,PROD-FUR-130,Furniture,Chairs,Herman Miller Aeron Chair,6,750,1195,7170,0.1,717.0,6453.0,4500,1953.0,30.26,Credit Card,5
ORD-2026-11145,2024-01-02,2024-01-03,2024,Q1,January,1,First Class,CUST-1013,Alexander Gonzalez,Corporate,Mexico,Latin America,Jalisco,Guadalajara,PROD-TEC-198,Technology,Phones,iPhone 15 Pro,2,850,1099,2198,0.0,0.0,2198.0,1700,498.0,22.66,Credit Card,5
ORD-2026-13368,2024-01-02,2024-01-05,2024,Q1,January,1,Standard Class,CUST-1014,Harper Wilson,Consumer,France,Europe,Auvergne-Rhône-Alpes,Lyon,PROD-FUR-113,Furniture,Chairs,Ergonomic Mesh Task Chair,4,160,289,1156,0.0,0.0,1156.0,640,516.0,44.64,PayPal,5
ORD-2026-11088,2024-01-03,2024-01-06,2024,Q1,January,1,Second Class,CUST-1026,Ella Sanchez,Corporate,United States,North America,Illinois,Chicago,PROD-TEC-193,Technology,Phones,Samsung Galaxy S24,3,720,950,2850,0.0,0.0,2850.0,2160,690.0,24.21,Credit Card,1
ORD-2025-11069,2024-01-03,2024-01-06,2024,Q1,January,1,Same Day,CUST-1025,David Harris,Corporate,France,Europe,Île-de-France,Paris,PROD-OFF-194,Office Supplies,Storage,Locking Security Storage Box,4,65,115,460,0.05,23.0,437.0,260,177.0,40.5,Credit Card,4
ORD-2025-13283,2024-01-03,2024-01-06,2024,Q1,January,1,Standard Class,CUST-1009,Benjamin Rodriguez,Home Office,United States,North America,California,Los Angeles,PROD-TEC-122,Technology,Accessories,Bose QuietComfort Headphones,1,180,279,279,0.0,0.0,279.0,180,99.0,35.48,Credit Card,5
ORD-2024-12907,2024-01-04,2024-01-06,2024,Q1,January,1,Second Class,CUST-1020,Emily Martin,Consumer,Australia,Asia Pacific,New South Wales,Sydney,PROD-FUR-127,Furniture,Chairs,Ergonomic Mesh Task Chair,2,160,289,578,0.05,28.9,549.1,320,229.1,41.72,Wire Transfer,5
ORD-2025-12065,2024-01-04,2024-01-07,2024,Q1,January,1,Standard Class,CUST-1019,Henry Jackson,Consumer,Canada,North America,British Columbia,Vancouver,PROD-OFF-112,Office Supplies,Appliances,Smart Office Air Purifier Pro,1,140,249,249,0.05,12.45,236.55,140,96.55,40.82,Direct Debit,5
ORD-2025-11423,2024-01-04,2024-01-07,2024,Q1,January,1,Standard Class,CUST-1021,Sebastian Lee,Consumer,United States,North America,New York,New York,PROD-OFF-182,Office Supplies,Paper,Premium Multipurpose Laser Paper 5000ct,1,28,48,48,0.1,4.8,43.2,28,15.2,35.19,Wire Transfer,5
ORD-2024-11077,2024-01-04,2024-01-07,2024,Q1,January,1,Standard Class,CUST-1021,Sebastian Lee,Home Office,Germany,Europe,Bavaria,Munich,PROD-FUR-160,Furniture,Chairs,Steelcase Gesture Chair,1,820,1250,1250,0.05,62.5,1187.5,820,367.5,30.95,Wire Transfer,4
ORD-2026-10464,2024-01-05,2024-01-11,2024,Q1,January,1,Standard Class,CUST-1006,Isabella Garcia,Home Office,India,Asia Pacific,Maharashtra,Mumbai,PROD-TEC-157,Technology,Accessories,Bose QuietComfort Headphones,3,180,279,837,0.0,0.0,837.0,540,297.0,35.48,PayPal,1
ORD-2026-10548,2024-01-05,2024-01-10,2024,Q1,January,1,Second Class,CUST-1013,Alexander Gonzalez,Corporate,Germany,Europe,Bavaria,Munich,PROD-OFF-184,Office Supplies,Appliances,Commercial Espresso Barista Machine,3,620,950,2850,0.05,142.5,2707.5,1860,847.5,31.3,PayPal,4
ORD-2026-13296,2024-01-05,2024-01-08,2024,Q1,January,1,First Class,CUST-1002,Olivia Smith,Corporate,Germany,Europe,Berlin,Berlin,PROD-FUR-188,Furniture,Tables,Coffee Break Lounge Table,2,120,210,420,0.05,21.0,399.0,240,159.0,39.85,Wire Transfer,5
ORD-2024-11734,2024-01-06,2024-01-12,2024,Q1,January,1,Standard Class,CUST-1020,Emily Martin,Home Office,United Kingdom,Europe,England,Manchester,PROD-TEC-114,Technology,Accessories,Anker USB-C Docking Hub,5,45,79,395,0.1,39.5,355.5,225,130.5,36.71,Wire Transfer,4
ORD-2025-10139,2024-01-06,2024-01-11,2024,Q1,January,1,Same Day,CUST-1005,James Jones,Consumer,Mexico,Latin America,Jalisco,Guadalajara,PROD-FUR-142,Furniture,Chairs,Steelcase Gesture Chair,1,820,1250,1250,0.0,0.0,1250.0,820,430.0,34.4,PayPal,4
ORD-2026-12504,2024-01-06,2024-01-09,2024,Q1,January,1,Standard Class,CUST-1003,Noah Williams,Consumer,Canada,North America,Ontario,Toronto,PROD-OFF-132,Office Supplies,Paper,Premium Multipurpose Laser Paper 5000ct,2,28,48,96,0.05,4.8,91.2,56,35.2,38.6,Wire Transfer,5
ORD-2024-12259,2024-01-06,2024-01-10,2024,Q1,January,1,Second Class,CUST-1001,Liam Johnson,Corporate,Canada,North America,Ontario,Toronto,PROD-FUR-103,Furniture,Bookcases,Glass Display Credenza,4,310,520,2080,0.0,0.0,2080.0,1240,840.0,40.38,PayPal,5
ORD-2024-12997,2024-01-06,2024-01-07,2024,Q1,January,1,Standard Class,CUST-1024,Avery White,Home Office,Mexico,Latin America,Jalisco,Guadalajara,PROD-FUR-106,Furniture,Tables,Coffee Break Lounge Table,4,120,210,840,0.05,42.0,798.0,480,318.0,39.85,Credit Card,4
ORD-2026-13017,2024-01-07,2024-01-08,2024,Q1,January,1,Standard Class,CUST-1012,Amelia Lopez,Consumer,Germany,Europe,Berlin,Berlin,PROD-TEC-105,Technology,Laptops,Dell XPS 15,1,1100,1450,1450,0.0,0.0,1450.0,1100,350.0,24.14,Wire Transfer,5
ORD-2025-12716,2024-01-07,2024-01-10,2024,Q1,January,1,Standard Class,CUST-1006,Isabella Garcia,Consumer,France,Europe,Île-de-France,Paris,PROD-FUR-169,Furniture,Tables,Solid Oak Conference Table,3,980,1480,4440,0.0,0.0,4440.0,2940,1500.0,33.78,Credit Card,5
ORD-2025-12077,2024-01-07,2024-01-09,2024,Q1,January,1,Standard Class,CUST-1003,Noah Williams,Consumer,United States,North America,Illinois,Chicago,PROD-FUR-192,Furniture,Chairs,Herman Miller Aeron Chair,1,750,1195,1195,0.0,0.0,1195.0,750,445.0,37.24,Credit Card,4
ORD-2025-11789,2024-01-08,2024-01-11,2024,Q1,January,1,Standard Class,CUST-1015,Daniel Anderson,Consumer,Japan,Asia Pacific,Kanto,Tokyo,PROD-FUR-162,Furniture,Chairs,Ergonomic Mesh Task Chair,4,160,289,1156,0.0,0.0,1156.0,640,516.0,44.64,Direct Debit,2
ORD-2024-13093,2024-01-08,2024-01-10,2024,Q1,January,1,Standard Class,CUST-1006,Isabella Garcia,Consumer,Canada,North America,Ontario,Toronto,PROD-TEC-123,Technology,Phones,Google Pixel 8,3,540,699,2097,0.1,209.7,1887.3,1620,267.3,14.16,Wire Transfer,5
ORD-2026-11457,2024-01-08,2024-01-10,2024,Q1,January,1,Standard Class,CUST-1000,Emma Watson,Consumer,France,Europe,Auvergne-Rhône-Alpes,Lyon,PROD-FUR-113,Furniture,Bookcases,Solid Wood Library Cabinet,3,450,720,2160,0.0,0.0,2160.0,1350,810.0,37.5,Credit Card,4
ORD-2024-10090,2024-01-08,2024-01-10,2024,Q1,January,1,Same Day,CUST-1024,Avery White,Consumer,United States,North America,Illinois,Chicago,PROD-TEC-123,Technology,Laptops,HP Spectre x360,1,920,1250,1250,0.0,0.0,1250.0,920,330.0,26.4,Credit Card,4
ORD-2024-12370,2024-01-09,2024-01-12,2024,Q1,January,1,Standard Class,CUST-1022,Elizabeth Perez,Consumer,Canada,North America,British Columbia,Vancouver,PROD-OFF-162,Office Supplies,Paper,Heavyweight Cardstock Reams,1,16,32,32,0.05,1.6,30.4,16,14.4,47.37,Credit Card,5
ORD-2025-11327,2024-01-09,2024-01-12,2024,Q1,January,1,First Class,CUST-1029,Joseph Lewis,Corporate,Brazil,Latin America,São Paulo,São Paulo,PROD-OFF-177,Office Supplies,Storage,Rolling Mobile Utility Cart,1,45,85,85,0.1,8.5,76.5,45,31.5,41.18,Credit Card,5
ORD-2026-11826,2024-01-09,2024-01-10,2024,Q1,January,1,Standard Class,CUST-1005,James Jones,Home Office,Australia,Asia Pacific,New South Wales,Sydney,PROD-FUR-158,Furniture,Bookcases,Solid Wood Library Cabinet,1,450,720,720,0.05,36.0,684.0,450,234.0,34.21,Direct Debit,3
ORD-2024-12289,2024-01-09,2024-01-13,2024,Q1,January,1,Standard Class,CUST-1016,Evelyn Thomas,Consumer,India,Asia Pacific,Maharashtra,Mumbai,PROD-OFF-187,Office Supplies,Appliances,Heavy Duty Cross-Cut Shredder,2,90,165,330,0.05,16.5,313.5,180,133.5,42.58,Credit Card,5
ORD-2024-11056,2024-01-09,2024-01-11,2024,Q1,January,1,Standard Class,CUST-1028,Chloe Ramirez,Consumer,Brazil,Latin America,Rio de Janeiro,Rio de Janeiro,PROD-OFF-123,Office Supplies,Storage,Rolling Mobile Utility Cart,1,45,85,85,0.0,0.0,85.0,45,40.0,47.06,PayPal,4
ORD-2025-11873,2024-01-09,2024-01-13,2024,Q1,January,1,First Class,CUST-1019,Henry Jackson,Consumer,Germany,Europe,Berlin,Berlin,PROD-OFF-184,Office Supplies,Appliances,Commercial Espresso Barista Machine,3,620,950,2850,0.05,142.5,2707.5,1860,847.5,31.3,Credit Card,3
ORD-2025-11636,2024-01-10,2024-01-14,2024,Q1,January,1,Standard Class,CUST-1026,Ella Sanchez,Consumer,United States,North America,Illinois,Chicago,PROD-FUR-108,Furniture,Chairs,Executive Leather Recliner,5,260,420,2100,0.1,210.0,1890.0,1300,590.0,31.22,Credit Card,4
ORD-2024-12847,2024-01-10,2024-01-13,2024,Q1,January,1,Standard Class,CUST-1029,Joseph Lewis,Consumer,Mexico,Latin America,Federal District,Mexico City,PROD-OFF-101,Office Supplies,Paper,Heavyweight Cardstock Reams,2,16,32,64,0.1,6.4,57.6,32,25.6,44.44,Wire Transfer,5
ORD-2026-10068,2024-01-10,2024-01-14,2024,Q1,January,1,Standard Class,CUST-1009,Benjamin Rodriguez,Corporate,United States,North America,Texas,Houston,PROD-OFF-182,Office Supplies,Appliances,Smart Office Air Purifier Pro,6,140,249,1494,0.15,224.1,1269.9,840,429.9,33.85,Wire Transfer,5
ORD-2026-11934,2024-01-10,2024-01-15,2024,Q1,January,1,Standard Class,CUST-1018,Abigail Moore,Consumer,Japan,Asia Pacific,Kanto,Tokyo,PROD-OFF-128,Office Supplies,Appliances,Commercial Espresso Barista Machine,2,620,950,1900,0.0,0.0,1900.0,1240,660.0,34.74,Credit Card,4
ORD-2025-10322,2024-01-10,2024-01-12,2024,Q1,January,1,Standard Class,CUST-1028,Chloe Ramirez,Home Office,France,Europe,Auvergne-Rhône-Alpes,Lyon,PROD-TEC-133,Technology,Laptops,ThinkPad X1 Carbon,3,1050,1399,4197,0.0,0.0,4197.0,3150,1047.0,24.95,Credit Card,4
ORD-2025-12803,2024-01-11,2024-01-13,2024,Q1,January,1,Standard Class,CUST-1020,Emily Martin,Corporate,Germany,Europe,Bavaria,Munich,PROD-FUR-133,Furniture,Tables,Modular Team Workstation,2,640,990,1980,0.0,0.0,1980.0,1280,700.0,35.35,Credit Card,5
ORD-2024-12343,2024-01-11,2024-01-13,2024,Q1,January,1,Standard Class,CUST-1024,Avery White,Consumer,United States,North America,Illinois,Chicago,PROD-FUR-101,Furniture,Bookcases,Glass Display Credenza,5,310,520,2600,0.2,520.0,2080.0,1550,530.0,25.48,Wire Transfer,5
ORD-2026-13119,2024-01-12,2024-01-14,2024,Q1,January,1,First Class,CUST-1021,Sebastian Lee,Home Office,Germany,Europe,Bavaria,Munich,PROD-TEC-169,Technology,Accessories,Logitech MX Master 3S,4,55,99,396,0.0,0.0,396.0,220,176.0,44.44,PayPal,4
ORD-2024-10705,2024-01-12,2024-01-15,2024,Q1,January,1,Second Class,CUST-1000,Emma Watson,Corporate,United Kingdom,Europe,England,London,PROD-FUR-159,Furniture,Chairs,Ergonomic Mesh Task Chair,3,160,289,867,0.1,86.7,780.3,480,300.3,38.49,Credit Card,4
ORD-2026-11598,2024-01-12,2024-01-14,2024,Q1,January,1,Same Day,CUST-1020,Emily Martin,Consumer,United Kingdom,Europe,England,Manchester,PROD-TEC-173,Technology,Phones,iPhone 15 Pro,6,850,1099,6594,0.2,1318.8,5275.2,5100,175.2,3.32,Credit Card,2
ORD-2026-13059,2024-01-13,2024-01-17,2024,Q1,January,1,Same Day,CUST-1018,Abigail Moore,Corporate,United States,North America,Illinois,Chicago,PROD-TEC-103,Technology,Laptops,ThinkPad X1 Carbon,1,1050,1399,1399,0.15,209.85,1189.15,1050,139.15,11.7,PayPal,4
ORD-2025-10838,2024-01-13,2024-01-15,2024,Q1,January,1,Standard Class,CUST-1016,Evelyn Thomas,Consumer,Germany,Europe,Bavaria,Munich,PROD-FUR-155,Furniture,Bookcases,Solid Wood Library Cabinet,4,450,720,2880,0.0,0.0,2880.0,1800,1080.0,37.5,Credit Card,4
ORD-2025-11594,2024-01-13,2024-01-15,2024,Q1,January,1,Standard Class,CUST-1016,Evelyn Thomas,Consumer,Germany,Europe,Berlin,Berlin,PROD-OFF-142,Office Supplies,Storage,Heavy Duty 4-Drawer File Cabinet,1,130,220,220,0.0,0.0,220.0,130,90.0,40.91,Credit Card,4
ORD-2026-10863,2024-01-13,2024-01-15,2024,Q1,January,1,Second Class,CUST-1023,Jack Thompson,Home Office,Germany,Europe,Bavaria,Munich,PROD-FUR-183,Furniture,Chairs,Steelcase Gesture Chair,1,820,1250,1250,0.1,125.0,1125.0,820,305.0,27.11,Credit Card,5
ORD-2024-12670,2024-01-14,2024-01-15,2024,Q1,January,1,Standard Class,CUST-1018,Abigail Moore,Corporate,Brazil,Latin America,São Paulo,São Paulo,PROD-FUR-141,Furniture,Bookcases,Glass Display Credenza,1,310,520,520,0.05,26.0,494.0,310,184.0,37.25,PayPal,5
ORD-2025-13238,2024-01-14,2024-01-17,2024,Q1,January,1,Standard Class,CUST-1017,Matthew Taylor,Consumer,India,Asia Pacific,Karnataka,Bangalore,PROD-OFF-101,Office Supplies,Appliances,Commercial Espresso Barista Machine,3,620,950,2850,0.0,0.0,2850.0,1860,990.0,34.74,Credit Card,5
ORD-2025-10649,2024-01-14,2024-01-18,2024,Q1,January,1,Standard Class,CUST-1021,Sebastian Lee,Home Office,France,Europe,Île-de-France,Paris,PROD-FUR-138,Furniture,Tables,Coffee Break Lounge Table,1,120,210,210,0.0,0.0,210.0,120,90.0,42.86,Credit Card,4
ORD-2026-12468,2024-01-16,2024-01-20,2024,Q1,January,1,Standard Class,CUST-1028,Chloe Ramirez,Consumer,Germany,Europe,Berlin,Berlin,PROD-FUR-111,Furniture,Tables,Coffee Break Lounge Table,2,120,210,420,0.0,0.0,420.0,240,180.0,42.86,Credit Card,2
ORD-2026-11136,2024-01-17,2024-01-20,2024,Q1,January,1,Standard Class,CUST-1008,Mia Davis,Corporate,Canada,North America,Ontario,Toronto,PROD-FUR-154,Furniture,Bookcases,Glass Display Credenza,4,310,520,2080,0.05,104.0,1976.0,1240,736.0,37.25,Credit Card,4
ORD-2026-11646,2024-01-17,2024-01-18,2024,Q1,January,1,Standard Class,CUST-1021,Sebastian Lee,Consumer,Australia,Asia Pacific,New South Wales,Sydney,PROD-TEC-164,Technology,Phones,Google Pixel 8,2,540,699,1398,0.05,69.9,1328.1,1080,248.1,18.68,Direct Debit,5
ORD-2024-11467,2024-01-18,2024-01-21,2024,Q1,January,1,Standard Class,CUST-1026,Ella Sanchez,Consumer,Australia,Asia Pacific,New South Wales,Sydney,PROD-TEC-187,Technology,Phones,Samsung Galaxy S24,1,720,950,950,0.05,47.5,902.5,720,182.5,20.22,Credit Card,5
ORD-2026-12867,2024-01-18,2024-01-20,2024,Q1,January,1,First Class,CUST-1017,Matthew Taylor,Consumer,United Kingdom,Europe,England,London,PROD-TEC-196,Technology,Accessories,Anker USB-C Docking Hub,2,45,79,158,0.0,0.0,158.0,90,68.0,43.04,Wire Transfer,4
ORD-2024-11584,2024-01-18,2024-01-20,2024,Q1,January,1,Standard Class,CUST-1001,Liam Johnson,Corporate,India,Asia Pacific,Maharashtra,Mumbai,PROD-TEC-135,Technology,Laptops,ThinkPad X1 Carbon,1,1050,1399,1399,0.1,139.9,1259.1,1050,209.1,16.61,Credit Card,4
ORD-2025-12665,2024-01-18,2024-01-20,2024,Q1,January,1,Standard Class,CUST-1009,Benjamin Rodriguez,Corporate,Germany,Europe,Bavaria,Munich,PROD-TEC-159,Technology,Laptops,MacBook Air M3,3,890,1199,3597,0.05,179.85,3417.15,2670,747.15,21.86,Wire Transfer,5
ORD-2024-11266,2024-01-18,2024-01-21,2024,Q1,January,1,Second Class,CUST-1029,Joseph Lewis,Consumer,United States,North America,Illinois,Chicago,PROD-OFF-149,Office Supplies,Appliances,Heavy Duty Cross-Cut Shredder,2,90,165,330,0.0,0.0,330.0,180,150.0,45.45,Credit Card,4
ORD-2026-11148,2024-01-18,2024-01-22,2024,Q1,January,1,Standard Class,CUST-1019,Henry Jackson,Consumer,Canada,North America,British Columbia,Vancouver,PROD-OFF-152,Office Supplies,Storage,Locking Security Storage Box,4,65,115,460,0.0,0.0,460.0,260,200.0,43.48,Credit Card,5
ORD-2024-12838,2024-01-19,2024-01-21,2024,Q1,January,1,Second Class,CUST-1009,Benjamin Rodriguez,Consumer,United States,North America,California,Los Angeles,PROD-FUR-113,Furniture,Tables,Smart Motorized Standing Desk,2,320,560,1120,0.0,0.0,1120.0,640,480.0,42.86,Direct Debit,5
ORD-2024-13171,2024-01-20,2024-01-23,2024,Q1,January,1,Second Class,CUST-1017,Matthew Taylor,Consumer,France,Europe,Auvergne-Rhône-Alpes,Lyon,PROD-FUR-125,Furniture,Chairs,Herman Miller Aeron Chair,3,750,1195,3585,0.05,179.25,3405.75,2250,1155.75,33.94,Credit Card,4
ORD-2025-12221,2024-01-20,2024-01-22,2024,Q1,January,1,First Class,CUST-1020,Emily Martin,Consumer,Canada,North America,British Columbia,Vancouver,PROD-OFF-102,Office Supplies,Paper,Premium Multipurpose Laser Paper 5000ct,3,28,48,144,0.0,0.0,144.0,84,60.0,41.67,Wire Transfer,4
ORD-2024-10417,2024-01-20,2024-01-24,2024,Q1,January,1,Standard Class,CUST-1020,Emily Martin,Consumer,United States,North America,Texas,Houston,PROD-TEC-151,Technology,Accessories,Dell 4K UltraSharp Monitor,3,340,489,1467,0.0,0.0,1467.0,1020,447.0,30.47,Direct Debit,5
ORD-2024-11149,2024-01-20,2024-01-23,2024,Q1,January,1,Standard Class,CUST-1027,Samuel Clark,Consumer,Germany,Europe,Bavaria,Munich,PROD-OFF-173,Office Supplies,Storage,Heavy Duty 4-Drawer File Cabinet,3,130,220,660,0.05,33.0,627.0,390,237.0,37.8,PayPal,5
ORD-2026-11955,2024-01-20,2024-01-22,2024,Q1,January,1,Standard Class,CUST-1019,Henry Jackson,Consumer,Australia,Asia Pacific,New South Wales,Sydney,PROD-FUR-199,Furniture,Tables,Solid Oak Conference Table,2,980,1480,2960,0.0,0.0,2960.0,1960,1000.0,33.78,Wire Transfer,5
ORD-2024-13177,2024-01-20,2024-01-22,2024,Q1,January,1,First Class,CUST-1010,Charlotte Martinez,Consumer,Germany,Europe,Bavaria,Munich,PROD-FUR-177,Furniture,Bookcases,Solid Wood Library Cabinet,1,450,720,720,0.1,72.0,648.0,450,198.0,30.56,Wire Transfer,3
ORD-2025-10550,2024-01-21,2024-01-25,2024,Q1,January,1,Second Class,CUST-1022,Elizabeth Perez,Consumer,Canada,North America,Ontario,Toronto,PROD-FUR-130,Furniture,Bookcases,Modern 5-Tier Industrial Bookshelf,8,110,195,1560,0.2,312.0,1248.0,880,368.0,29.49,Credit Card,5
ORD-2025-10223,2024-01-21,2024-01-24,2024,Q1,January,1,Standard Class,CUST-1029,Joseph Lewis,Corporate,Australia,Asia Pacific,Victoria,Melbourne,PROD-FUR-103,Furniture,Tables,Smart Motorized Standing Desk,1,320,560,560,0.1,56.0,504.0,320,184.0,36.51,Credit Card,5
ORD-2024-13021,2024-01-23,2024-01-26,2024,Q1,January,1,Standard Class,CUST-1014,Harper Wilson,Home Office,Mexico,Latin America,Federal District,Mexico City,PROD-TEC-198,Technology,Accessories,Dell 4K UltraSharp Monitor,3,340,489,1467,0.0,0.0,1467.0,1020,447.0,30.47,Direct Debit,4
ORD-2025-11897,2024-01-23,2024-01-27,2024,Q1,January,1,First Class,CUST-1004,Sophia Brown,Consumer,France,Europe,Île-de-France,Paris,PROD-TEC-101,Technology,Accessories,Bose QuietComfort Headphones,4,180,279,1116,0.05,55.8,1060.2,720,340.2,32.09,Wire Transfer,5
ORD-2024-11206,2024-01-23,2024-01-26,2024,Q1,January,1,Standard Class,CUST-1027,Samuel Clark,Consumer,United Kingdom,Europe,England,London,PROD-TEC-188,Technology,Laptops,Dell XPS 15,3,1100,1450,4350,0.0,0.0,4350.0,3300,1050.0,24.14,PayPal,3
ORD-2024-12925,2024-01-23,2024-01-26,2024,Q1,January,1,First Class,CUST-1027,Samuel Clark,Consumer,United Kingdom,Europe,England,London,PROD-FUR-162,Furniture,Bookcases,Solid Wood Library Cabinet,6,450,720,4320,0.1,432.0,3888.0,2700,1188.0,30.56,PayPal,4
ORD-2025-13028,2024-01-23,2024-01-24,2024,Q1,January,1,Standard Class,CUST-1017,Matthew Taylor,Consumer,Brazil,Latin America,Rio de Janeiro,Rio de Janeiro,PROD-FUR-149,Furniture,Chairs,Herman Miller Aeron Chair,3,750,1195,3585,0.0,0.0,3585.0,2250,1335.0,37.24,Credit Card,5
ORD-2025-10361,2024-01-23,2024-01-24,2024,Q1,January,1,First Class,CUST-1009,Benjamin Rodriguez,Consumer,United States,North America,California,Los Angeles,PROD-TEC-146,Technology,Accessories,Dell 4K UltraSharp Monitor,3,340,489,1467,0.0,0.0,1467.0,1020,447.0,30.47,Direct Debit,5
ORD-2025-11768,2024-01-23,2024-01-25,2024,Q1,January,1,Second Class,CUST-1010,Charlotte Martinez,Consumer,United States,North America,California,Los Angeles,PROD-OFF-150,Office Supplies,Paper,Heavyweight Cardstock Reams,2,16,32,64,0.0,0.0,64.0,32,32.0,50.0,Credit Card,4
ORD-2025-12917,2024-01-24,2024-01-28,2024,Q1,January,1,Standard Class,CUST-1022,Elizabeth Perez,Consumer,Brazil,Latin America,São Paulo,São Paulo,PROD-FUR-136,Furniture,Tables,Modular Team Workstation,2,640,990,1980,0.0,0.0,1980.0,1280,700.0,35.35,PayPal,1
ORD-2024-11497,2024-01-24,2024-01-30,2024,Q1,January,1,Standard Class,CUST-1027,Samuel Clark,Corporate,United States,North America,New York,New York,PROD-OFF-112,Office Supplies,Storage,Heavy Duty 4-Drawer File Cabinet,1,130,220,220,0.1,22.0,198.0,130,68.0,34.34,Credit Card,4
ORD-2026-10710,2024-01-24,2024-01-27,2024,Q1,January,1,Second Class,CUST-1006,Isabella Garcia,Home Office,United States,North America,California,Los Angeles,PROD-TEC-111,Technology,Phones,Samsung Galaxy S24,3,720,950,2850,0.1,285.0,2565.0,2160,405.0,15.79,Credit Card,5
ORD-2026-12000,2024-01-24,2024-01-28,2024,Q1,January,1,First Class,CUST-1028,Chloe Ramirez,Consumer,India,Asia Pacific,Maharashtra,Mumbai,PROD-FUR-188,Furniture,Tables,Solid Oak Conference Table,5,980,1480,7400,0.1,740.0,6660.0,4900,1760.0,26.43,Credit Card,5
ORD-2024-10960,2024-01-25,2024-01-28,2024,Q1,January,1,First Class,CUST-1001,Liam Johnson,Corporate,Australia,Asia Pacific,Victoria,Melbourne,PROD-FUR-106,Furniture,Tables,Modular Team Workstation,1,640,990,990,0.15,148.5,841.5,640,201.5,23.95,Wire Transfer,4
ORD-2024-10981,2024-01-26,2024-01-27,2024,Q1,January,1,Second Class,CUST-1013,Alexander Gonzalez,Consumer,United Kingdom,Europe,England,Manchester,PROD-FUR-177,Furniture,Tables,Solid Oak Conference Table,2,980,1480,2960,0.0,0.0,2960.0,1960,1000.0,33.78,Direct Debit,5
ORD-2024-10972,2024-01-26,2024-01-30,2024,Q1,January,1,Second Class,CUST-1012,Amelia Lopez,Home Office,Germany,Europe,Bavaria,Munich,PROD-TEC-120,Technology,Laptops,Dell XPS 15,3,1100,1450,4350,0.0,0.0,4350.0,3300,1050.0,24.14,Credit Card,5
ORD-2025-11813,2024-01-26,2024-01-29,2024,Q1,January,1,Standard Class,CUST-1017,Matthew Taylor,Consumer,Japan,Asia Pacific,Kanto,Tokyo,PROD-TEC-116,Technology,Phones,Google Pixel 8,4,540,699,2796,0.0,0.0,2796.0,2160,636.0,22.75,Direct Debit,5
ORD-2025-11855,2024-01-26,2024-01-28,2024,Q1,January,1,Standard Class,CUST-1014,Harper Wilson,Consumer,France,Europe,Île-de-France,Paris,PROD-FUR-122,Furniture,Tables,Smart Motorized Standing Desk,3,320,560,1680,0.0,0.0,1680.0,960,720.0,42.86,Wire Transfer,4
ORD-2025-11489,2024-01-26,2024-01-28,2024,Q1,January,1,Standard Class,CUST-1007,Lucas Miller,Consumer,France,Europe,Auvergne-Rhône-Alpes,Lyon,PROD-OFF-140,Office Supplies,Storage,Locking Security Storage Box,2,65,115,230,0.0,0.0,230.0,130,100.0,43.48,Credit Card,4
ORD-2025-12728,2024-01-27,2024-01-30,2024,Q1,January,1,Standard Class,CUST-1023,Jack Thompson,Corporate,France,Europe,Île-de-France,Paris,PROD-OFF-160,Office Supplies,Paper,Premium Multipurpose Laser Paper 5000ct,3,28,48,144,0.0,0.0,144.0,84,60.0,41.67,PayPal,5
ORD-2026-11712,2024-01-27,2024-01-30,2024,Q1,January,1,Standard Class,CUST-1023,Jack Thompson,Corporate,United States,North America,Texas,Houston,PROD-FUR-154,Furniture,Chairs,Herman Miller Aeron Chair,1,750,1195,1195,0.1,119.5,1075.5,750,325.5,30.26,Wire Transfer,5
ORD-2026-12204,2024-01-27,2024-01-31,2024,Q1,January,1,Second Class,CUST-1020,Emily Martin,Corporate,Canada,North America,British Columbia,Vancouver,PROD-OFF-199,Office Supplies,Appliances,Heavy Duty Cross-Cut Shredder,1,90,165,165,0.1,16.5,148.5,90,58.5,39.39,Wire Transfer,5
ORD-2024-11080,2024-01-27,2024-02-02,2024,Q1,January,1,Standard Class,CUST-1022,Elizabeth Perez,Consumer,Canada,North America,Ontario,Toronto,PROD-FUR-115,Furniture,Chairs,Steelcase Gesture Chair,1,820,1250,1250,0.0,0.0,1250.0,820,430.0,34.4,Credit Card,3
ORD-2024-13324,2024-01-28,2024-01-31,2024,Q1,January,1,Standard Class,CUST-1029,Joseph Lewis,Consumer,France,Europe,Île-de-France,Paris,PROD-TEC-147,Technology,Laptops,Dell XPS 15,1,1100,1450,1450,0.05,72.5,1377.5,1100,277.5,20.15,PayPal,4
ORD-2025-11672,2024-01-28,2024-01-31,2024,Q1,January,1,Standard Class,CUST-1029,Joseph Lewis,Consumer,India,Asia Pacific,Karnataka,Bangalore,PROD-TEC-159,Technology,Phones,iPhone 15 Pro,3,850,1099,3297,0.0,0.0,3297.0,2550,747.0,22.66,PayPal,4
ORD-2026-10002,2024-01-28,2024-01-31,2024,Q1,January,1,Second Class,CUST-1022,Elizabeth Perez,Corporate,Canada,North America,Ontario,Toronto,PROD-TEC-190,Technology,Phones,Samsung Galaxy S24,2,720,950,1900,0.0,0.0,1900.0,1440,460.0,24.21,Credit Card,4
ORD-2026-11859,2024-01-29,2024-01-31,2024,Q1,January,1,Standard Class,CUST-1021,Sebastian Lee,Corporate,Germany,Europe,Bavaria,Munich,PROD-FUR-198,Furniture,Bookcases,Modern 5-Tier Industrial Bookshelf,2,110,195,390,0.15,58.5,331.5,220,111.5,33.63,PayPal,5
ORD-2024-10222,2024-01-29,2024-02-01,2024,Q1,January,1,Standard Class,CUST-1018,Abigail Moore,Corporate,United Kingdom,Europe,England,Manchester,PROD-OFF-140,Office Supplies,Paper,Executive Recycled Notepad Pack,1,12,24,24,0.0,0.0,24.0,12,12.0,50.0,Credit Card,4
ORD-2025-11903,2024-01-29,2024-02-03,2024,Q1,January,1,Second Class,CUST-1015,Daniel Anderson,Consumer,United States,North America,Texas,Houston,PROD-TEC-103,Technology,Laptops,Dell XPS 15,6,1100,1450,8700,0.1,870.0,7830.0,6600,1230.0,15.71,Wire Transfer,5
ORD-2024-10495,2024-01-30,2024-02-01,2024,Q1,January,1,Standard Class,CUST-1019,Henry Jackson,Consumer,Canada,North America,Ontario,Toronto,PROD-FUR-102,Furniture,Tables,Smart Motorized Standing Desk,2,320,560,1120,0.1,112.0,1008.0,640,368.0,36.51,Direct Debit,5
ORD-2025-12176,2024-01-30,2024-02-02,2024,Q1,January,1,Standard Class,CUST-1016,Evelyn Thomas,Home Office,France,Europe,Île-de-France,Paris,PROD-TEC-111,Technology,Laptops,HP Spectre x360,6,920,1250,7500,0.1,750.0,6750.0,5520,1230.0,18.22,Credit Card,5
ORD-2026-10797,2024-01-30,2024-02-01,2024,Q1,January,1,Standard Class,CUST-1028,Chloe Ramirez,Home Office,Canada,North America,Ontario,Toronto,PROD-OFF-141,Office Supplies,Paper,Executive Recycled Notepad Pack,2,12,24,48,0.05,2.4,45.6,24,21.6,47.37,Credit Card,5
ORD-2026-13305,2024-01-31,2024-02-03,2024,Q1,January,1,Standard Class,CUST-1001,Liam Johnson,Corporate,Japan,Asia Pacific,Kanto,Tokyo,PROD-TEC-148,Technology,Laptops,MacBook Air M3,2,890,1199,2398,0.05,119.9,2278.1,1780,498.1,21.86,Direct Debit,5
ORD-2025-12371,2024-01-31,2024-02-02,2024,Q1,January,1,Second Class,CUST-1006,Isabella Garcia,Corporate,India,Asia Pacific,Maharashtra,Mumbai,PROD-FUR-131,Furniture,Tables,Coffee Break Lounge Table,2,120,210,420,0.1,42.0,378.0,240,138.0,36.51,Credit Card,5
ORD-2026-12342,2024-01-31,2024-02-04,2024,Q1,January,1,Standard Class,CUST-1015,Daniel Anderson,Consumer,United Kingdom,Europe,England,Manchester,PROD-OFF-139,Office Supplies,Appliances,Heavy Duty Cross-Cut Shredder,2,90,165,330,0.05,16.5,313.5,180,133.5,42.58,Wire Transfer,5
ORD-2025-12635,2024-01-31,2024-02-02,2024,Q1,January,1,Same Day,CUST-1005,James Jones,Consumer,Canada,North America,British Columbia,Vancouver,PROD-FUR-143,Furniture,Tables,Modular Team Workstation,1,640,990,990,0.1,99.0,891.0,640,251.0,28.17,PayPal,5
ORD-2026-11166,2024-01-31,2024-02-03,2024,Q1,January,1,First Class,CUST-1024,Avery White,Home Office,Canada,North America,Ontario,Toronto,PROD-TEC-104,Technology,Laptops,MacBook Air M3,3,890,1199,3597,0.0,0.0,3597.0,2670,927.0,25.77,PayPal,5
ORD-2025-12284,2024-01-31,2024-02-04,2024,Q1,January,1,Standard Class,CUST-1021,Sebastian Lee,Corporate,India,Asia Pacific,Karnataka,Bangalore,PROD-TEC-134,Technology,Phones,OnePlus 12,2,480,649,1298,0.05,64.9,1233.1,960,273.1,22.15,Wire Transfer,4
ORD-2026-10470,2024-01-31,2024-02-01,2024,Q1,January,1,Standard Class,CUST-1002,Olivia Smith,Consumer,United States,North America,California,Los Angeles,PROD-TEC-120,Technology,Accessories,Dell 4K UltraSharp Monitor,2,340,489,978,0.05,48.9,929.1,680,249.1,26.81,PayPal,4
ORD-2025-13151,2024-02-01,2024-02-03,2024,Q1,February,2,Standard Class,CUST-1002,Olivia Smith,Corporate,France,Europe,Île-de-France,Paris,PROD-OFF-149,Office Supplies,Appliances,Heavy Duty Cross-Cut Shredder,2,90,165,330,0.1,33.0,297.0,180,117.0,39.39,Credit Card,5
ORD-2026-11223,2024-02-01,2024-02-05,2024,Q1,February,2,First Class,CUST-1017,Matthew Taylor,Home Office,Australia,Asia Pacific,Victoria,Melbourne,PROD-FUR-158,Furniture,Chairs,Herman Miller Aeron Chair,6,750,1195,7170,0.2,1434.0,5736.0,4500,1236.0,21.55,Wire Transfer,4
ORD-2026-11019,2024-02-01,2024-02-04,2024,Q1,February,2,Standard Class,CUST-1022,Elizabeth Perez,Home Office,Canada,North America,British Columbia,Vancouver,PROD-TEC-136,Technology,Laptops,HP Spectre x360,2,920,1250,2500,0.05,125.0,2375.0,1840,535.0,22.53,Direct Debit,5
ORD-2025-13088,2024-02-01,2024-02-04,2024,Q1,February,2,Standard Class,CUST-1028,Chloe Ramirez,Consumer,Canada,North America,Ontario,Toronto,PROD-FUR-104,Furniture,Chairs,Executive Leather Recliner,1,260,420,420,0.1,42.0,378.0,260,118.0,31.22,Wire Transfer,5
ORD-2024-10081,2024-02-01,2024-02-02,2024,Q1,February,2,Standard Class,CUST-1012,Amelia Lopez,Consumer,Canada,North America,British Columbia,Vancouver,PROD-OFF-142,Office Supplies,Storage,Heavy Duty 4-Drawer File Cabinet,3,130,220,660,0.0,0.0,660.0,390,270.0,40.91,Credit Card,4
ORD-2025-13175,2024-02-01,2024-02-05,2024,Q1,February,2,Standard Class,CUST-1009,Benjamin Rodriguez,Consumer,Brazil,Latin America,Rio de Janeiro,Rio de Janeiro,PROD-OFF-144,Office Supplies,Appliances,Heavy Duty Cross-Cut Shredder,1,90,165,165,0.0,0.0,165.0,90,75.0,45.45,Wire Transfer,5
ORD-2026-12105,2024-02-01,2024-02-04,2024,Q1,February,2,Standard Class,CUST-1025,David Harris,Corporate,United Kingdom,Europe,England,London,PROD-TEC-163,Technology,Accessories,Logitech MX Master 3S,2,55,99,198,0.0,0.0,198.0,110,88.0,44.44,Direct Debit,3
ORD-2024-11140,2024-02-01,2024-02-04,2024,Q1,February,2,Standard Class,CUST-1006,Isabella Garcia,Consumer,Brazil,Latin America,Rio de Janeiro,Rio de Janeiro,PROD-FUR-186,Furniture,Chairs,Steelcase Gesture Chair,3,820,1250,3750,0.1,375.0,3375.0,2460,915.0,27.11,Wire Transfer,3
ORD-2025-12962,2024-02-01,2024-02-07,2024,Q1,February,2,Standard Class,CUST-1009,Benjamin Rodriguez,Consumer,United States,North America,Illinois,Chicago,PROD-FUR-174,Furniture,Chairs,Herman Miller Aeron Chair,6,750,1195,7170,0.15,1075.5,6094.5,4500,1594.5,26.16,Direct Debit,2
ORD-2026-12267,2024-02-02,2024-02-06,2024,Q1,February,2,Standard Class,CUST-1002,Olivia Smith,Consumer,United Kingdom,Europe,England,Manchester,PROD-TEC-180,Technology,Laptops,HP Spectre x360,1,920,1250,1250,0.0,0.0,1250.0,920,330.0,26.4,Direct Debit,4
ORD-2025-13016,2024-02-02,2024-02-03,2024,Q1,February,2,Standard Class,CUST-1026,Ella Sanchez,Consumer,India,Asia Pacific,Maharashtra,Mumbai,PROD-FUR-110,Furniture,Chairs,Executive Leather Recliner,1,260,420,420,0.05,21.0,399.0,260,139.0,34.84,Wire Transfer,3
ORD-2026-10335,2024-02-02,2024-02-04,2024,Q1,February,2,First Class,CUST-1004,Sophia Brown,Consumer,Japan,Asia Pacific,Kanto,Tokyo,PROD-FUR-133,Furniture,Chairs,Ergonomic Mesh Task Chair,4,160,289,1156,0.05,57.8,1098.2,640,458.2,41.72,Credit Card,4
ORD-2026-13431,2024-02-03,2024-02-04,2024,Q1,February,2,Second Class,CUST-1028,Chloe Ramirez,Corporate,France,Europe,Île-de-France,Paris,PROD-FUR-116,Furniture,Chairs,Herman Miller Aeron Chair,1,750,1195,1195,0.1,119.5,1075.5,750,325.5,30.26,Credit Card,5
ORD-2025-12047,2024-02-03,2024-02-05,2024,Q1,February,2,Standard Class,CUST-1011,Elijah Hernandez,Consumer,Australia,Asia Pacific,New South Wales,Sydney,PROD-TEC-162,Technology,Laptops,HP Spectre x360,4,920,1250,5000,0.0,0.0,5000.0,3680,1320.0,26.4,Credit Card,5
ORD-2026-12741,2024-02-03,2024-02-06,2024,Q1,February,2,Standard Class,CUST-1029,Joseph Lewis,Consumer,Canada,North America,British Columbia,Vancouver,PROD-FUR-112,Furniture,Tables,Solid Oak Conference Table,5,980,1480,7400,0.1,740.0,6660.0,4900,1760.0,26.43,PayPal,5
ORD-2026-10188,2024-02-03,2024-02-06,2024,Q1,February,2,Standard Class,CUST-1026,Ella Sanchez,Consumer,Japan,Asia Pacific,Kanto,Tokyo,PROD-OFF-195,Office Supplies,Storage,Heavy Duty 4-Drawer File Cabinet,3,130,220,660,0.0,0.0,660.0,390,270.0,40.91,PayPal,4
ORD-2026-13389,2024-02-03,2024-02-09,2024,Q1,February,2,Standard Class,CUST-1021,Sebastian Lee,Corporate,Mexico,Latin America,Federal District,Mexico City,PROD-OFF-142,Office Supplies,Appliances,Heavy Duty Cross-Cut Shredder,2,90,165,330,0.1,33.0,297.0,180,117.0,39.39,Wire Transfer,4
ORD-2025-11207,2024-02-03,2024-02-05,2024,Q1,February,2,Standard Class,CUST-1019,Henry Jackson,Consumer,Mexico,Latin America,Jalisco,Guadalajara,PROD-FUR-148,Furniture,Bookcases,Solid Wood Library Cabinet,2,450,720,1440,0.05,72.0,1368.0,900,468.0,34.21,Wire Transfer,5
ORD-2024-12826,2024-02-04,2024-02-07,2024,Q1,February,2,Standard Class,CUST-1029,Joseph Lewis,Corporate,Mexico,Latin America,Jalisco,Guadalajara,PROD-OFF-155,Office Supplies,Appliances,Commercial Espresso Barista Machine,2,620,950,1900,0.0,0.0,1900.0,1240,660.0,34.74,Credit Card,5
ORD-2024-12832,2024-02-04,2024-02-09,2024,Q1,February,2,Standard Class,CUST-1004,Sophia Brown,Consumer,Germany,Europe,Bavaria,Munich,PROD-OFF-188,Office Supplies,Appliances,Heavy Duty Cross-Cut Shredder,1,90,165,165,0.05,8.25,156.75,90,66.75,42.58,Credit Card,4
ORD-2024-12661,2024-02-04,2024-02-07,2024,Q1,February,2,Second Class,CUST-1002,Olivia Smith,Corporate,France,Europe,Auvergne-Rhône-Alpes,Lyon,PROD-FUR-119,Furniture,Tables,Solid Oak Conference Table,6,980,1480,8880,0.15,1332.0,7548.0,5880,1668.0,22.1,Wire Transfer,4
ORD-2025-12128,2024-02-04,2024-02-07,2024,Q1,February,2,Second Class,CUST-1010,Charlotte Martinez,Consumer,United Kingdom,Europe,England,London,PROD-OFF-106,Office Supplies,Storage,Heavy Duty 4-Drawer File Cabinet,2,130,220,440,0.0,0.0,440.0,260,180.0,40.91,Credit Card,5
ORD-2025-10898,2024-02-04,2024-02-08,2024,Q1,February,2,Standard Class,CUST-1012,Amelia Lopez,Consumer,Germany,Europe,Bavaria,Munich,PROD-OFF-174,Office Supplies,Storage,Locking Security Storage Box,2,65,115,230,0.1,23.0,207.0,130,77.0,37.2,Wire Transfer,5
ORD-2024-13384,2024-02-04,2024-02-09,2024,Q1,February,2,Standard Class,CUST-1010,Charlotte Martinez,Consumer,United Kingdom,Europe,England,London,PROD-TEC-156,Technology,Phones,Google Pixel 8,4,540,699,2796,0.1,279.6,2516.4,2160,356.4,14.16,Wire Transfer,1
ORD-2024-12346,2024-02-04,2024-02-07,2024,Q1,February,2,First Class,CUST-1013,Alexander Gonzalez,Consumer,Australia,Asia Pacific,Victoria,Melbourne,PROD-TEC-116,Technology,Accessories,Logitech MX Master 3S,4,55,99,396,0.0,0.0,396.0,220,176.0,44.44,PayPal,4
ORD-2024-13435,2024-02-05,2024-02-07,2024,Q1,February,2,Second Class,CUST-1002,Olivia Smith,Consumer,Mexico,Latin America,Jalisco,Guadalajara,PROD-FUR-147,Furniture,Bookcases,Glass Display Credenza,1,310,520,520,0.0,0.0,520.0,310,210.0,40.38,PayPal,4
ORD-2024-12739,2024-02-05,2024-02-07,2024,Q1,February,2,Standard Class,CUST-1007,Lucas Miller,Home Office,United States,North America,California,Los Angeles,PROD-FUR-154,Furniture,Tables,Modular Team Workstation,1,640,990,990,0.0,0.0,990.0,640,350.0,35.35,Credit Card,5
ORD-2026-11418,2024-02-05,2024-02-06,2024,Q1,February,2,Second Class,CUST-1006,Isabella Garcia,Consumer,Japan,Asia Pacific,Kanto,Tokyo,PROD-TEC-139,Technology,Laptops,ThinkPad X1 Carbon,6,1050,1399,8394,0.1,839.4,7554.6,6300,1254.6,16.61,Wire Transfer,2
ORD-2026-11667,2024-02-06,2024-02-09,2024,Q1,February,2,Second Class,CUST-1013,Alexander Gonzalez,Consumer,Canada,North America,British Columbia,Vancouver,PROD-FUR-108,Furniture,Bookcases,Solid Wood Library Cabinet,3,450,720,2160,0.0,0.0,2160.0,1350,810.0,37.5,PayPal,1
ORD-2025-11882,2024-02-06,2024-02-09,2024,Q1,February,2,Standard Class,CUST-1015,Daniel Anderson,Consumer,Canada,North America,Ontario,Toronto,PROD-FUR-122,Furniture,Tables,Solid Oak Conference Table,3,980,1480,4440,0.0,0.0,4440.0,2940,1500.0,33.78,Wire Transfer,5
ORD-2026-13098,2024-02-07,2024-02-10,2024,Q1,February,2,Standard Class,CUST-1001,Liam Johnson,Corporate,France,Europe,Île-de-France,Paris,PROD-TEC-189,Technology,Accessories,Bose QuietComfort Headphones,3,180,279,837,0.1,83.7,753.3,540,213.3,28.32,Credit Card,2
ORD-2026-11907,2024-02-07,2024-02-09,2024,Q1,February,2,Standard Class,CUST-1018,Abigail Moore,Corporate,Canada,North America,British Columbia,Vancouver,PROD-TEC-154,Technology,Laptops,ThinkPad X1 Carbon,1,1050,1399,1399,0.05,69.95,1329.05,1050,279.05,21.0,PayPal,5
ORD-2025-12071,2024-02-07,2024-02-09,2024,Q1,February,2,Standard Class,CUST-1029,Joseph Lewis,Consumer,United States,North America,New York,New York,PROD-OFF-176,Office Supplies,Paper,Heavyweight Cardstock Reams,2,16,32,64,0.0,0.0,64.0,32,32.0,50.0,Credit Card,4
ORD-2024-12454,2024-02-08,2024-02-13,2024,Q1,February,2,Standard Class,CUST-1016,Evelyn Thomas,Consumer,United States,North America,Illinois,Chicago,PROD-TEC-106,Technology,Phones,OnePlus 12,1,480,649,649,0.0,0.0,649.0,480,169.0,26.04,Credit Card,5
ORD-2026-13143,2024-02-08,2024-02-14,2024,Q1,February,2,Standard Class,CUST-1002,Olivia Smith,Home Office,United Kingdom,Europe,England,London,PROD-TEC-121,Technology,Laptops,MacBook Air M3,1,890,1199,1199,0.0,0.0,1199.0,890,309.0,25.77,PayPal,5
ORD-2026-13335,2024-02-08,2024-02-10,2024,Q1,February,2,Standard Class,CUST-1023,Jack Thompson,Home Office,Germany,Europe,Berlin,Berlin,PROD-OFF-193,Office Supplies,Paper,Heavyweight Cardstock Reams,2,16,32,64,0.0,0.0,64.0,32,32.0,50.0,Credit Card,5
ORD-2026-11364,2024-02-08,2024-02-10,2024,Q1,February,2,Standard Class,CUST-1008,Mia Davis,Corporate,India,Asia Pacific,Maharashtra,Mumbai,PROD-OFF-179,Office Supplies,Storage,Locking Security Storage Box,1,65,115,115,0.0,0.0,115.0,65,50.0,43.48,Credit Card,3
ORD-2025-11429,2024-02-08,2024-02-11,2024,Q1,February,2,Standard Class,CUST-1028,Chloe Ramirez,Consumer,Brazil,Latin America,São Paulo,São Paulo,PROD-TEC-170,Technology,Phones,OnePlus 12,2,480,649,1298,0.0,0.0,1298.0,960,338.0,26.04,PayPal,5
ORD-2025-11828,2024-02-09,2024-02-12,2024,Q1,February,2,Second Class,CUST-1020,Emily Martin,Consumer,Brazil,Latin America,São Paulo,São Paulo,PROD-FUR-140,Furniture,Bookcases,Modern 5-Tier Industrial Bookshelf,1,110,195,195,0.0,0.0,195.0,110,85.0,43.59,Credit Card,3
ORD-2026-11553,2024-02-10,2024-02-11,2024,Q1,February,2,Standard Class,CUST-1002,Olivia Smith,Consumer,India,Asia Pacific,Karnataka,Bangalore,PROD-TEC-169,Technology,Laptops,Dell XPS 15,3,1100,1450,4350,0.0,0.0,4350.0,3300,1050.0,24.14,Credit Card,5
ORD-2025-11723,2024-02-10,2024-02-12,2024,Q1,February,2,Standard Class,CUST-1027,Samuel Clark,Corporate,Canada,North America,British Columbia,Vancouver,PROD-OFF-134,Office Supplies,Paper,Executive Recycled Notepad Pack,5,12,24,120,0.2,24.0,96.0,60,36.0,37.5,Credit Card,5
ORD-2025-10859,2024-02-10,2024-02-12,2024,Q1,February,2,Second Class,CUST-1016,Evelyn Thomas,Corporate,United Kingdom,Europe,England,London,PROD-TEC-193,Technology,Laptops,MacBook Air M3,1,890,1199,1199,0.05,59.95,1139.05,890,249.05,21.86,Credit Card,3
ORD-2025-12590,2024-02-11,2024-02-13,2024,Q1,February,2,Standard Class,CUST-1006,Isabella Garcia,Corporate,United States,North America,Illinois,Chicago,PROD-OFF-165,Office Supplies,Paper,Heavyweight Cardstock Reams,5,16,32,160,0.1,16.0,144.0,80,64.0,44.44,Wire Transfer,5
ORD-2026-13377,2024-02-11,2024-02-13,2024,Q1,February,2,First Class,CUST-1024,Avery White,Corporate,Australia,Asia Pacific,Victoria,Melbourne,PROD-FUR-155,Furniture,Tables,Coffee Break Lounge Table,1,120,210,210,0.05,10.5,199.5,120,79.5,39.85,PayPal,4
ORD-2026-12492,2024-02-11,2024-02-13,2024,Q1,February,2,First Class,CUST-1010,Charlotte Martinez,Corporate,United States,North America,California,Los Angeles,PROD-FUR-116,Furniture,Chairs,Herman Miller Aeron Chair,6,750,1195,7170,0.1,717.0,6453.0,4500,1953.0,30.26,Direct Debit,4
ORD-2025-12527,2024-02-11,2024-02-14,2024,Q1,February,2,Second Class,CUST-1019,Henry Jackson,Home Office,France,Europe,Auvergne-Rhône-Alpes,Lyon,PROD-TEC-188,Technology,Accessories,Anker USB-C Docking Hub,1,45,79,79,0.0,0.0,79.0,45,34.0,43.04,PayPal,5
ORD-2024-12580,2024-02-11,2024-02-14,2024,Q1,February,2,Standard Class,CUST-1015,Daniel Anderson,Corporate,Mexico,Latin America,Federal District,Mexico City,PROD-TEC-187,Technology,Phones,Google Pixel 8,1,540,699,699,0.1,69.9,629.1,540,89.1,14.16,Credit Card,5
ORD-2025-11546,2024-02-12,2024-02-15,2024,Q1,February,2,Second Class,CUST-1026,Ella Sanchez,Corporate,Brazil,Latin America,Rio de Janeiro,Rio de Janeiro,PROD-OFF-172,Office Supplies,Appliances,Heavy Duty Cross-Cut Shredder,2,90,165,330,0.0,0.0,330.0,180,150.0,45.45,PayPal,2
ORD-2025-10736,2024-02-12,2024-02-15,2024,Q1,February,2,Second Class,CUST-1026,Ella Sanchez,Corporate,Germany,Europe,Bavaria,Munich,PROD-FUR-115,Furniture,Tables,Modular Team Workstation,6,640,990,5940,0.1,594.0,5346.0,3840,1506.0,28.17,Wire Transfer,5
ORD-2026-11655,2024-02-12,2024-02-15,2024,Q1,February,2,Standard Class,CUST-1007,Lucas Miller,Consumer,Canada,North America,Ontario,Toronto,PROD-TEC-128,Technology,Laptops,Dell XPS 15,2,1100,1450,2900,0.0,0.0,2900.0,2200,700.0,24.14,Credit Card,4
ORD-2024-11464,2024-02-12,2024-02-15,2024,Q1,February,2,Standard Class,CUST-1002,Olivia Smith,Corporate,United Kingdom,Europe,England,Manchester,PROD-TEC-191,Technology,Laptops,ThinkPad X1 Carbon,4,1050,1399,5596,0.1,559.6,5036.4,4200,836.4,16.61,PayPal,1
ORD-2026-12720,2024-02-12,2024-02-15,2024,Q1,February,2,Standard Class,CUST-1011,Elijah Hernandez,Consumer,France,Europe,Île-de-France,Paris,PROD-OFF-191,Office Supplies,Storage,Rolling Mobile Utility Cart,5,45,85,425,0.1,42.5,382.5,225,157.5,41.18,Credit Card,4
ORD-2024-13462,2024-02-12,2024-02-14,2024,Q1,February,2,Standard Class,CUST-1009,Benjamin Rodriguez,Consumer,Canada,North America,Ontario,Toronto,PROD-FUR-197,Furniture,Bookcases,Modern 5-Tier Industrial Bookshelf,3,110,195,585,0.05,29.25,555.75,330,225.75,40.62,Direct Debit,5
ORD-2024-13345,2024-02-13,2024-02-17,2024,Q1,February,2,Second Class,CUST-1022,Elizabeth Perez,Consumer,United Kingdom,Europe,England,London,PROD-TEC-131,Technology,Phones,Samsung Galaxy S24,5,720,950,4750,0.1,475.0,4275.0,3600,675.0,15.79,Credit Card,5
ORD-2024-12283,2024-02-13,2024-02-17,2024,Q1,February,2,Second Class,CUST-1022,Elizabeth Perez,Corporate,Mexico,Latin America,Federal District,Mexico City,PROD-TEC-135,Technology,Accessories,Bose QuietComfort Headphones,2,180,279,558,0.0,0.0,558.0,360,198.0,35.48,Credit Card,3
ORD-2025-13103,2024-02-14,2024-02-15,2024,Q1,February,2,Standard Class,CUST-1016,Evelyn Thomas,Consumer,United States,North America,Texas,Houston,PROD-TEC-174,Technology,Phones,Samsung Galaxy S24,1,720,950,950,0.05,47.5,902.5,720,182.5,20.22,Direct Debit,3
ORD-2025-10565,2024-02-14,2024-02-20,2024,Q1,February,2,Standard Class,CUST-1009,Benjamin Rodriguez,Consumer,Singapore,Asia Pacific,Central,Singapore,PROD-TEC-123,Technology,Accessories,Bose QuietComfort Headphones,1,180,279,279,0.0,0.0,279.0,180,99.0,35.48,Credit Card,5
ORD-2024-10429,2024-02-14,2024-02-15,2024,Q1,February,2,Standard Class,CUST-1006,Isabella Garcia,Consumer,United States,North America,Texas,Houston,PROD-TEC-169,Technology,Accessories,Logitech MX Master 3S,1,55,99,99,0.05,4.95,94.05,55,39.05,41.52,Wire Transfer,5
ORD-2025-11603,2024-02-16,2024-02-18,2024,Q1,February,2,Standard Class,CUST-1019,Henry Jackson,Corporate,France,Europe,Auvergne-Rhône-Alpes,Lyon,PROD-TEC-125,Technology,Phones,OnePlus 12,1,480,649,649,0.0,0.0,649.0,480,169.0,26.04,Credit Card,5
ORD-2024-10261,2024-02-16,2024-02-17,2024,Q1,February,2,Standard Class,CUST-1020,Emily Martin,Consumer,United States,North America,Texas,Houston,PROD-OFF-112,Office Supplies,Paper,Executive Recycled Notepad Pack,2,12,24,48,0.0,0.0,48.0,24,24.0,50.0,Credit Card,5
ORD-2025-12323,2024-02-16,2024-02-20,2024,Q1,February,2,Second Class,CUST-1014,Harper Wilson,Consumer,Canada,North America,British Columbia,Vancouver,PROD-TEC-173,Technology,Laptops,HP Spectre x360,3,920,1250,3750,0.1,375.0,3375.0,2760,615.0,18.22,PayPal,3
ORD-2024-12046,2024-02-16,2024-02-18,2024,Q1,February,2,Second Class,CUST-1011,Elijah Hernandez,Home Office,United States,North America,Illinois,Chicago,PROD-TEC-181,Technology,Phones,iPhone 15 Pro,3,850,1099,3297,0.0,0.0,3297.0,2550,747.0,22.66,Direct Debit,5
ORD-2026-10509,2024-02-16,2024-02-19,2024,Q1,February,2,Standard Class,CUST-1013,Alexander Gonzalez,Consumer,France,Europe,Île-de-France,Paris,PROD-OFF-175,Office Supplies,Paper,Heavyweight Cardstock Reams,1,16,32,32,0.0,0.0,32.0,16,16.0,50.0,Credit Card,4
ORD-2026-11751,2024-02-17,2024-02-19,2024,Q1,February,2,First Class,CUST-1004,Sophia Brown,Corporate,Canada,North America,British Columbia,Vancouver,PROD-FUR-121,Furniture,Chairs,Executive Leather Recliner,1,260,420,420,0.0,0.0,420.0,260,160.0,38.1,Credit Card,5
ORD-2025-12575,2024-02-17,2024-02-20,2024,Q1,February,2,Second Class,CUST-1023,Jack Thompson,Corporate,Canada,North America,Ontario,Toronto,PROD-OFF-181,Office Supplies,Storage,Rolling Mobile Utility Cart,3,45,85,255,0.05,12.75,242.25,135,107.25,44.27,Credit Card,5
ORD-2024-12604,2024-02-18,2024-02-24,2024,Q1,February,2,Second Class,CUST-1029,Joseph Lewis,Consumer,United States,North America,Texas,Houston,PROD-FUR-150,Furniture,Bookcases,Glass Display Credenza,1,310,520,520,0.0,0.0,520.0,310,210.0,40.38,PayPal,4
ORD-2026-10530,2024-02-18,2024-02-22,2024,Q1,February,2,Same Day,CUST-1014,Harper Wilson,Consumer,India,Asia Pacific,Maharashtra,Mumbai,PROD-TEC-145,Technology,Phones,Samsung Galaxy S24,1,720,950,950,0.05,47.5,902.5,720,182.5,20.22,PayPal,4
ORD-2026-10719,2024-02-18,2024-02-20,2024,Q1,February,2,Second Class,CUST-1014,Harper Wilson,Consumer,United Kingdom,Europe,England,London,PROD-OFF-104,Office Supplies,Appliances,Commercial Espresso Barista Machine,1,620,950,950,0.05,47.5,902.5,620,282.5,31.3,Credit Card,1
ORD-2026-13176,2024-02-19,2024-02-24,2024,Q1,February,2,Second Class,CUST-1027,Samuel Clark,Consumer,Canada,North America,Ontario,Toronto,PROD-FUR-169,Furniture,Tables,Solid Oak Conference Table,1,980,1480,1480,0.0,0.0,1480.0,980,500.0,33.78,Wire Transfer,5
ORD-2026-11619,2024-02-19,2024-02-21,2024,Q1,February,2,First Class,CUST-1012,Amelia Lopez,Consumer,United States,North America,California,Los Angeles,PROD-FUR-106,Furniture,Chairs,Steelcase Gesture Chair,1,820,1250,1250,0.0,0.0,1250.0,820,430.0,34.4,Wire Transfer,4
ORD-2024-10228,2024-02-19,2024-02-21,2024,Q1,February,2,Second Class,CUST-1005,James Jones,Home Office,Germany,Europe,Bavaria,Munich,PROD-TEC-162,Technology,Laptops,MacBook Air M3,4,890,1199,4796,0.0,0.0,4796.0,3560,1236.0,25.77,PayPal,5
ORD-2026-12282,2024-02-20,2024-02-24,2024,Q1,February,2,Second Class,CUST-1000,Emma Watson,Corporate,United States,North America,Illinois,Chicago,PROD-OFF-199,Office Supplies,Appliances,Heavy Duty Cross-Cut Shredder,1,90,165,165,0.0,0.0,165.0,90,75.0,45.45,PayPal,5
ORD-2024-11113,2024-02-20,2024-02-21,2024,Q1,February,2,Standard Class,CUST-1007,Lucas Miller,Consumer,United Kingdom,Europe,England,London,PROD-TEC-168,Technology,Accessories,Dell 4K UltraSharp Monitor,1,340,489,489,0.0,0.0,489.0,340,149.0,30.47,Credit Card,5
ORD-2026-13146,2024-02-20,2024-02-23,2024,Q1,February,2,Second Class,CUST-1009,Benjamin Rodriguez,Consumer,Canada,North America,Ontario,Toronto,PROD-TEC-152,Technology,Phones,OnePlus 12,6,480,649,3894,0.1,389.4,3504.6,2880,624.6,17.82,Credit Card,4
ORD-2024-11107,2024-02-21,2024-02-24,2024,Q1,February,2,Second Class,CUST-1028,Chloe Ramirez,Consumer,United Kingdom,Europe,England,London,PROD-TEC-134,Technology,Accessories,Logitech MX Master 3S,1,55,99,99,0.0,0.0,99.0,55,44.0,44.44,PayPal,5
ORD-2025-10841,2024-02-21,2024-02-25,2024,Q1,February,2,Second Class,CUST-1008,Mia Davis,Consumer,United Kingdom,Europe,England,London,PROD-FUR-146,Furniture,Chairs,Steelcase Gesture Chair,2,820,1250,2500,0.0,0.0,2500.0,1640,860.0,34.4,Credit Card,5
ORD-2025-13067,2024-02-21,2024-02-24,2024,Q1,February,2,Standard Class,CUST-1023,Jack Thompson,Corporate,Brazil,Latin America,Rio de Janeiro,Rio de Janeiro,PROD-TEC-133,Technology,Accessories,Logitech MX Master 3S,3,55,99,297,0.05,14.85,282.15,165,117.15,41.52,PayPal,4
ORD-2025-12902,2024-02-21,2024-02-23,2024,Q1,February,2,Standard Class,CUST-1006,Isabella Garcia,Consumer,Japan,Asia Pacific,Kanto,Tokyo,PROD-TEC-174,Technology,Laptops,HP Spectre x360,1,920,1250,1250,0.0,0.0,1250.0,920,330.0,26.4,PayPal,5
ORD-2026-13401,2024-02-21,2024-02-25,2024,Q1,February,2,Standard Class,CUST-1002,Olivia Smith,Home Office,Mexico,Latin America,Jalisco,Guadalajara,PROD-OFF-196,Office Supplies,Appliances,Heavy Duty Cross-Cut Shredder,4,90,165,660,0.1,66.0,594.0,360,234.0,39.39,Credit Card,5
ORD-2024-11461,2024-02-21,2024-02-24,2024,Q1,February,2,Standard Class,CUST-1012,Amelia Lopez,Consumer,United Kingdom,Europe,England,London,PROD-OFF-105,Office Supplies,Storage,Heavy Duty 4-Drawer File Cabinet,3,130,220,660,0.05,33.0,627.0,390,237.0,37.8,Credit Card,3
ORD-2025-11288,2024-02-21,2024-02-23,2024,Q1,February,2,Standard Class,CUST-1010,Charlotte Martinez,Consumer,United States,North America,Texas,Houston,PROD-TEC-194,Technology,Accessories,Bose QuietComfort Headphones,4,180,279,1116,0.0,0.0,1116.0,720,396.0,35.48,Wire Transfer,5
ORD-2024-12718,2024-02-22,2024-02-24,2024,Q1,February,2,Second Class,CUST-1013,Alexander Gonzalez,Consumer,United Kingdom,Europe,England,London,PROD-FUR-183,Furniture,Chairs,Steelcase Gesture Chair,3,820,1250,3750,0.0,0.0,3750.0,2460,1290.0,34.4,Credit Card,5
ORD-2026-11436,2024-02-22,2024-02-24,2024,Q1,February,2,Standard Class,CUST-1023,Jack Thompson,Corporate,India,Asia Pacific,Karnataka,Bangalore,PROD-FUR-110,Furniture,Bookcases,Glass Display Credenza,4,310,520,2080,0.0,0.0,2080.0,1240,840.0,40.38,Wire Transfer,4
ORD-2025-11993,2024-02-22,2024-02-25,2024,Q1,February,2,Second Class,CUST-1018,Abigail Moore,Home Office,Canada,North America,Ontario,Toronto,PROD-FUR-153,Furniture,Tables,Coffee Break Lounge Table,4,120,210,840,0.0,0.0,840.0,480,360.0,42.86,Credit Card,2
ORD-2024-13138,2024-02-22,2024-02-25,2024,Q1,February,2,Standard Class,CUST-1009,Benjamin Rodriguez,Consumer,India,Asia Pacific,Karnataka,Bangalore,PROD-FUR-166,Furniture,Chairs,Ergonomic Mesh Task Chair,2,160,289,578,0.0,0.0,578.0,320,258.0,44.64,Credit Card,5
ORD-2026-11070,2024-02-22,2024-02-25,2024,Q1,February,2,Second Class,CUST-1017,Matthew Taylor,Corporate,United States,North America,New York,New York,PROD-OFF-193,Office Supplies,Paper,Executive Recycled Notepad Pack,2,12,24,48,0.05,2.4,45.6,24,21.6,47.37,Credit Card,4
ORD-2024-12871,2024-02-23,2024-02-28,2024,Q1,February,2,Same Day,CUST-1006,Isabella Garcia,Consumer,United States,North America,New York,New York,PROD-FUR-141,Furniture,Chairs,Steelcase Gesture Chair,2,820,1250,2500,0.05,125.0,2375.0,1640,735.0,30.95,Credit Card,4
ORD-2026-10542,2024-02-23,2024-02-25,2024,Q1,February,2,Second Class,CUST-1018,Abigail Moore,Consumer,France,Europe,Île-de-France,Paris,PROD-TEC-108,Technology,Phones,Google Pixel 8,2,540,699,1398,0.0,0.0,1398.0,1080,318.0,22.75,Credit Card,5
ORD-2025-12092,2024-02-23,2024-02-25,2024,Q1,February,2,Standard Class,CUST-1003,Noah Williams,Corporate,Canada,North America,British Columbia,Vancouver,PROD-TEC-160,Technology,Laptops,Dell XPS 15,1,1100,1450,1450,0.05,72.5,1377.5,1100,277.5,20.15,PayPal,2
ORD-2026-10815,2024-02-23,2024-02-25,2024,Q1,February,2,First Class,CUST-1013,Alexander Gonzalez,Corporate,Canada,North America,Ontario,Toronto,PROD-OFF-151,Office Supplies,Storage,Locking Security Storage Box,2,65,115,230,0.0,0.0,230.0,130,100.0,43.48,Wire Transfer,5
ORD-2024-10558,2024-02-23,2024-02-25,2024,Q1,February,2,Standard Class,CUST-1003,Noah Williams,Corporate,Canada,North America,Ontario,Toronto,PROD-OFF-159,Office Supplies,Appliances,Commercial Espresso Barista Machine,2,620,950,1900,0.1,190.0,1710.0,1240,470.0,27.49,PayPal,4
ORD-2026-12879,2024-02-24,2024-02-27,2024,Q1,February,2,Standard Class,CUST-1026,Ella Sanchez,Consumer,United States,North America,New York,New York,PROD-FUR-152,Furniture,Chairs,Executive Leather Recliner,5,260,420,2100,0.1,210.0,1890.0,1300,590.0,31.22,Credit Card,5
ORD-2026-13212,2024-02-24,2024-02-28,2024,Q1,February,2,Second Class,CUST-1008,Mia Davis,Corporate,Brazil,Latin America,São Paulo,São Paulo,PROD-FUR-192,Furniture,Bookcases,Glass Display Credenza,2,310,520,1040,0.05,52.0,988.0,620,368.0,37.25,Credit Card,4
ORD-2026-11310,2024-02-24,2024-02-27,2024,Q1,February,2,Same Day,CUST-1004,Sophia Brown,Consumer,Australia,Asia Pacific,New South Wales,Sydney,PROD-TEC-179,Technology,Phones,Samsung Galaxy S24,1,720,950,950,0.0,0.0,950.0,720,230.0,24.21,Direct Debit,1
ORD-2024-10798,2024-02-25,2024-02-27,2024,Q1,February,2,Second Class,CUST-1010,Charlotte Martinez,Corporate,United States,North America,Texas,Houston,PROD-FUR-169,Furniture,Bookcases,Modern 5-Tier Industrial Bookshelf,1,110,195,195,0.05,9.75,185.25,110,75.25,40.62,Direct Debit,4
ORD-2024-13258,2024-02-25,2024-02-27,2024,Q1,February,2,Standard Class,CUST-1012,Amelia Lopez,Corporate,United States,North America,California,Los Angeles,PROD-TEC-118,Technology,Laptops,ThinkPad X1 Carbon,3,1050,1399,4197,0.05,209.85,3987.15,3150,837.15,21.0,Direct Debit,5
ORD-2025-11147,2024-02-25,2024-02-28,2024,Q1,February,2,Second Class,CUST-1027,Samuel Clark,Corporate,Canada,North America,Ontario,Toronto,PROD-OFF-181,Office Supplies,Appliances,Smart Office Air Purifier Pro,1,140,249,249,0.1,24.9,224.1,140,84.1,37.53,Credit Card,5
ORD-2026-11706,2024-02-25,2024-02-28,2024,Q1,February,2,Second Class,CUST-1011,Elijah Hernandez,Consumer,Singapore,Asia Pacific,Central,Singapore,PROD-FUR-136,Furniture,Bookcases,Modern 5-Tier Industrial Bookshelf,3,110,195,585,0.0,0.0,585.0,330,255.0,43.59,Wire Transfer,5
ORD-2025-12389,2024-02-25,2024-02-28,2024,Q1,February,2,Standard Class,CUST-1028,Chloe Ramirez,Consumer,United States,North America,Texas,Houston,PROD-FUR-101,Furniture,Chairs,Herman Miller Aeron Chair,5,750,1195,5975,0.1,597.5,5377.5,3750,1627.5,30.26,PayPal,3
ORD-2026-11769,2024-02-25,2024-02-29,2024,Q1,February,2,Second Class,CUST-1024,Avery White,Consumer,United States,North America,Texas,Houston,PROD-TEC-190,Technology,Phones,Google Pixel 8,1,540,699,699,0.0,0.0,699.0,540,159.0,22.75,PayPal,5
ORD-2026-10353,2024-02-25,2024-02-27,2024,Q1,February,2,Standard Class,CUST-1017,Matthew Taylor,Corporate,Canada,North America,British Columbia,Vancouver,PROD-TEC-158,Technology,Phones,OnePlus 12,4,480,649,2596,0.05,129.8,2466.2,1920,546.2,22.15,Credit Card,5
ORD-2026-11079,2024-02-26,2024-03-02,2024,Q1,February,2,Second Class,CUST-1004,Sophia Brown,Corporate,Australia,Asia Pacific,New South Wales,Sydney,PROD-TEC-168,Technology,Laptops,MacBook Air M3,2,890,1199,2398,0.05,119.9,2278.1,1780,498.1,21.86,PayPal,5
ORD-2025-10376,2024-02-26,2024-02-29,2024,Q1,February,2,Standard Class,CUST-1027,Samuel Clark,Consumer,France,Europe,Île-de-France,Paris,PROD-TEC-114,Technology,Phones,iPhone 15 Pro,2,850,1099,2198,0.0,0.0,2198.0,1700,498.0,22.66,Wire Transfer,4
ORD-2026-12789,2024-02-26,2024-02-29,2024,Q1,February,2,Standard Class,CUST-1022,Elizabeth Perez,Consumer,Germany,Europe,Bavaria,Munich,PROD-OFF-154,Office Supplies,Paper,Executive Recycled Notepad Pack,4,12,24,96,0.1,9.6,86.4,48,38.4,44.44,Credit Card,4
ORD-2026-12138,2024-02-26,2024-03-01,2024,Q1,February,2,Standard Class,CUST-1004,Sophia Brown,Corporate,Germany,Europe,Bavaria,Munich,PROD-FUR-107,Furniture,Chairs,Executive Leather Recliner,2,260,420,840,0.05,42.0,798.0,520,278.0,34.84,Credit Card,4
ORD-2025-10625,2024-02-27,2024-02-28,2024,Q1,February,2,Same Day,CUST-1005,James Jones,Home Office,Canada,North America,Ontario,Toronto,PROD-FUR-120,Furniture,Bookcases,Solid Wood Library Cabinet,3,450,720,2160,0.0,0.0,2160.0,1350,810.0,37.5,Credit Card,5
ORD-2026-12774,2024-02-27,2024-03-02,2024,Q1,February,2,Standard Class,CUST-1023,Jack Thompson,Home Office,United Kingdom,Europe,England,Manchester,PROD-FUR-183,Furniture,Chairs,Ergonomic Mesh Task Chair,3,160,289,867,0.0,0.0,867.0,480,387.0,44.64,Direct Debit,5
ORD-2024-10006,2024-02-27,2024-02-29,2024,Q1,February,2,Standard Class,CUST-1010,Charlotte Martinez,Consumer,Canada,North America,Ontario,Toronto,PROD-OFF-184,Office Supplies,Paper,Premium Multipurpose Laser Paper 5000ct,2,28,48,96,0.1,9.6,86.4,56,30.4,35.19,Wire Transfer,5
ORD-2025-11525,2024-02-28,2024-03-03,2024,Q1,February,2,Standard Class,CUST-1028,Chloe Ramirez,Corporate,United States,North America,Illinois,Chicago,PROD-OFF-171,Office Supplies,Paper,Executive Recycled Notepad Pack,1,12,24,24,0.0,0.0,24.0,12,12.0,50.0,Direct Debit,3
ORD-2024-11398,2024-02-28,2024-03-01,2024,Q1,February,2,Standard Class,CUST-1013,Alexander Gonzalez,Consumer,United Kingdom,Europe,England,Manchester,PROD-FUR-145,Furniture,Chairs,Herman Miller Aeron Chair,6,750,1195,7170,0.15,1075.5,6094.5,4500,1594.5,26.16,Wire Transfer,5
ORD-2026-13086,2024-02-28,2024-03-01,2024,Q1,February,2,Second Class,CUST-1020,Emily Martin,Consumer,United States,North America,Illinois,Chicago,PROD-FUR-123,Furniture,Bookcases,Solid Wood Library Cabinet,2,450,720,1440,0.0,0.0,1440.0,900,540.0,37.5,Wire Transfer,4
ORD-2025-12263,2024-02-28,2024-03-02,2024,Q1,February,2,Second Class,CUST-1022,Elizabeth Perez,Consumer,France,Europe,Île-de-France,Paris,PROD-TEC-156,Technology,Laptops,HP Spectre x360,2,920,1250,2500,0.1,250.0,2250.0,1840,410.0,18.22,Wire Transfer,5
ORD-2024-11755,2024-02-29,2024-03-03,2024,Q1,February,2,Standard Class,CUST-1018,Abigail Moore,Corporate,Germany,Europe,Bavaria,Munich,PROD-TEC-192,Technology,Laptops,HP Spectre x360,3,920,1250,3750,0.0,0.0,3750.0,2760,990.0,26.4,Wire Transfer,5
ORD-2025-12203,2024-02-29,2024-03-04,2024,Q1,February,2,Standard Class,CUST-1011,Elijah Hernandez,Corporate,Canada,North America,British Columbia,Vancouver,PROD-OFF-129,Office Supplies,Paper,Premium Multipurpose Laser Paper 5000ct,1,28,48,48,0.0,0.0,48.0,28,20.0,41.67,PayPal,5
ORD-2025-11759,2024-02-29,2024-03-02,2024,Q1,February,2,Second Class,CUST-1020,Emily Martin,Home Office,United States,North America,California,Los Angeles,PROD-TEC-171,Technology,Accessories,Bose QuietComfort Headphones,1,180,279,279,0.05,13.95,265.05,180,85.05,32.09,Credit Card,5
ORD-2026-12855,2024-02-29,2024-03-04,2024,Q1,February,2,First Class,CUST-1007,Lucas Miller,Corporate,Singapore,Asia Pacific,Central,Singapore,PROD-OFF-125,Office Supplies,Appliances,Smart Office Air Purifier Pro,1,140,249,249,0.0,0.0,249.0,140,109.0,43.78,PayPal,4
ORD-2025-12257,2024-02-29,2024-03-03,2024,Q1,February,2,Standard Class,CUST-1001,Liam Johnson,Consumer,Japan,Asia Pacific,Kanto,Tokyo,PROD-FUR-127,Furniture,Bookcases,Solid Wood Library Cabinet,2,450,720,1440,0.0,0.0,1440.0,900,540.0,37.5,Wire Transfer,1
ORD-2025-13034,2024-02-29,2024-03-02,2024,Q1,February,2,Standard Class,CUST-1000,Emma Watson,Corporate,Brazil,Latin America,São Paulo,São Paulo,PROD-FUR-186,Furniture,Chairs,Executive Leather Recliner,1,260,420,420,0.05,21.0,399.0,260,139.0,34.84,Credit Card,5
ORD-2026-12780,2024-02-29,2024-03-02,2024,Q1,February,2,Standard Class,CUST-1010,Charlotte Martinez,Consumer,United Kingdom,Europe,England,London,PROD-TEC-173,Technology,Accessories,Logitech MX Master 3S,3,55,99,297,0.0,0.0,297.0,165,132.0,44.44,Wire Transfer,4
ORD-2024-11917,2024-02-29,2024-03-04,2024,Q1,February,2,Standard Class,CUST-1022,Elizabeth Perez,Home Office,Japan,Asia Pacific,Kanto,Tokyo,PROD-OFF-143,Office Supplies,Appliances,Smart Office Air Purifier Pro,2,140,249,498,0.0,0.0,498.0,280,218.0,43.78,PayPal,3
ORD-2024-13117,2024-02-29,2024-03-03,2024,Q1,February,2,Standard Class,CUST-1027,Samuel Clark,Home Office,Brazil,Latin America,Rio de Janeiro,Rio de Janeiro,PROD-OFF-173,Office Supplies,Appliances,Heavy Duty Cross-Cut Shredder,1,90,165,165,0.0,0.0,165.0,90,75.0,45.45,Credit Card,4
ORD-2024-13048,2024-03-01,2024-03-03,2024,Q1,March,3,Standard Class,CUST-1017,Matthew Taylor,Consumer,United States,North America,New York,New York,PROD-OFF-184,Office Supplies,Storage,Heavy Duty 4-Drawer File Cabinet,2,130,220,440,0.0,0.0,440.0,260,180.0,40.91,Direct Debit,5
ORD-2024-11536,2024-03-01,2024-03-03,2024,Q1,March,3,First Class,CUST-1007,Lucas Miller,Home Office,Canada,North America,British Columbia,Vancouver,PROD-FUR-152,Furniture,Chairs,Ergonomic Mesh Task Chair,3,160,289,867,0.05,43.35,823.65,480,343.65,41.72,PayPal,5
ORD-2024-12268,2024-03-01,2024-03-03,2024,Q1,March,3,Standard Class,CUST-1014,Harper Wilson,Consumer,France,Europe,Île-de-France,Paris,PROD-TEC-155,Technology,Accessories,Logitech MX Master 3S,1,55,99,99,0.0,0.0,99.0,55,44.0,44.44,PayPal,5
ORD-2025-12278,2024-03-01,2024-03-07,2024,Q1,March,3,Second Class,CUST-1026,Ella Sanchez,Consumer,United States,North America,Illinois,Chicago,PROD-FUR-115,Furniture,Chairs,Ergonomic Mesh Task Chair,1,160,289,289,0.0,0.0,289.0,160,129.0,44.64,PayPal,5
ORD-2024-10933,2024-03-01,2024-03-06,2024,Q1,March,3,First Class,CUST-1025,David Harris,Home Office,France,Europe,Île-de-France,Paris,PROD-TEC-185,Technology,Accessories,Logitech MX Master 3S,3,55,99,297,0.1,29.7,267.3,165,102.3,38.27,Wire Transfer,4
ORD-2025-12830,2024-03-01,2024-03-05,2024,Q1,March,3,Second Class,CUST-1029,Joseph Lewis,Corporate,United Kingdom,Europe,England,London,PROD-FUR-155,Furniture,Chairs,Herman Miller Aeron Chair,4,750,1195,4780,0.1,478.0,4302.0,3000,1302.0,30.26,Credit Card,4
ORD-2026-13413,2024-03-02,2024-03-07,2024,Q1,March,3,Standard Class,CUST-1010,Charlotte Martinez,Corporate,Mexico,Latin America,Jalisco,Guadalajara,PROD-TEC-117,Technology,Laptops,ThinkPad X1 Carbon,1,1050,1399,1399,0.1,139.9,1259.1,1050,209.1,16.61,PayPal,5
ORD-2025-12701,2024-03-02,2024-03-04,2024,Q1,March,3,Standard Class,CUST-1000,Emma Watson,Consumer,France,Europe,Auvergne-Rhône-Alpes,Lyon,PROD-TEC-126,Technology,Laptops,ThinkPad X1 Carbon,2,1050,1399,2798,0.05,139.9,2658.1,2100,558.1,21.0,Credit Card,4
ORD-2024-11779,2024-03-02,2024-03-05,2024,Q1,March,3,Standard Class,CUST-1016,Evelyn Thomas,Corporate,France,Europe,Auvergne-Rhône-Alpes,Lyon,PROD-FUR-182,Furniture,Tables,Modular Team Workstation,1,640,990,990,0.0,0.0,990.0,640,350.0,35.35,Credit Card,5
ORD-2026-10323,2024-03-02,2024-03-04,2024,Q1,March,3,Standard Class,CUST-1026,Ella Sanchez,Corporate,Germany,Europe,Berlin,Berlin,PROD-TEC-145,Technology,Laptops,ThinkPad X1 Carbon,1,1050,1399,1399,0.0,0.0,1399.0,1050,349.0,24.95,PayPal,2
ORD-2026-12813,2024-03-02,2024-03-04,2024,Q1,March,3,Standard Class,CUST-1009,Benjamin Rodriguez,Consumer,United States,North America,California,Los Angeles,PROD-TEC-137,Technology,Accessories,Dell 4K UltraSharp Monitor,1,340,489,489,0.05,24.45,464.55,340,124.55,26.81,Credit Card,5
ORD-2026-11445,2024-03-02,2024-03-05,2024,Q1,March,3,Second Class,CUST-1017,Matthew Taylor,Consumer,India,Asia Pacific,Maharashtra,Mumbai,PROD-TEC-158,Technology,Accessories,Dell 4K UltraSharp Monitor,3,340,489,1467,0.0,0.0,1467.0,1020,447.0,30.47,Credit Card,5
ORD-2025-13352,2024-03-03,2024-03-07,2024,Q1,March,3,Second Class,CUST-1010,Charlotte Martinez,Consumer,United Kingdom,Europe,England,Manchester,PROD-OFF-177,Office Supplies,Appliances,Smart Office Air Purifier Pro,3,140,249,747,0.0,0.0,747.0,420,327.0,43.78,Credit Card,5
ORD-2026-10557,2024-03-03,2024-03-08,2024,Q1,March,3,Standard Class,CUST-1028,Chloe Ramirez,Home Office,United States,North America,California,Los Angeles,PROD-TEC-139,Technology,Laptops,MacBook Air M3,3,890,1199,3597,0.0,0.0,3597.0,2670,927.0,25.77,Credit Card,5
ORD-2024-13240,2024-03-03,2024-03-09,2024,Q1,March,3,Standard Class,CUST-1028,Chloe Ramirez,Corporate,United Kingdom,Europe,England,Manchester,PROD-OFF-176,Office Supplies,Storage,Locking Security Storage Box,2,65,115,230,0.15,34.5,195.5,130,65.5,33.5,Credit Card,5
ORD-2025-10868,2024-03-03,2024-03-05,2024,Q1,March,3,Standard Class,CUST-1024,Avery White,Corporate,France,Europe,Île-de-France,Paris,PROD-OFF-182,Office Supplies,Storage,Rolling Mobile Utility Cart,1,45,85,85,0.05,4.25,80.75,45,35.75,44.27,Credit Card,5
ORD-2026-10692,2024-03-04,2024-03-09,2024,Q1,March,3,Standard Class,CUST-1013,Alexander Gonzalez,Home Office,United States,North America,California,Los Angeles,PROD-OFF-135,Office Supplies,Appliances,Smart Office Air Purifier Pro,1,140,249,249,0.0,0.0,249.0,140,109.0,43.78,Credit Card,5
ORD-2026-12588,2024-03-04,2024-03-09,2024,Q1,March,3,Standard Class,CUST-1024,Avery White,Home Office,United States,North America,Illinois,Chicago,PROD-FUR-160,Furniture,Tables,Coffee Break Lounge Table,2,120,210,420,0.1,42.0,378.0,240,138.0,36.51,Wire Transfer,5
ORD-2024-10276,2024-03-04,2024-03-07,2024,Q1,March,3,Standard Class,CUST-1024,Avery White,Corporate,United States,North America,Texas,Houston,PROD-TEC-196,Technology,Accessories,Bose QuietComfort Headphones,3,180,279,837,0.0,0.0,837.0,540,297.0,35.48,Wire Transfer,4
ORD-2024-11122,2024-03-04,2024-03-07,2024,Q1,March,3,Standard Class,CUST-1009,Benjamin Rodriguez,Corporate,United States,North America,Illinois,Chicago,PROD-TEC-198,Technology,Phones,Samsung Galaxy S24,4,720,950,3800,0.0,0.0,3800.0,2880,920.0,24.21,Wire Transfer,4
ORD-2025-11543,2024-03-05,2024-03-07,2024,Q1,March,3,Standard Class,CUST-1010,Charlotte Martinez,Consumer,United States,North America,Illinois,Chicago,PROD-TEC-175,Technology,Phones,iPhone 15 Pro,3,850,1099,3297,0.0,0.0,3297.0,2550,747.0,22.66,Wire Transfer,5
ORD-2025-12692,2024-03-06,2024-03-10,2024,Q1,March,3,Second Class,CUST-1010,Charlotte Martinez,Corporate,United Kingdom,Europe,England,Manchester,PROD-TEC-130,Technology,Phones,iPhone 15 Pro,2,850,1099,2198,0.0,0.0,2198.0,1700,498.0,22.66,Credit Card,3
ORD-2024-10246,2024-03-06,2024-03-08,2024,Q1,March,3,Standard Class,CUST-1010,Charlotte Martinez,Home Office,Canada,North America,British Columbia,Vancouver,PROD-OFF-125,Office Supplies,Appliances,Smart Office Air Purifier Pro,1,140,249,249,0.05,12.45,236.55,140,96.55,40.82,PayPal,4
ORD-2025-13397,2024-03-06,2024-03-08,2024,Q1,March,3,Standard Class,CUST-1022,Elizabeth Perez,Consumer,Canada,North America,Ontario,Toronto,PROD-OFF-181,Office Supplies,Paper,Heavyweight Cardstock Reams,8,16,32,256,0.15,38.4,217.6,128,89.6,41.18,Direct Debit,5
ORD-2026-11379,2024-03-06,2024-03-08,2024,Q1,March,3,Standard Class,CUST-1001,Liam Johnson,Corporate,France,Europe,Auvergne-Rhône-Alpes,Lyon,PROD-TEC-192,Technology,Laptops,ThinkPad X1 Carbon,1,1050,1399,1399,0.05,69.95,1329.05,1050,279.05,21.0,PayPal,2
ORD-2026-10926,2024-03-06,2024-03-09,2024,Q1,March,3,Second Class,CUST-1023,Jack Thompson,Consumer,Brazil,Latin America,Rio de Janeiro,Rio de Janeiro,PROD-OFF-164,Office Supplies,Storage,Locking Security Storage Box,3,65,115,345,0.0,0.0,345.0,195,150.0,43.48,Credit Card,5
ORD-2024-10378,2024-03-07,2024-03-09,2024,Q1,March,3,Standard Class,CUST-1022,Elizabeth Perez,Home Office,United States,North America,Texas,Houston,PROD-FUR-179,Furniture,Bookcases,Modern 5-Tier Industrial Bookshelf,1,110,195,195,0.0,0.0,195.0,110,85.0,43.59,Direct Debit,5
ORD-2026-10890,2024-03-07,2024-03-10,2024,Q1,March,3,First Class,CUST-1009,Benjamin Rodriguez,Consumer,Singapore,Asia Pacific,Central,Singapore,PROD-FUR-103,Furniture,Tables,Coffee Break Lounge Table,6,120,210,1260,0.1,126.0,1134.0,720,414.0,36.51,Wire Transfer,5
ORD-2025-11432,2024-03-07,2024-03-13,2024,Q1,March,3,Standard Class,CUST-1026,Ella Sanchez,Consumer,France,Europe,Île-de-France,Paris,PROD-TEC-134,Technology,Laptops,HP Spectre x360,8,920,1250,10000,0.1,1000.0,9000.0,7360,1640.0,18.22,Wire Transfer,4
ORD-2024-11698,2024-03-07,2024-03-09,2024,Q1,March,3,Standard Class,CUST-1017,Matthew Taylor,Consumer,United Kingdom,Europe,England,London,PROD-FUR-171,Furniture,Bookcases,Modern 5-Tier Industrial Bookshelf,2,110,195,390,0.0,0.0,390.0,220,170.0,43.59,Wire Transfer,4
ORD-2026-10452,2024-03-08,2024-03-13,2024,Q1,March,3,Second Class,CUST-1012,Amelia Lopez,Consumer,United States,North America,Illinois,Chicago,PROD-FUR-191,Furniture,Bookcases,Solid Wood Library Cabinet,3,450,720,2160,0.1,216.0,1944.0,1350,594.0,30.56,Credit Card,3
ORD-2025-11054,2024-03-08,2024-03-12,2024,Q1,March,3,First Class,CUST-1001,Liam Johnson,Consumer,Australia,Asia Pacific,New South Wales,Sydney,PROD-FUR-148,Furniture,Chairs,Steelcase Gesture Chair,1,820,1250,1250,0.0,0.0,1250.0,820,430.0,34.4,PayPal,5
ORD-2026-10116,2024-03-09,2024-03-11,2024,Q1,March,3,Second Class,CUST-1011,Elijah Hernandez,Consumer,France,Europe,Île-de-France,Paris,PROD-TEC-148,Technology,Laptops,ThinkPad X1 Carbon,2,1050,1399,2798,0.0,0.0,2798.0,2100,698.0,24.95,Credit Card,5
ORD-2026-11076,2024-03-09,2024-03-15,2024,Q1,March,3,Second Class,CUST-1026,Ella Sanchez,Corporate,Mexico,Latin America,Jalisco,Guadalajara,PROD-FUR-142,Furniture,Tables,Coffee Break Lounge Table,3,120,210,630,0.0,0.0,630.0,360,270.0,42.86,Credit Card,5
ORD-2024-10672,2024-03-09,2024-03-11,2024,Q1,March,3,Standard Class,CUST-1023,Jack Thompson,Consumer,United States,North America,California,Los Angeles,PROD-TEC-141,Technology,Laptops,ThinkPad X1 Carbon,2,1050,1399,2798,0.0,0.0,2798.0,2100,698.0,24.95,Direct Debit,4
ORD-2025-10757,2024-03-09,2024-03-12,2024,Q1,March,3,Second Class,CUST-1027,Samuel Clark,Consumer,Canada,North America,Ontario,Toronto,PROD-TEC-130,Technology,Phones,OnePlus 12,1,480,649,649,0.0,0.0,649.0,480,169.0,26.04,Credit Card,4
ORD-2026-10152,2024-03-09,2024-03-11,2024,Q1,March,3,Standard Class,CUST-1019,Henry Jackson,Corporate,Australia,Asia Pacific,New South Wales,Sydney,PROD-FUR-130,Furniture,Tables,Coffee Break Lounge Table,2,120,210,420,0.1,42.0,378.0,240,138.0,36.51,PayPal,5
ORD-2026-11220,2024-03-09,2024-03-12,2024,Q1,March,3,First Class,CUST-1005,James Jones,Home Office,Singapore,Asia Pacific,Central,Singapore,PROD-TEC-107,Technology,Phones,OnePlus 12,2,480,649,1298,0.05,64.9,1233.1,960,273.1,22.15,Wire Transfer,5
ORD-2025-13265,2024-03-09,2024-03-14,2024,Q1,March,3,Standard Class,CUST-1018,Abigail Moore,Corporate,United Kingdom,Europe,England,London,PROD-OFF-109,Office Supplies,Storage,Locking Security Storage Box,1,65,115,115,0.05,5.75,109.25,65,44.25,40.5,Credit Card,4
ORD-2024-13156,2024-03-09,2024-03-12,2024,Q1,March,3,Standard Class,CUST-1002,Olivia Smith,Consumer,Canada,North America,British Columbia,Vancouver,PROD-TEC-149,Technology,Laptops,ThinkPad X1 Carbon,3,1050,1399,4197,0.05,209.85,3987.15,3150,837.15,21.0,Credit Card,5
ORD-2026-11232,2024-03-10,2024-03-13,2024,Q1,March,3,Second Class,CUST-1002,Olivia Smith,Consumer,United States,North America,New York,New York,PROD-FUR-146,Furniture,Bookcases,Modern 5-Tier Industrial Bookshelf,3,110,195,585,0.1,58.5,526.5,330,196.5,37.32,Wire Transfer,5
ORD-2024-11215,2024-03-10,2024-03-14,2024,Q1,March,3,Standard Class,CUST-1018,Abigail Moore,Consumer,Germany,Europe,Berlin,Berlin,PROD-TEC-175,Technology,Accessories,Dell 4K UltraSharp Monitor,1,340,489,489,0.05,24.45,464.55,340,124.55,26.81,Wire Transfer,4
ORD-2025-11627,2024-03-10,2024-03-13,2024,Q1,March,3,Second Class,CUST-1020,Emily Martin,Home Office,United Kingdom,Europe,England,London,PROD-TEC-168,Technology,Phones,Google Pixel 8,2,540,699,1398,0.0,0.0,1398.0,1080,318.0,22.75,Credit Card,5
ORD-2026-12990,2024-03-10,2024-03-12,2024,Q1,March,3,Second Class,CUST-1029,Joseph Lewis,Home Office,United States,North America,California,Los Angeles,PROD-FUR-119,Furniture,Bookcases,Glass Display Credenza,4,310,520,2080,0.0,0.0,2080.0,1240,840.0,40.38,Wire Transfer,3
ORD-2026-12009,2024-03-10,2024-03-11,2024,Q1,March,3,First Class,CUST-1012,Amelia Lopez,Consumer,Australia,Asia Pacific,Victoria,Melbourne,PROD-FUR-146,Furniture,Chairs,Herman Miller Aeron Chair,1,750,1195,1195,0.05,59.75,1135.25,750,385.25,33.94,Wire Transfer,5
ORD-2024-12511,2024-03-10,2024-03-14,2024,Q1,March,3,First Class,CUST-1011,Elijah Hernandez,Consumer,Germany,Europe,Bavaria,Munich,PROD-OFF-197,Office Supplies,Appliances,Commercial Espresso Barista Machine,1,620,950,950,0.1,95.0,855.0,620,235.0,27.49,PayPal,2
ORD-2024-10984,2024-03-10,2024-03-12,2024,Q1,March,3,Standard Class,CUST-1005,James Jones,Home Office,United States,North America,Illinois,Chicago,PROD-OFF-153,Office Supplies,Paper,Premium Multipurpose Laser Paper 5000ct,2,28,48,96,0.0,0.0,96.0,56,40.0,41.67,Credit Card,5
ORD-2024-10333,2024-03-11,2024-03-13,2024,Q1,March,3,Standard Class,CUST-1020,Emily Martin,Consumer,France,Europe,Auvergne-Rhône-Alpes,Lyon,PROD-FUR-103,Furniture,Chairs,Steelcase Gesture Chair,1,820,1250,1250,0.1,125.0,1125.0,820,305.0,27.11,Credit Card,1
ORD-2026-12201,2024-03-11,2024-03-16,2024,Q1,March,3,Standard Class,CUST-1027,Samuel Clark,Corporate,France,Europe,Île-de-France,Paris,PROD-TEC-138,Technology,Phones,OnePlus 12,1,480,649,649,0.1,64.9,584.1,480,104.1,17.82,Credit Card,5
ORD-2025-12755,2024-03-11,2024-03-12,2024,Q1,March,3,Second Class,CUST-1018,Abigail Moore,Consumer,United States,North America,California,Los Angeles,PROD-OFF-138,Office Supplies,Storage,Heavy Duty 4-Drawer File Cabinet,5,130,220,1100,0.2,220.0,880.0,650,230.0,26.14,PayPal,4
ORD-2024-13057,2024-03-11,2024-03-15,2024,Q1,March,3,Standard Class,CUST-1027,Samuel Clark,Home Office,Canada,North America,Ontario,Toronto,PROD-FUR-192,Furniture,Tables,Modular Team Workstation,2,640,990,1980,0.05,99.0,1881.0,1280,601.0,31.95,Wire Transfer,3
ORD-2024-12883,2024-03-12,2024-03-16,2024,Q1,March,3,Standard Class,CUST-1015,Daniel Anderson,Consumer,United States,North America,Texas,Houston,PROD-OFF-197,Office Supplies,Storage,Rolling Mobile Utility Cart,2,45,85,170,0.0,0.0,170.0,90,80.0,47.06,Direct Debit,5
ORD-2025-10607,2024-03-12,2024-03-16,2024,Q1,March,3,Standard Class,CUST-1013,Alexander Gonzalez,Corporate,Australia,Asia Pacific,New South Wales,Sydney,PROD-TEC-126,Technology,Phones,Samsung Galaxy S24,2,720,950,1900,0.05,95.0,1805.0,1440,365.0,20.22,Credit Card,4
ORD-2024-11485,2024-03-12,2024-03-15,2024,Q1,March,3,Second Class,CUST-1010,Charlotte Martinez,Consumer,Canada,North America,British Columbia,Vancouver,PROD-OFF-105,Office Supplies,Paper,Premium Multipurpose Laser Paper 5000ct,1,28,48,48,0.05,2.4,45.6,28,17.6,38.6,Credit Card,5
ORD-2024-10546,2024-03-12,2024-03-14,2024,Q1,March,3,Standard Class,CUST-1003,Noah Williams,Home Office,Australia,Asia Pacific,Victoria,Melbourne,PROD-OFF-165,Office Supplies,Storage,Locking Security Storage Box,6,65,115,690,0.1,69.0,621.0,390,231.0,37.2,Wire Transfer,5
ORD-2026-11559,2024-03-12,2024-03-15,2024,Q1,March,3,First Class,CUST-1003,Noah Williams,Corporate,United Kingdom,Europe,England,London,PROD-OFF-179,Office Supplies,Paper,Executive Recycled Notepad Pack,3,12,24,72,0.0,0.0,72.0,36,36.0,50.0,Wire Transfer,5
ORD-2025-13247,2024-03-13,2024-03-16,2024,Q1,March,3,Second Class,CUST-1003,Noah Williams,Consumer,United States,North America,Illinois,Chicago,PROD-TEC-169,Technology,Accessories,Dell 4K UltraSharp Monitor,4,340,489,1956,0.0,0.0,1956.0,1360,596.0,30.47,Credit Card,3
ORD-2026-12318,2024-03-14,2024-03-16,2024,Q1,March,3,Second Class,CUST-1002,Olivia Smith,Consumer,Brazil,Latin America,São Paulo,São Paulo,PROD-FUR-171,Furniture,Chairs,Herman Miller Aeron Chair,3,750,1195,3585,0.05,179.25,3405.75,2250,1155.75,33.94,Credit Card,4
ORD-2026-12921,2024-03-14,2024-03-18,2024,Q1,March,3,Second Class,CUST-1008,Mia Davis,Home Office,Canada,North America,Ontario,Toronto,PROD-TEC-106,Technology,Phones,iPhone 15 Pro,5,850,1099,5495,0.1,549.5,4945.5,4250,695.5,14.06,Credit Card,5
ORD-2024-13150,2024-03-14,2024-03-19,2024,Q1,March,3,Second Class,CUST-1023,Jack Thompson,Consumer,Canada,North America,British Columbia,Vancouver,PROD-FUR-101,Furniture,Chairs,Steelcase Gesture Chair,1,820,1250,1250,0.05,62.5,1187.5,820,367.5,30.95,Direct Debit,4
ORD-2026-12570,2024-03-15,2024-03-20,2024,Q1,March,3,Standard Class,CUST-1026,Ella Sanchez,Consumer,Australia,Asia Pacific,New South Wales,Sydney,PROD-FUR-176,Furniture,Tables,Smart Motorized Standing Desk,3,320,560,1680,0.0,0.0,1680.0,960,720.0,42.86,Wire Transfer,5
ORD-2024-11254,2024-03-15,2024-03-19,2024,Q1,March,3,Standard Class,CUST-1000,Emma Watson,Corporate,United States,North America,New York,New York,PROD-FUR-106,Furniture,Tables,Solid Oak Conference Table,1,980,1480,1480,0.1,148.0,1332.0,980,352.0,26.43,Credit Card,5
ORD-2024-11143,2024-03-15,2024-03-20,2024,Q1,March,3,Standard Class,CUST-1017,Matthew Taylor,Consumer,France,Europe,Auvergne-Rhône-Alpes,Lyon,PROD-OFF-168,Office Supplies,Storage,Heavy Duty 4-Drawer File Cabinet,2,130,220,440,0.0,0.0,440.0,260,180.0,40.91,Direct Debit,5
ORD-2025-12137,2024-03-15,2024-03-18,2024,Q1,March,3,Standard Class,CUST-1029,Joseph Lewis,Consumer,United Kingdom,Europe,England,Manchester,PROD-TEC-104,Technology,Laptops,Dell XPS 15,2,1100,1450,2900,0.0,0.0,2900.0,2200,700.0,24.14,Direct Debit,5
ORD-2024-13087,2024-03-16,2024-03-18,2024,Q1,March,3,Standard Class,CUST-1017,Matthew Taylor,Corporate,France,Europe,Auvergne-Rhône-Alpes,Lyon,PROD-OFF-171,Office Supplies,Storage,Locking Security Storage Box,5,65,115,575,0.15,86.25,488.75,325,163.75,33.5,Wire Transfer,5
ORD-2025-10121,2024-03-16,2024-03-19,2024,Q1,March,3,Second Class,CUST-1011,Elijah Hernandez,Consumer,India,Asia Pacific,Karnataka,Bangalore,PROD-FUR-156,Furniture,Chairs,Ergonomic Mesh Task Chair,2,160,289,578,0.1,57.8,520.2,320,200.2,38.49,PayPal,5
ORD-2024-11836,2024-03-16,2024-03-19,2024,Q1,March,3,Standard Class,CUST-1001,Liam Johnson,Consumer,United States,North America,Illinois,Chicago,PROD-FUR-119,Furniture,Bookcases,Glass Display Credenza,5,310,520,2600,0.1,260.0,2340.0,1550,790.0,33.76,Wire Transfer,4
ORD-2024-11968,2024-03-17,2024-03-19,2024,Q1,March,3,Standard Class,CUST-1014,Harper Wilson,Home Office,United States,North America,Texas,Houston,PROD-FUR-156,Furniture,Bookcases,Modern 5-Tier Industrial Bookshelf,2,110,195,390,0.05,19.5,370.5,220,150.5,40.62,Credit Card,5
ORD-2025-12878,2024-03-17,2024-03-22,2024,Q1,March,3,Standard Class,CUST-1026,Ella Sanchez,Home Office,Canada,North America,Ontario,Toronto,PROD-OFF-153,Office Supplies,Storage,Locking Security Storage Box,2,65,115,230,0.0,0.0,230.0,130,100.0,43.48,Direct Debit,5
ORD-2026-11628,2024-03-17,2024-03-19,2024,Q1,March,3,Second Class,CUST-1009,Benjamin Rodriguez,Consumer,Canada,North America,British Columbia,Vancouver,PROD-TEC-128,Technology,Laptops,ThinkPad X1 Carbon,1,1050,1399,1399,0.05,69.95,1329.05,1050,279.05,21.0,Wire Transfer,1
ORD-2025-10166,2024-03-17,2024-03-20,2024,Q1,March,3,Standard Class,CUST-1017,Matthew Taylor,Corporate,United States,North America,Illinois,Chicago,PROD-TEC-197,Technology,Phones,Samsung Galaxy S24,4,720,950,3800,0.1,380.0,3420.0,2880,540.0,15.79,Direct Debit,5
ORD-2026-12951,2024-03-17,2024-03-20,2024,Q1,March,3,Standard Class,CUST-1026,Ella Sanchez,Consumer,United States,North America,Texas,Houston,PROD-FUR-136,Furniture,Bookcases,Modern 5-Tier Industrial Bookshelf,5,110,195,975,0.15,146.25,828.75,550,278.75,33.63,Credit Card,4
ORD-2025-12215,2024-03-18,2024-03-19,2024,Q1,March,3,Second Class,CUST-1012,Amelia Lopez,Corporate,United States,North America,Illinois,Chicago,PROD-TEC-149,Technology,Accessories,Dell 4K UltraSharp Monitor,8,340,489,3912,0.2,782.4,3129.6,2720,409.6,13.09,Credit Card,5
ORD-2024-12703,2024-03-18,2024-03-21,2024,Q1,March,3,Standard Class,CUST-1005,James Jones,Home Office,United States,North America,California,Los Angeles,PROD-OFF-145,Office Supplies,Appliances,Commercial Espresso Barista Machine,1,620,950,950,0.0,0.0,950.0,620,330.0,34.74,PayPal,5
ORD-2024-13081,2024-03-18,2024-03-22,2024,Q1,March,3,Second Class,CUST-1020,Emily Martin,Corporate,Canada,North America,British Columbia,Vancouver,PROD-OFF-158,Office Supplies,Paper,Heavyweight Cardstock Reams,3,16,32,96,0.0,0.0,96.0,48,48.0,50.0,Credit Card,4
ORD-2025-12602,2024-03-18,2024-03-22,2024,Q1,March,3,Standard Class,CUST-1008,Mia Davis,Consumer,France,Europe,Auvergne-Rhône-Alpes,Lyon,PROD-OFF-160,Office Supplies,Storage,Rolling Mobile Utility Cart,4,45,85,340,0.0,0.0,340.0,180,160.0,47.06,Credit Card,4
ORD-2026-12159,2024-03-19,2024-03-21,2024,Q1,March,3,First Class,CUST-1013,Alexander Gonzalez,Consumer,United Kingdom,Europe,England,London,PROD-OFF-189,Office Supplies,Paper,Executive Recycled Notepad Pack,1,12,24,24,0.0,0.0,24.0,12,12.0,50.0,Direct Debit,5
ORD-2026-12603,2024-03-19,2024-03-20,2024,Q1,March,3,Standard Class,CUST-1004,Sophia Brown,Consumer,Brazil,Latin America,Rio de Janeiro,Rio de Janeiro,PROD-FUR-188,Furniture,Bookcases,Glass Display Credenza,4,310,520,2080,0.0,0.0,2080.0,1240,840.0,40.38,Credit Card,5
ORD-2024-12955,2024-03-20,2024-03-23,2024,Q1,March,3,Standard Class,CUST-1025,David Harris,Consumer,Canada,North America,Ontario,Toronto,PROD-OFF-189,Office Supplies,Paper,Premium Multipurpose Laser Paper 5000ct,1,28,48,48,0.0,0.0,48.0,28,20.0,41.67,Direct Debit,5
ORD-2026-10680,2024-03-20,2024-03-24,2024,Q1,March,3,Standard Class,CUST-1010,Charlotte Martinez,Corporate,United States,North America,Texas,Houston,PROD-TEC-125,Technology,Laptops,HP Spectre x360,1,920,1250,1250,0.0,0.0,1250.0,920,330.0,26.4,Credit Card,4
ORD-2026-10635,2024-03-20,2024-03-22,2024,Q1,March,3,Standard Class,CUST-1021,Sebastian Lee,Corporate,Canada,North America,British Columbia,Vancouver,PROD-TEC-119,Technology,Laptops,ThinkPad X1 Carbon,5,1050,1399,6995,0.1,699.5,6295.5,5250,1045.5,16.61,Credit Card,5
ORD-2024-10684,2024-03-21,2024-03-25,2024,Q1,March,3,Standard Class,CUST-1022,Elizabeth Perez,Consumer,Canada,North America,British Columbia,Vancouver,PROD-FUR-165,Furniture,Bookcases,Modern 5-Tier Industrial Bookshelf,2,110,195,390,0.05,19.5,370.5,220,150.5,40.62,Wire Transfer,2
ORD-2024-10849,2024-03-21,2024-03-24,2024,Q1,March,3,Standard Class,CUST-1011,Elijah Hernandez,Consumer,India,Asia Pacific,Karnataka,Bangalore,PROD-TEC-158,Technology,Laptops,ThinkPad X1 Carbon,3,1050,1399,4197,0.0,0.0,4197.0,3150,1047.0,24.95,Wire Transfer,5
ORD-2024-12061,2024-03-21,2024-03-23,2024,Q1,March,3,Standard Class,CUST-1002,Olivia Smith,Corporate,Canada,North America,Ontario,Toronto,PROD-FUR-144,Furniture,Tables,Smart Motorized Standing Desk,5,320,560,2800,0.15,420.0,2380.0,1600,780.0,32.77,Credit Card,5
ORD-2026-10779,2024-03-21,2024-03-26,2024,Q1,March,3,Same Day,CUST-1007,Lucas Miller,Corporate,Mexico,Latin America,Jalisco,Guadalajara,PROD-FUR-178,Furniture,Chairs,Herman Miller Aeron Chair,2,750,1195,2390,0.05,119.5,2270.5,1500,770.5,33.94,Credit Card,5
ORD-2024-10345,2024-03-22,2024-03-25,2024,Q1,March,3,Second Class,CUST-1011,Elijah Hernandez,Corporate,Mexico,Latin America,Jalisco,Guadalajara,PROD-OFF-179,Office Supplies,Appliances,Commercial Espresso Barista Machine,1,620,950,950,0.0,0.0,950.0,620,330.0,34.74,Credit Card,5
ORD-2024-11071,2024-03-22,2024-03-24,2024,Q1,March,3,Standard Class,CUST-1015,Daniel Anderson,Consumer,Canada,North America,British Columbia,Vancouver,PROD-FUR-186,Furniture,Chairs,Steelcase Gesture Chair,1,820,1250,1250,0.0,0.0,1250.0,820,430.0,34.4,Credit Card,4
ORD-2025-12608,2024-03-22,2024-03-24,2024,Q1,March,3,Second Class,CUST-1017,Matthew Taylor,Consumer,United States,North America,Texas,Houston,PROD-FUR-165,Furniture,Tables,Coffee Break Lounge Table,5,120,210,1050,0.1,105.0,945.0,600,345.0,36.51,Direct Debit,4
ORD-2024-10327,2024-03-22,2024-03-24,2024,Q1,March,3,Standard Class,CUST-1003,Noah Williams,Consumer,India,Asia Pacific,Karnataka,Bangalore,PROD-TEC-114,Technology,Laptops,MacBook Air M3,1,890,1199,1199,0.0,0.0,1199.0,890,309.0,25.77,Wire Transfer,3
ORD-2024-12163,2024-03-23,2024-03-25,2024,Q1,March,3,Standard Class,CUST-1005,James Jones,Consumer,Germany,Europe,Berlin,Berlin,PROD-TEC-155,Technology,Phones,Samsung Galaxy S24,2,720,950,1900,0.1,190.0,1710.0,1440,270.0,15.79,Credit Card,3
ORD-2026-12474,2024-03-23,2024-03-27,2024,Q1,March,3,Standard Class,CUST-1000,Emma Watson,Consumer,United States,North America,Texas,Houston,PROD-TEC-146,Technology,Accessories,Bose QuietComfort Headphones,5,180,279,1395,0.2,279.0,1116.0,900,216.0,19.35,Wire Transfer,5
ORD-2025-12443,2024-03-23,2024-03-26,2024,Q1,March,3,Second Class,CUST-1018,Abigail Moore,Consumer,United States,North America,California,Los Angeles,PROD-TEC-193,Technology,Laptops,HP Spectre x360,1,920,1250,1250,0.0,0.0,1250.0,920,330.0,26.4,Wire Transfer,3
ORD-2024-10978,2024-03-24,2024-03-27,2024,Q1,March,3,Standard Class,CUST-1028,Chloe Ramirez,Home Office,Mexico,Latin America,Federal District,Mexico City,PROD-TEC-199,Technology,Laptops,Dell XPS 15,1,1100,1450,1450,0.0,0.0,1450.0,1100,350.0,24.14,PayPal,5
ORD-2024-10693,2024-03-24,2024-03-26,2024,Q1,March,3,Second Class,CUST-1027,Samuel Clark,Consumer,United States,North America,Illinois,Chicago,PROD-TEC-155,Technology,Phones,iPhone 15 Pro,2,850,1099,2198,0.05,109.9,2088.1,1700,388.1,18.59,Credit Card,5
ORD-2026-11001,2024-03-24,2024-03-28,2024,Q1,March,3,First Class,CUST-1016,Evelyn Thomas,Corporate,France,Europe,Île-de-France,Paris,PROD-TEC-195,Technology,Accessories,Bose QuietComfort Headphones,1,180,279,279,0.1,27.9,251.1,180,71.1,28.32,Credit Card,5
ORD-2026-12279,2024-03-24,2024-03-28,2024,Q1,March,3,Second Class,CUST-1004,Sophia Brown,Home Office,Australia,Asia Pacific,New South Wales,Sydney,PROD-OFF-129,Office Supplies,Appliances,Heavy Duty Cross-Cut Shredder,1,90,165,165,0.0,0.0,165.0,90,75.0,45.45,Credit Card,3
ORD-2024-10723,2024-03-25,2024-03-27,2024,Q1,March,3,First Class,CUST-1007,Lucas Miller,Corporate,Australia,Asia Pacific,New South Wales,Sydney,PROD-FUR-108,Furniture,Chairs,Executive Leather Recliner,1,260,420,420,0.05,21.0,399.0,260,139.0,34.84,Wire Transfer,5
ORD-2026-11985,2024-03-25,2024-03-26,2024,Q1,March,3,Standard Class,CUST-1007,Lucas Miller,Home Office,United States,North America,New York,New York,PROD-FUR-149,Furniture,Tables,Modular Team Workstation,3,640,990,2970,0.05,148.5,2821.5,1920,901.5,31.95,PayPal,5
ORD-2026-12189,2024-03-25,2024-03-28,2024,Q1,March,3,Standard Class,CUST-1011,Elijah Hernandez,Home Office,Mexico,Latin America,Federal District,Mexico City,PROD-OFF-180,Office Supplies,Appliances,Commercial Espresso Barista Machine,2,620,950,1900,0.0,0.0,1900.0,1240,660.0,34.74,Credit Card,4
ORD-2025-10901,2024-03-25,2024-03-30,2024,Q1,March,3,Same Day,CUST-1005,James Jones,Consumer,Brazil,Latin America,Rio de Janeiro,Rio de Janeiro,PROD-TEC-103,Technology,Accessories,Bose QuietComfort Headphones,1,180,279,279,0.05,13.95,265.05,180,85.05,32.09,Wire Transfer,4
ORD-2024-10039,2024-03-26,2024-03-29,2024,Q1,March,3,Standard Class,CUST-1014,Harper Wilson,Consumer,United States,North America,Illinois,Chicago,PROD-TEC-198,Technology,Laptops,ThinkPad X1 Carbon,5,1050,1399,6995,0.1,699.5,6295.5,5250,1045.5,16.61,Direct Debit,5
ORD-2025-10943,2024-03-26,2024-03-30,2024,Q1,March,3,First Class,CUST-1007,Lucas Miller,Consumer,Canada,North America,British Columbia,Vancouver,PROD-TEC-185,Technology,Accessories,Logitech MX Master 3S,6,55,99,594,0.15,89.1,504.9,330,174.9,34.64,Credit Card,5
ORD-2024-10306,2024-03-26,2024-03-28,2024,Q1,March,3,First Class,CUST-1013,Alexander Gonzalez,Consumer,Canada,North America,British Columbia,Vancouver,PROD-OFF-116,Office Supplies,Appliances,Heavy Duty Cross-Cut Shredder,2,90,165,330,0.0,0.0,330.0,180,150.0,45.45,Credit Card,4
ORD-2026-11595,2024-03-27,2024-03-29,2024,Q1,March,3,Standard Class,CUST-1000,Emma Watson,Consumer,Australia,Asia Pacific,Victoria,Melbourne,PROD-TEC-152,Technology,Accessories,Anker USB-C Docking Hub,1,45,79,79,0.05,3.95,75.05,45,30.05,40.04,PayPal,5
ORD-2025-10802,2024-03-27,2024-03-28,2024,Q1,March,3,Standard Class,CUST-1022,Elizabeth Perez,Corporate,United States,North America,New York,New York,PROD-FUR-120,Furniture,Bookcases,Glass Display Credenza,1,310,520,520,0.05,26.0,494.0,310,184.0,37.25,Credit Card,3
ORD-2025-11600,2024-03-28,2024-03-31,2024,Q1,March,3,Standard Class,CUST-1020,Emily Martin,Home Office,Germany,Europe,Bavaria,Munich,PROD-FUR-174,Furniture,Bookcases,Solid Wood Library Cabinet,2,450,720,1440,0.0,0.0,1440.0,900,540.0,37.5,PayPal,4
ORD-2024-12091,2024-03-28,2024-04-01,2024,Q1,March,3,Standard Class,CUST-1011,Elijah Hernandez,Corporate,France,Europe,Auvergne-Rhône-Alpes,Lyon,PROD-TEC-190,Technology,Accessories,Anker USB-C Docking Hub,5,45,79,395,0.15,59.25,335.75,225,110.75,32.99,Wire Transfer,3
ORD-2026-10179,2024-03-28,2024-03-30,2024,Q1,March,3,Same Day,CUST-1004,Sophia Brown,Consumer,United States,North America,California,Los Angeles,PROD-FUR-113,Furniture,Tables,Coffee Break Lounge Table,2,120,210,420,0.05,21.0,399.0,240,159.0,39.85,Credit Card,5
ORD-2025-10289,2024-03-28,2024-03-30,2024,Q1,March,3,Second Class,CUST-1028,Chloe Ramirez,Corporate,Canada,North America,British Columbia,Vancouver,PROD-OFF-124,Office Supplies,Storage,Heavy Duty 4-Drawer File Cabinet,1,130,220,220,0.1,22.0,198.0,130,68.0,34.34,Credit Card,5
ORD-2026-12147,2024-03-28,2024-04-03,2024,Q1,March,3,Standard Class,CUST-1008,Mia Davis,Corporate,United Kingdom,Europe,England,London,PROD-OFF-101,Office Supplies,Storage,Rolling Mobile Utility Cart,3,45,85,255,0.1,25.5,229.5,135,94.5,41.18,Wire Transfer,5
ORD-2024-12427,2024-03-28,2024-03-31,2024,Q1,March,3,Same Day,CUST-1010,Charlotte Martinez,Consumer,Canada,North America,British Columbia,Vancouver,PROD-TEC-194,Technology,Laptops,ThinkPad X1 Carbon,4,1050,1399,5596,0.0,0.0,5596.0,4200,1396.0,24.95,Credit Card,2
ORD-2026-12426,2024-03-28,2024-03-31,2024,Q1,March,3,Standard Class,CUST-1005,James Jones,Consumer,Germany,Europe,Bavaria,Munich,PROD-TEC-166,Technology,Phones,OnePlus 12,1,480,649,649,0.05,32.45,616.55,480,136.55,22.15,Credit Card,4
ORD-2024-10084,2024-03-28,2024-03-29,2024,Q1,March,3,Standard Class,CUST-1023,Jack Thompson,Consumer,United States,North America,New York,New York,PROD-FUR-143,Furniture,Bookcases,Glass Display Credenza,3,310,520,1560,0.0,0.0,1560.0,930,630.0,40.38,PayPal,2
ORD-2026-10824,2024-03-29,2024-03-31,2024,Q1,March,3,Second Class,CUST-1000,Emma Watson,Corporate,Australia,Asia Pacific,New South Wales,Sydney,PROD-FUR-193,Furniture,Tables,Smart Motorized Standing Desk,6,320,560,3360,0.1,336.0,3024.0,1920,1104.0,36.51,Wire Transfer,2
ORD-2024-11554,2024-03-29,2024-04-03,2024,Q1,March,3,Standard Class,CUST-1027,Samuel Clark,Consumer,United States,North America,New York,New York,PROD-OFF-163,Office Supplies,Storage,Rolling Mobile Utility Cart,3,45,85,255,0.0,0.0,255.0,135,120.0,47.06,Credit Card,5
ORD-2024-11725,2024-03-29,2024-04-02,2024,Q1,March,3,Standard Class,CUST-1028,Chloe Ramirez,Consumer,India,Asia Pacific,Karnataka,Bangalore,PROD-FUR-139,Furniture,Chairs,Ergonomic Mesh Task Chair,5,160,289,1445,0.15,216.75,1228.25,800,428.25,34.87,Credit Card,1
ORD-2026-10143,2024-03-29,2024-04-01,2024,Q1,March,3,Standard Class,CUST-1004,Sophia Brown,Consumer,Brazil,Latin America,São Paulo,São Paulo,PROD-TEC-197,Technology,Phones,OnePlus 12,1,480,649,649,0.0,0.0,649.0,480,169.0,26.04,Wire Transfer,4
ORD-2026-12639,2024-03-30,2024-04-01,2024,Q1,March,3,Standard Class,CUST-1015,Daniel Anderson,Consumer,United States,North America,Illinois,Chicago,PROD-TEC-117,Technology,Phones,Samsung Galaxy S24,4,720,950,3800,0.05,190.0,3610.0,2880,730.0,20.22,Wire Transfer,3
ORD-2025-10655,2024-03-30,2024-04-03,2024,Q1,March,3,Standard Class,CUST-1023,Jack Thompson,Corporate,Canada,North America,British Columbia,Vancouver,PROD-OFF-158,Office Supplies,Storage,Locking Security Storage Box,5,65,115,575,0.1,57.5,517.5,325,192.5,37.2,Wire Transfer,5
ORD-2025-11531,2024-03-30,2024-04-01,2024,Q1,March,3,Standard Class,CUST-1026,Ella Sanchez,Consumer,United States,North America,New York,New York,PROD-TEC-108,Technology,Accessories,Anker USB-C Docking Hub,1,45,79,79,0.0,0.0,79.0,45,34.0,43.04,Credit Card,5
ORD-2025-10964,2024-03-30,2024-04-03,2024,Q1,March,3,Standard Class,CUST-1000,Emma Watson,Corporate,Canada,North America,Ontario,Toronto,PROD-TEC-181,Technology,Accessories,Anker USB-C Docking Hub,5,45,79,395,0.15,59.25,335.75,225,110.75,32.99,Credit Card,5
ORD-2025-10379,2024-03-30,2024-04-02,2024,Q1,March,3,Second Class,CUST-1029,Joseph Lewis,Corporate,India,Asia Pacific,Maharashtra,Mumbai,PROD-FUR-168,Furniture,Tables,Modular Team Workstation,3,640,990,2970,0.05,148.5,2821.5,1920,901.5,31.95,Direct Debit,4
ORD-2026-12114,2024-03-30,2024-04-05,2024,Q1,March,3,Standard Class,CUST-1018,Abigail Moore,Home Office,India,Asia Pacific,Karnataka,Bangalore,PROD-FUR-145,Furniture,Chairs,Herman Miller Aeron Chair,3,750,1195,3585,0.1,358.5,3226.5,2250,976.5,30.26,Credit Card,4
ORD-2026-12315,2024-03-31,2024-04-03,2024,Q1,March,3,Second Class,CUST-1009,Benjamin Rodriguez,Corporate,Australia,Asia Pacific,New South Wales,Sydney,PROD-OFF-168,Office Supplies,Paper,Executive Recycled Notepad Pack,1,12,24,24,0.05,1.2,22.8,12,10.8,47.37,PayPal,4
ORD-2024-12790,2024-03-31,2024-04-02,2024,Q1,March,3,Second Class,CUST-1025,David Harris,Corporate,France,Europe,Auvergne-Rhône-Alpes,Lyon,PROD-OFF-151,Office Supplies,Storage,Locking Security Storage Box,1,65,115,115,0.15,17.25,97.75,65,32.75,33.5,Credit Card,5
ORD-2026-13341,2024-03-31,2024-04-01,2024,Q1,March,3,Same Day,CUST-1013,Alexander Gonzalez,Home Office,France,Europe,Île-de-France,Paris,PROD-FUR-191,Furniture,Bookcases,Modern 5-Tier Industrial Bookshelf,2,110,195,390,0.05,19.5,370.5,220,150.5,40.62,PayPal,5
ORD-2024-10606,2024-04-01,2024-04-03,2024,Q2,April,4,Standard Class,CUST-1025,David Harris,Consumer,Canada,North America,British Columbia,Vancouver,PROD-TEC-190,Technology,Accessories,Anker USB-C Docking Hub,2,45,79,158,0.1,15.8,142.2,90,52.2,36.71,PayPal,5
ORD-2026-13095,2024-04-01,2024-04-04,2024,Q2,April,4,Standard Class,CUST-1000,Emma Watson,Corporate,United States,North America,New York,New York,PROD-TEC-178,Technology,Phones,OnePlus 12,3,480,649,1947,0.0,0.0,1947.0,1440,507.0,26.04,Credit Card,5
ORD-2024-10426,2024-04-01,2024-04-04,2024,Q2,April,4,Second Class,CUST-1009,Benjamin Rodriguez,Consumer,India,Asia Pacific,Maharashtra,Mumbai,PROD-FUR-182,Furniture,Chairs,Ergonomic Mesh Task Chair,1,160,289,289,0.0,0.0,289.0,160,129.0,44.64,Credit Card,5
ORD-2026-12411,2024-04-01,2024-04-04,2024,Q2,April,4,Same Day,CUST-1018,Abigail Moore,Consumer,Canada,North America,British Columbia,Vancouver,PROD-TEC-132,Technology,Accessories,Logitech MX Master 3S,4,55,99,396,0.0,0.0,396.0,220,176.0,44.44,Credit Card,5
ORD-2024-10687,2024-04-01,2024-04-02,2024,Q2,April,4,Second Class,CUST-1014,Harper Wilson,Consumer,Germany,Europe,Berlin,Berlin,PROD-OFF-118,Office Supplies,Paper,Executive Recycled Notepad Pack,6,12,24,144,0.2,28.8,115.2,72,43.2,37.5,Wire Transfer,5
ORD-2024-11221,2024-04-01,2024-04-04,2024,Q2,April,4,First Class,CUST-1021,Sebastian Lee,Corporate,Canada,North America,British Columbia,Vancouver,PROD-FUR-131,Furniture,Chairs,Herman Miller Aeron Chair,2,750,1195,2390,0.1,239.0,2151.0,1500,651.0,30.26,Wire Transfer,5
ORD-2024-13375,2024-04-01,2024-04-04,2024,Q2,April,4,Standard Class,CUST-1014,Harper Wilson,Consumer,Canada,North America,British Columbia,Vancouver,PROD-TEC-170,Technology,Laptops,HP Spectre x360,5,920,1250,6250,0.1,625.0,5625.0,4600,1025.0,18.22,Wire Transfer,5
ORD-2024-11500,2024-04-01,2024-04-05,2024,Q2,April,4,Standard Class,CUST-1000,Emma Watson,Consumer,Mexico,Latin America,Jalisco,Guadalajara,PROD-OFF-197,Office Supplies,Storage,Heavy Duty 4-Drawer File Cabinet,3,130,220,660,0.05,33.0,627.0,390,237.0,37.8,Wire Transfer,5
ORD-2024-10507,2024-04-02,2024-04-06,2024,Q2,April,4,First Class,CUST-1019,Henry Jackson,Consumer,United Kingdom,Europe,England,London,PROD-TEC-187,Technology,Laptops,HP Spectre x360,1,920,1250,1250,0.05,62.5,1187.5,920,267.5,22.53,Credit Card,5
ORD-2024-11665,2024-04-02,2024-04-05,2024,Q2,April,4,Standard Class,CUST-1009,Benjamin Rodriguez,Corporate,Australia,Asia Pacific,Victoria,Melbourne,PROD-OFF-154,Office Supplies,Appliances,Smart Office Air Purifier Pro,3,140,249,747,0.05,37.35,709.65,420,289.65,40.82,Credit Card,5
ORD-2024-10066,2024-04-02,2024-04-05,2024,Q2,April,4,Standard Class,CUST-1020,Emily Martin,Corporate,United States,North America,California,Los Angeles,PROD-FUR-142,Furniture,Chairs,Herman Miller Aeron Chair,4,750,1195,4780,0.0,0.0,4780.0,3000,1780.0,37.24,Credit Card,5
ORD-2026-11184,2024-04-02,2024-04-05,2024,Q2,April,4,Standard Class,CUST-1015,Daniel Anderson,Consumer,India,Asia Pacific,Maharashtra,Mumbai,PROD-TEC-199,Technology,Accessories,Bose QuietComfort Headphones,2,180,279,558,0.0,0.0,558.0,360,198.0,35.48,Credit Card,5
ORD-2025-12314,2024-04-03,2024-04-05,2024,Q2,April,4,Standard Class,CUST-1009,Benjamin Rodriguez,Home Office,Australia,Asia Pacific,Victoria,Melbourne,PROD-TEC-116,Technology,Laptops,Dell XPS 15,1,1100,1450,1450,0.0,0.0,1450.0,1100,350.0,24.14,Credit Card,4
ORD-2026-10170,2024-04-03,2024-04-04,2024,Q2,April,4,Standard Class,CUST-1011,Elijah Hernandez,Corporate,United States,North America,New York,New York,PROD-TEC-114,Technology,Laptops,HP Spectre x360,1,920,1250,1250,0.0,0.0,1250.0,920,330.0,26.4,Credit Card,4
ORD-2024-10855,2024-04-03,2024-04-08,2024,Q2,April,4,Standard Class,CUST-1019,Henry Jackson,Home Office,France,Europe,Île-de-France,Paris,PROD-FUR-159,Furniture,Chairs,Ergonomic Mesh Task Chair,2,160,289,578,0.1,57.8,520.2,320,200.2,38.49,Credit Card,2
ORD-2025-10505,2024-04-04,2024-04-06,2024,Q2,April,4,Standard Class,CUST-1024,Avery White,Home Office,United States,North America,California,Los Angeles,PROD-TEC-183,Technology,Laptops,ThinkPad X1 Carbon,4,1050,1399,5596,0.05,279.8,5316.2,4200,1116.2,21.0,Credit Card,5
ORD-2025-12746,2024-04-04,2024-04-06,2024,Q2,April,4,Standard Class,CUST-1029,Joseph Lewis,Corporate,France,Europe,Auvergne-Rhône-Alpes,Lyon,PROD-FUR-141,Furniture,Tables,Solid Oak Conference Table,3,980,1480,4440,0.05,222.0,4218.0,2940,1278.0,30.3,PayPal,5
ORD-2024-10351,2024-04-04,2024-04-07,2024,Q2,April,4,Standard Class,CUST-1006,Isabella Garcia,Corporate,India,Asia Pacific,Maharashtra,Mumbai,PROD-TEC-177,Technology,Accessories,Logitech MX Master 3S,3,55,99,297,0.0,0.0,297.0,165,132.0,44.44,PayPal,5
ORD-2026-12897,2024-04-04,2024-04-06,2024,Q2,April,4,Second Class,CUST-1015,Daniel Anderson,Corporate,United Kingdom,Europe,England,Manchester,PROD-TEC-130,Technology,Accessories,Anker USB-C Docking Hub,3,45,79,237,0.1,23.7,213.3,135,78.3,36.71,Credit Card,4
ORD-2024-10711,2024-04-04,2024-04-06,2024,Q2,April,4,Standard Class,CUST-1009,Benjamin Rodriguez,Consumer,India,Asia Pacific,Maharashtra,Mumbai,PROD-FUR-133,Furniture,Tables,Solid Oak Conference Table,1,980,1480,1480,0.05,74.0,1406.0,980,426.0,30.3,PayPal,5
ORD-2025-10211,2024-04-05,2024-04-06,2024,Q2,April,4,Standard Class,CUST-1027,Samuel Clark,Corporate,Australia,Asia Pacific,Victoria,Melbourne,PROD-FUR-175,Furniture,Bookcases,Modern 5-Tier Industrial Bookshelf,1,110,195,195,0.0,0.0,195.0,110,85.0,43.59,PayPal,5
ORD-2024-11314,2024-04-05,2024-04-08,2024,Q2,April,4,First Class,CUST-1013,Alexander Gonzalez,Consumer,Canada,North America,British Columbia,Vancouver,PROD-OFF-192,Office Supplies,Storage,Rolling Mobile Utility Cart,4,45,85,340,0.0,0.0,340.0,180,160.0,47.06,PayPal,5
ORD-2024-11557,2024-04-05,2024-04-10,2024,Q2,April,4,Standard Class,CUST-1006,Isabella Garcia,Corporate,United States,North America,Illinois,Chicago,PROD-OFF-196,Office Supplies,Paper,Premium Multipurpose Laser Paper 5000ct,1,28,48,48,0.0,0.0,48.0,28,20.0,41.67,Wire Transfer,3
ORD-2025-12254,2024-04-05,2024-04-09,2024,Q2,April,4,First Class,CUST-1018,Abigail Moore,Corporate,United Kingdom,Europe,England,Manchester,PROD-FUR-194,Furniture,Tables,Smart Motorized Standing Desk,1,320,560,560,0.05,28.0,532.0,320,212.0,39.85,Credit Card,5
ORD-2024-10123,2024-04-05,2024-04-08,2024,Q2,April,4,Standard Class,CUST-1018,Abigail Moore,Consumer,France,Europe,Auvergne-Rhône-Alpes,Lyon,PROD-OFF-106,Office Supplies,Paper,Executive Recycled Notepad Pack,4,12,24,96,0.0,0.0,96.0,48,48.0,50.0,Credit Card,4
ORD-2024-12367,2024-04-05,2024-04-07,2024,Q2,April,4,First Class,CUST-1005,James Jones,Consumer,United States,North America,New York,New York,PROD-TEC-188,Technology,Accessories,Bose QuietComfort Headphones,3,180,279,837,0.0,0.0,837.0,540,297.0,35.48,Credit Card,4
ORD-2026-10392,2024-04-05,2024-04-09,2024,Q2,April,4,First Class,CUST-1014,Harper Wilson,Consumer,Canada,North America,British Columbia,Vancouver,PROD-FUR-130,Furniture,Tables,Coffee Break Lounge Table,6,120,210,1260,0.1,126.0,1134.0,720,414.0,36.51,PayPal,5
ORD-2024-12877,2024-04-05,2024-04-06,2024,Q2,April,4,Standard Class,CUST-1008,Mia Davis,Consumer,Canada,North America,Ontario,Toronto,PROD-TEC-154,Technology,Laptops,ThinkPad X1 Carbon,2,1050,1399,2798,0.0,0.0,2798.0,2100,698.0,24.95,Wire Transfer,5
ORD-2025-12272,2024-04-06,2024-04-11,2024,Q2,April,4,Standard Class,CUST-1011,Elijah Hernandez,Corporate,Canada,North America,British Columbia,Vancouver,PROD-OFF-178,Office Supplies,Appliances,Smart Office Air Purifier Pro,3,140,249,747,0.05,37.35,709.65,420,289.65,40.82,Credit Card,5
ORD-2026-13254,2024-04-06,2024-04-10,2024,Q2,April,4,Second Class,CUST-1001,Liam Johnson,Corporate,Australia,Asia Pacific,New South Wales,Sydney,PROD-TEC-181,Technology,Laptops,ThinkPad X1 Carbon,4,1050,1399,5596,0.0,0.0,5596.0,4200,1396.0,24.95,Credit Card,5
ORD-2026-11979,2024-04-06,2024-04-09,2024,Q2,April,4,Standard Class,CUST-1017,Matthew Taylor,Corporate,France,Europe,Île-de-France,Paris,PROD-TEC-165,Technology,Laptops,MacBook Air M3,2,890,1199,2398,0.05,119.9,2278.1,1780,498.1,21.86,Credit Card,3
ORD-2024-11932,2024-04-06,2024-04-11,2024,Q2,April,4,Standard Class,CUST-1026,Ella Sanchez,Consumer,Australia,Asia Pacific,New South Wales,Sydney,PROD-FUR-194,Furniture,Tables,Coffee Break Lounge Table,5,120,210,1050,0.1,105.0,945.0,600,345.0,36.51,Wire Transfer,3
ORD-2024-12730,2024-04-07,2024-04-09,2024,Q2,April,4,Standard Class,CUST-1000,Emma Watson,Consumer,Japan,Asia Pacific,Kanto,Tokyo,PROD-OFF-106,Office Supplies,Paper,Heavyweight Cardstock Reams,1,16,32,32,0.05,1.6,30.4,16,14.4,47.37,Direct Debit,5
ORD-2024-13285,2024-04-08,2024-04-11,2024,Q2,April,4,Standard Class,CUST-1007,Lucas Miller,Corporate,Germany,Europe,Bavaria,Munich,PROD-TEC-124,Technology,Laptops,HP Spectre x360,3,920,1250,3750,0.1,375.0,3375.0,2760,615.0,18.22,Wire Transfer,5
ORD-2026-13386,2024-04-09,2024-04-12,2024,Q2,April,4,Standard Class,CUST-1006,Isabella Garcia,Consumer,United States,North America,Illinois,Chicago,PROD-OFF-197,Office Supplies,Appliances,Smart Office Air Purifier Pro,4,140,249,996,0.1,99.6,896.4,560,336.4,37.53,Credit Card,5
ORD-2026-12885,2024-04-10,2024-04-13,2024,Q2,April,4,Standard Class,CUST-1004,Sophia Brown,Consumer,Mexico,Latin America,Jalisco,Guadalajara,PROD-TEC-197,Technology,Phones,iPhone 15 Pro,2,850,1099,2198,0.0,0.0,2198.0,1700,498.0,22.66,Credit Card,4
ORD-2026-11322,2024-04-10,2024-04-13,2024,Q2,April,4,First Class,CUST-1004,Sophia Brown,Corporate,Singapore,Asia Pacific,Central,Singapore,PROD-TEC-134,Technology,Accessories,Anker USB-C Docking Hub,1,45,79,79,0.05,3.95,75.05,45,30.05,40.04,PayPal,3
ORD-2026-11514,2024-04-10,2024-04-12,2024,Q2,April,4,Second Class,CUST-1024,Avery White,Corporate,Germany,Europe,Berlin,Berlin,PROD-TEC-182,Technology,Phones,OnePlus 12,1,480,649,649,0.05,32.45,616.55,480,136.55,22.15,Wire Transfer,5
ORD-2026-10077,2024-04-11,2024-04-17,2024,Q2,April,4,Standard Class,CUST-1028,Chloe Ramirez,Home Office,United States,North America,Texas,Houston,PROD-TEC-112,Technology,Phones,OnePlus 12,3,480,649,1947,0.05,97.35,1849.65,1440,409.65,22.15,Wire Transfer,5
ORD-2024-13000,2024-04-11,2024-04-14,2024,Q2,April,4,First Class,CUST-1004,Sophia Brown,Consumer,France,Europe,Auvergne-Rhône-Alpes,Lyon,PROD-FUR-125,Furniture,Bookcases,Solid Wood Library Cabinet,2,450,720,1440,0.0,0.0,1440.0,900,540.0,37.5,Direct Debit,5
ORD-2026-11664,2024-04-11,2024-04-15,2024,Q2,April,4,Standard Class,CUST-1022,Elizabeth Perez,Consumer,Canada,North America,Ontario,Toronto,PROD-TEC-148,Technology,Accessories,Logitech MX Master 3S,1,55,99,99,0.05,4.95,94.05,55,39.05,41.52,Direct Debit,4
ORD-2025-10637,2024-04-11,2024-04-15,2024,Q2,April,4,Standard Class,CUST-1024,Avery White,Consumer,Canada,North America,British Columbia,Vancouver,PROD-FUR-177,Furniture,Bookcases,Glass Display Credenza,5,310,520,2600,0.1,260.0,2340.0,1550,790.0,33.76,Wire Transfer,5
ORD-2024-10894,2024-04-12,2024-04-13,2024,Q2,April,4,First Class,CUST-1002,Olivia Smith,Consumer,United States,North America,Texas,Houston,PROD-FUR-118,Furniture,Tables,Coffee Break Lounge Table,5,120,210,1050,0.2,210.0,840.0,600,240.0,28.57,Credit Card,5
ORD-2026-10869,2024-04-12,2024-04-15,2024,Q2,April,4,Standard Class,CUST-1015,Daniel Anderson,Consumer,United States,North America,Texas,Houston,PROD-OFF-157,Office Supplies,Storage,Locking Security Storage Box,4,65,115,460,0.0,0.0,460.0,260,200.0,43.48,PayPal,4
ORD-2025-10049,2024-04-12,2024-04-16,2024,Q2,April,4,Standard Class,CUST-1011,Elijah Hernandez,Consumer,Canada,North America,Ontario,Toronto,PROD-TEC-171,Technology,Phones,iPhone 15 Pro,1,850,1099,1099,0.1,109.9,989.1,850,139.1,14.06,Wire Transfer,4
ORD-2024-11341,2024-04-12,2024-04-14,2024,Q2,April,4,First Class,CUST-1026,Ella Sanchez,Home Office,Canada,North America,Ontario,Toronto,PROD-FUR-191,Furniture,Bookcases,Modern 5-Tier Industrial Bookshelf,1,110,195,195,0.1,19.5,175.5,110,65.5,37.32,Wire Transfer,3
ORD-2025-10844,2024-04-13,2024-04-15,2024,Q2,April,4,Same Day,CUST-1002,Olivia Smith,Consumer,Germany,Europe,Berlin,Berlin,PROD-FUR-196,Furniture,Chairs,Ergonomic Mesh Task Chair,1,160,289,289,0.05,14.45,274.55,160,114.55,41.72,PayPal,3
ORD-2024-11443,2024-04-13,2024-04-17,2024,Q2,April,4,Second Class,CUST-1001,Liam Johnson,Consumer,United States,North America,California,Los Angeles,PROD-TEC-127,Technology,Accessories,Anker USB-C Docking Hub,2,45,79,158,0.1,15.8,142.2,90,52.2,36.71,Direct Debit,4
ORD-2024-11713,2024-04-13,2024-04-15,2024,Q2,April,4,Second Class,CUST-1020,Emily Martin,Consumer,United Kingdom,Europe,England,London,PROD-TEC-161,Technology,Laptops,Dell XPS 15,1,1100,1450,1450,0.0,0.0,1450.0,1100,350.0,24.14,Wire Transfer,4
ORD-2024-10003,2024-04-14,2024-04-15,2024,Q2,April,4,Standard Class,CUST-1027,Samuel Clark,Consumer,United States,North America,New York,New York,PROD-FUR-149,Furniture,Bookcases,Modern 5-Tier Industrial Bookshelf,1,110,195,195,0.0,0.0,195.0,110,85.0,43.59,Wire Transfer,3
ORD-2025-11885,2024-04-14,2024-04-19,2024,Q2,April,4,Second Class,CUST-1012,Amelia Lopez,Consumer,France,Europe,Auvergne-Rhône-Alpes,Lyon,PROD-TEC-137,Technology,Laptops,ThinkPad X1 Carbon,1,1050,1399,1399,0.0,0.0,1399.0,1050,349.0,24.95,Wire Transfer,5
ORD-2024-11599,2024-04-14,2024-04-17,2024,Q2,April,4,Standard Class,CUST-1028,Chloe Ramirez,Corporate,Canada,North America,Ontario,Toronto,PROD-OFF-184,Office Supplies,Appliances,Commercial Espresso Barista Machine,8,620,950,7600,0.1,760.0,6840.0,4960,1880.0,27.49,Wire Transfer,3
ORD-2025-12854,2024-04-14,2024-04-17,2024,Q2,April,4,Second Class,CUST-1021,Sebastian Lee,Home Office,India,Asia Pacific,Karnataka,Bangalore,PROD-TEC-136,Technology,Laptops,HP Spectre x360,2,920,1250,2500,0.0,0.0,2500.0,1840,660.0,26.4,Credit Card,5
ORD-2024-11230,2024-04-14,2024-04-16,2024,Q2,April,4,Standard Class,CUST-1029,Joseph Lewis,Consumer,Singapore,Asia Pacific,Central,Singapore,PROD-FUR-117,Furniture,Bookcases,Glass Display Credenza,1,310,520,520,0.1,52.0,468.0,310,158.0,33.76,Direct Debit,4
ORD-2026-13269,2024-04-14,2024-04-18,2024,Q2,April,4,Same Day,CUST-1025,David Harris,Corporate,United States,North America,California,Los Angeles,PROD-TEC-166,Technology,Laptops,Dell XPS 15,4,1100,1450,5800,0.0,0.0,5800.0,4400,1400.0,24.14,Wire Transfer,5
ORD-2024-10522,2024-04-14,2024-04-18,2024,Q2,April,4,Standard Class,CUST-1003,Noah Williams,Consumer,United States,North America,California,Los Angeles,PROD-OFF-138,Office Supplies,Storage,Locking Security Storage Box,3,65,115,345,0.05,17.25,327.75,195,132.75,40.5,Wire Transfer,3
ORD-2024-12433,2024-04-14,2024-04-19,2024,Q2,April,4,Standard Class,CUST-1008,Mia Davis,Corporate,Germany,Europe,Berlin,Berlin,PROD-TEC-172,Technology,Phones,iPhone 15 Pro,3,850,1099,3297,0.1,329.7,2967.3,2550,417.3,14.06,Credit Card,5
ORD-2026-10050,2024-04-15,2024-04-19,2024,Q2,April,4,Standard Class,CUST-1015,Daniel Anderson,Consumer,United States,North America,New York,New York,PROD-TEC-109,Technology,Laptops,MacBook Air M3,2,890,1199,2398,0.0,0.0,2398.0,1780,618.0,25.77,Wire Transfer,5
ORD-2024-10114,2024-04-15,2024-04-16,2024,Q2,April,4,Second Class,CUST-1009,Benjamin Rodriguez,Consumer,Australia,Asia Pacific,New South Wales,Sydney,PROD-FUR-106,Furniture,Tables,Coffee Break Lounge Table,3,120,210,630,0.1,63.0,567.0,360,207.0,36.51,Wire Transfer,5
ORD-2026-10668,2024-04-15,2024-04-18,2024,Q2,April,4,First Class,CUST-1004,Sophia Brown,Consumer,United States,North America,California,Los Angeles,PROD-FUR-184,Furniture,Chairs,Steelcase Gesture Chair,1,820,1250,1250,0.1,125.0,1125.0,820,305.0,27.11,Wire Transfer,4
ORD-2024-12148,2024-04-15,2024-04-17,2024,Q2,April,4,Standard Class,CUST-1014,Harper Wilson,Corporate,Japan,Asia Pacific,Kanto,Tokyo,PROD-FUR-137,Furniture,Tables,Smart Motorized Standing Desk,1,320,560,560,0.05,28.0,532.0,320,212.0,39.85,Wire Transfer,5
ORD-2026-12441,2024-04-15,2024-04-19,2024,Q2,April,4,Standard Class,CUST-1029,Joseph Lewis,Corporate,United States,North America,Texas,Houston,PROD-FUR-122,Furniture,Bookcases,Glass Display Credenza,4,310,520,2080,0.05,104.0,1976.0,1240,736.0,37.25,Wire Transfer,5
ORD-2025-13115,2024-04-15,2024-04-16,2024,Q2,April,4,First Class,CUST-1024,Avery White,Home Office,France,Europe,Île-de-France,Paris,PROD-FUR-156,Furniture,Bookcases,Solid Wood Library Cabinet,6,450,720,4320,0.1,432.0,3888.0,2700,1188.0,30.56,Credit Card,3
ORD-2025-10820,2024-04-16,2024-04-17,2024,Q2,April,4,Standard Class,CUST-1028,Chloe Ramirez,Corporate,Australia,Asia Pacific,New South Wales,Sydney,PROD-OFF-154,Office Supplies,Storage,Heavy Duty 4-Drawer File Cabinet,4,130,220,880,0.0,0.0,880.0,520,360.0,40.91,Credit Card,4
ORD-2024-10258,2024-04-17,2024-04-20,2024,Q2,April,4,Second Class,CUST-1009,Benjamin Rodriguez,Consumer,United States,North America,California,Los Angeles,PROD-FUR-146,Furniture,Tables,Solid Oak Conference Table,3,980,1480,4440,0.0,0.0,4440.0,2940,1500.0,33.78,Credit Card,5
ORD-2026-12678,2024-04-17,2024-04-18,2024,Q2,April,4,Standard Class,CUST-1013,Alexander Gonzalez,Consumer,Germany,Europe,Bavaria,Munich,PROD-FUR-110,Furniture,Tables,Coffee Break Lounge Table,3,120,210,630,0.1,63.0,567.0,360,207.0,36.51,PayPal,4
ORD-2024-10585,2024-04-17,2024-04-20,2024,Q2,April,4,Second Class,CUST-1013,Alexander Gonzalez,Consumer,Canada,North America,Ontario,Toronto,PROD-TEC-182,Technology,Phones,iPhone 15 Pro,3,850,1099,3297,0.05,164.85,3132.15,2550,582.15,18.59,Credit Card,4
ORD-2025-10829,2024-04-17,2024-04-20,2024,Q2,April,4,First Class,CUST-1000,Emma Watson,Consumer,Germany,Europe,Berlin,Berlin,PROD-FUR-146,Furniture,Chairs,Ergonomic Mesh Task Chair,2,160,289,578,0.0,0.0,578.0,320,258.0,44.64,Credit Card,5
ORD-2025-13214,2024-04-18,2024-04-19,2024,Q2,April,4,Standard Class,CUST-1003,Noah Williams,Home Office,India,Asia Pacific,Maharashtra,Mumbai,PROD-OFF-148,Office Supplies,Paper,Premium Multipurpose Laser Paper 5000ct,1,28,48,48,0.0,0.0,48.0,28,20.0,41.67,Direct Debit,5
ORD-2026-11550,2024-04-18,2024-04-21,2024,Q2,April,4,Standard Class,CUST-1025,David Harris,Corporate,United Kingdom,Europe,England,Manchester,PROD-OFF-123,Office Supplies,Paper,Heavyweight Cardstock Reams,3,16,32,96,0.0,0.0,96.0,48,48.0,50.0,PayPal,3
ORD-2026-13260,2024-04-18,2024-04-22,2024,Q2,April,4,Standard Class,CUST-1018,Abigail Moore,Consumer,Canada,North America,Ontario,Toronto,PROD-FUR-142,Furniture,Tables,Modular Team Workstation,3,640,990,2970,0.0,0.0,2970.0,1920,1050.0,35.35,Wire Transfer,2
ORD-2026-11415,2024-04-18,2024-04-21,2024,Q2,April,4,Standard Class,CUST-1027,Samuel Clark,Consumer,United States,North America,Texas,Houston,PROD-OFF-101,Office Supplies,Storage,Heavy Duty 4-Drawer File Cabinet,1,130,220,220,0.05,11.0,209.0,130,79.0,37.8,PayPal,4
ORD-2025-12995,2024-04-20,2024-04-23,2024,Q2,April,4,Second Class,CUST-1018,Abigail Moore,Consumer,United States,North America,California,Los Angeles,PROD-TEC-117,Technology,Accessories,Logitech MX Master 3S,1,55,99,99,0.0,0.0,99.0,55,44.0,44.44,PayPal,5
ORD-2026-11154,2024-04-20,2024-04-25,2024,Q2,April,4,First Class,CUST-1023,Jack Thompson,Corporate,United Kingdom,Europe,England,Manchester,PROD-OFF-121,Office Supplies,Storage,Heavy Duty 4-Drawer File Cabinet,3,130,220,660,0.1,66.0,594.0,390,204.0,34.34,PayPal,4
ORD-2024-11095,2024-04-21,2024-04-24,2024,Q2,April,4,Second Class,CUST-1013,Alexander Gonzalez,Consumer,India,Asia Pacific,Karnataka,Bangalore,PROD-TEC-113,Technology,Laptops,ThinkPad X1 Carbon,2,1050,1399,2798,0.05,139.9,2658.1,2100,558.1,21.0,PayPal,5
ORD-2026-11493,2024-04-21,2024-04-25,2024,Q2,April,4,Standard Class,CUST-1018,Abigail Moore,Consumer,United States,North America,California,Los Angeles,PROD-TEC-127,Technology,Laptops,ThinkPad X1 Carbon,2,1050,1399,2798,0.0,0.0,2798.0,2100,698.0,24.95,Credit Card,4
ORD-2024-12430,2024-04-22,2024-04-24,2024,Q2,April,4,Second Class,CUST-1006,Isabella Garcia,Corporate,Mexico,Latin America,Jalisco,Guadalajara,PROD-OFF-175,Office Supplies,Appliances,Commercial Espresso Barista Machine,1,620,950,950,0.1,95.0,855.0,620,235.0,27.49,Credit Card,5
ORD-2025-12098,2024-04-23,2024-04-24,2024,Q2,April,4,Standard Class,CUST-1022,Elizabeth Perez,Corporate,United States,North America,California,Los Angeles,PROD-FUR-146,Furniture,Chairs,Executive Leather Recliner,4,260,420,1680,0.0,0.0,1680.0,1040,640.0,38.1,Credit Card,5
ORD-2025-11831,2024-04-23,2024-04-26,2024,Q2,April,4,Standard Class,CUST-1015,Daniel Anderson,Consumer,Canada,North America,British Columbia,Vancouver,PROD-FUR-144,Furniture,Tables,Modular Team Workstation,6,640,990,5940,0.1,594.0,5346.0,3840,1506.0,28.17,PayPal,1
ORD-2024-10678,2024-04-23,2024-04-25,2024,Q2,April,4,First Class,CUST-1001,Liam Johnson,Corporate,United States,North America,California,Los Angeles,PROD-TEC-171,Technology,Laptops,HP Spectre x360,3,920,1250,3750,0.0,0.0,3750.0,2760,990.0,26.4,Wire Transfer,5
ORD-2025-11465,2024-04-23,2024-04-26,2024,Q2,April,4,Standard Class,CUST-1002,Olivia Smith,Consumer,United States,North America,Illinois,Chicago,PROD-TEC-119,Technology,Laptops,MacBook Air M3,4,890,1199,4796,0.05,239.8,4556.2,3560,996.2,21.86,Credit Card,4
ORD-2026-11469,2024-04-24,2024-04-26,2024,Q2,April,4,Standard Class,CUST-1003,Noah Williams,Corporate,Canada,North America,Ontario,Toronto,PROD-FUR-156,Furniture,Chairs,Ergonomic Mesh Task Chair,2,160,289,578,0.05,28.9,549.1,320,229.1,41.72,PayPal,5
ORD-2026-12924,2024-04-24,2024-04-26,2024,Q2,April,4,First Class,CUST-1025,David Harris,Corporate,Canada,North America,British Columbia,Vancouver,PROD-FUR-148,Furniture,Chairs,Herman Miller Aeron Chair,3,750,1195,3585,0.05,179.25,3405.75,2250,1155.75,33.94,Credit Card,5
ORD-2025-12074,2024-04-24,2024-04-29,2024,Q2,April,4,Second Class,CUST-1020,Emily Martin,Home Office,United States,North America,Texas,Houston,PROD-TEC-198,Technology,Accessories,Dell 4K UltraSharp Monitor,2,340,489,978,0.1,97.8,880.2,680,200.2,22.74,Credit Card,5
ORD-2025-13361,2024-04-24,2024-04-26,2024,Q2,April,4,Standard Class,CUST-1006,Isabella Garcia,Consumer,Brazil,Latin America,São Paulo,São Paulo,PROD-TEC-152,Technology,Laptops,MacBook Air M3,1,890,1199,1199,0.05,59.95,1139.05,890,249.05,21.86,Credit Card,2
ORD-2026-10842,2024-04-24,2024-04-26,2024,Q2,April,4,Standard Class,CUST-1023,Jack Thompson,Consumer,Canada,North America,Ontario,Toronto,PROD-TEC-182,Technology,Accessories,Bose QuietComfort Headphones,2,180,279,558,0.1,55.8,502.2,360,142.2,28.32,Credit Card,5
ORD-2025-10448,2024-04-25,2024-04-28,2024,Q2,April,4,First Class,CUST-1004,Sophia Brown,Corporate,United States,North America,New York,New York,PROD-FUR-146,Furniture,Chairs,Executive Leather Recliner,1,260,420,420,0.0,0.0,420.0,260,160.0,38.1,Wire Transfer,4
ORD-2025-10643,2024-04-25,2024-04-27,2024,Q2,April,4,Second Class,CUST-1026,Ella Sanchez,Corporate,Japan,Asia Pacific,Kanto,Tokyo,PROD-TEC-134,Technology,Laptops,ThinkPad X1 Carbon,1,1050,1399,1399,0.1,139.9,1259.1,1050,209.1,16.61,Wire Transfer,5
ORD-2026-12576,2024-04-25,2024-04-27,2024,Q2,April,4,Second Class,CUST-1000,Emma Watson,Consumer,France,Europe,Auvergne-Rhône-Alpes,Lyon,PROD-TEC-170,Technology,Laptops,MacBook Air M3,1,890,1199,1199,0.05,59.95,1139.05,890,249.05,21.86,PayPal,5
ORD-2026-10482,2024-04-26,2024-04-28,2024,Q2,April,4,Standard Class,CUST-1025,David Harris,Home Office,France,Europe,Île-de-France,Paris,PROD-OFF-105,Office Supplies,Paper,Executive Recycled Notepad Pack,1,12,24,24,0.0,0.0,24.0,12,12.0,50.0,Credit Card,4
ORD-2025-10187,2024-04-26,2024-04-28,2024,Q2,April,4,Standard Class,CUST-1011,Elijah Hernandez,Corporate,Singapore,Asia Pacific,Central,Singapore,PROD-FUR-114,Furniture,Chairs,Executive Leather Recliner,4,260,420,1680,0.05,84.0,1596.0,1040,556.0,34.84,Credit Card,3
ORD-2024-12913,2024-04-26,2024-04-30,2024,Q2,April,4,Standard Class,CUST-1001,Liam Johnson,Consumer,United Kingdom,Europe,England,London,PROD-OFF-163,Office Supplies,Storage,Heavy Duty 4-Drawer File Cabinet,3,130,220,660,0.05,33.0,627.0,390,237.0,37.8,Credit Card,5
ORD-2025-10439,2024-04-26,2024-04-29,2024,Q2,April,4,Second Class,CUST-1024,Avery White,Corporate,Brazil,Latin America,Rio de Janeiro,Rio de Janeiro,PROD-OFF-146,Office Supplies,Storage,Rolling Mobile Utility Cart,5,45,85,425,0.15,63.75,361.25,225,136.25,37.72,Credit Card,5
ORD-2025-12476,2024-04-26,2024-04-29,2024,Q2,April,4,First Class,CUST-1000,Emma Watson,Corporate,United States,North America,New York,New York,PROD-FUR-184,Furniture,Chairs,Executive Leather Recliner,3,260,420,1260,0.0,0.0,1260.0,780,480.0,38.1,Credit Card,3
ORD-2024-10183,2024-04-26,2024-04-28,2024,Q2,April,4,First Class,CUST-1019,Henry Jackson,Consumer,Germany,Europe,Berlin,Berlin,PROD-OFF-187,Office Supplies,Appliances,Commercial Espresso Barista Machine,1,620,950,950,0.0,0.0,950.0,620,330.0,34.74,Credit Card,5
ORD-2026-13230,2024-04-27,2024-04-29,2024,Q2,April,4,Second Class,CUST-1003,Noah Williams,Consumer,Germany,Europe,Bavaria,Munich,PROD-FUR-145,Furniture,Chairs,Ergonomic Mesh Task Chair,3,160,289,867,0.0,0.0,867.0,480,387.0,44.64,Wire Transfer,3
ORD-2026-12777,2024-04-27,2024-04-30,2024,Q2,April,4,Standard Class,CUST-1014,Harper Wilson,Consumer,Mexico,Latin America,Federal District,Mexico City,PROD-OFF-180,Office Supplies,Storage,Heavy Duty 4-Drawer File Cabinet,1,130,220,220,0.0,0.0,220.0,130,90.0,40.91,Wire Transfer,5
ORD-2025-12155,2024-04-27,2024-04-30,2024,Q2,April,4,First Class,CUST-1024,Avery White,Home Office,Australia,Asia Pacific,Victoria,Melbourne,PROD-TEC-139,Technology,Phones,OnePlus 12,3,480,649,1947,0.0,0.0,1947.0,1440,507.0,26.04,Credit Card,5
ORD-2025-11198,2024-04-27,2024-04-29,2024,Q2,April,4,Standard Class,CUST-1004,Sophia Brown,Corporate,United States,North America,California,Los Angeles,PROD-TEC-153,Technology,Accessories,Anker USB-C Docking Hub,2,45,79,158,0.05,7.9,150.1,90,60.1,40.04,Credit Card,4
ORD-2025-11696,2024-04-27,2024-04-29,2024,Q2,April,4,Second Class,CUST-1014,Harper Wilson,Corporate,Germany,Europe,Berlin,Berlin,PROD-TEC-138,Technology,Phones,iPhone 15 Pro,1,850,1099,1099,0.0,0.0,1099.0,850,249.0,22.66,Credit Card,5
ORD-2024-12868,2024-04-28,2024-05-01,2024,Q2,April,4,Standard Class,CUST-1020,Emily Martin,Home Office,Australia,Asia Pacific,Victoria,Melbourne,PROD-OFF-101,Office Supplies,Appliances,Heavy Duty Cross-Cut Shredder,1,90,165,165,0.0,0.0,165.0,90,75.0,45.45,Credit Card,4
ORD-2025-12062,2024-04-28,2024-05-01,2024,Q2,April,4,Second Class,CUST-1000,Emma Watson,Consumer,France,Europe,Île-de-France,Paris,PROD-TEC-107,Technology,Phones,Google Pixel 8,4,540,699,2796,0.1,279.6,2516.4,2160,356.4,14.16,Wire Transfer,5
ORD-2026-11790,2024-04-28,2024-04-30,2024,Q2,April,4,Second Class,CUST-1009,Benjamin Rodriguez,Consumer,Canada,North America,British Columbia,Vancouver,PROD-FUR-126,Furniture,Bookcases,Solid Wood Library Cabinet,1,450,720,720,0.05,36.0,684.0,450,234.0,34.21,Credit Card,3
ORD-2026-11280,2024-04-28,2024-05-01,2024,Q2,April,4,Same Day,CUST-1019,Henry Jackson,Consumer,United Kingdom,Europe,England,London,PROD-OFF-141,Office Supplies,Appliances,Commercial Espresso Barista Machine,1,620,950,950,0.0,0.0,950.0,620,330.0,34.74,PayPal,4
ORD-2024-13468,2024-04-29,2024-05-02,2024,Q2,April,4,Standard Class,CUST-1011,Elijah Hernandez,Consumer,India,Asia Pacific,Maharashtra,Mumbai,PROD-OFF-134,Office Supplies,Paper,Premium Multipurpose Laser Paper 5000ct,2,28,48,96,0.0,0.0,96.0,56,40.0,41.67,Credit Card,4
ORD-2024-13417,2024-04-29,2024-05-01,2024,Q2,April,4,Standard Class,CUST-1013,Alexander Gonzalez,Consumer,United States,North America,Texas,Houston,PROD-FUR-138,Furniture,Bookcases,Modern 5-Tier Industrial Bookshelf,4,110,195,780,0.0,0.0,780.0,440,340.0,43.59,Wire Transfer,5
ORD-2025-11078,2024-04-29,2024-05-02,2024,Q2,April,4,Standard Class,CUST-1017,Matthew Taylor,Home Office,Australia,Asia Pacific,Victoria,Melbourne,PROD-TEC-132,Technology,Phones,Google Pixel 8,2,540,699,1398,0.05,69.9,1328.1,1080,248.1,18.68,Credit Card,3
ORD-2026-10809,2024-04-30,2024-05-03,2024,Q2,April,4,Standard Class,CUST-1029,Joseph Lewis,Home Office,United States,North America,Illinois,Chicago,PROD-FUR-119,Furniture,Tables,Solid Oak Conference Table,1,980,1480,1480,0.05,74.0,1406.0,980,426.0,30.3,PayPal,2
ORD-2025-10205,2024-04-30,2024-05-04,2024,Q2,April,4,Standard Class,CUST-1025,David Harris,Consumer,Germany,Europe,Berlin,Berlin,PROD-FUR-110,Furniture,Bookcases,Glass Display Credenza,2,310,520,1040,0.0,0.0,1040.0,620,420.0,40.38,Credit Card,3
ORD-2026-12792,2024-04-30,2024-05-04,2024,Q2,April,4,Standard Class,CUST-1021,Sebastian Lee,Consumer,United States,North America,Texas,Houston,PROD-FUR-183,Furniture,Bookcases,Glass Display Credenza,1,310,520,520,0.0,0.0,520.0,310,210.0,40.38,Direct Debit,5
ORD-2024-11227,2024-04-30,2024-05-02,2024,Q2,April,4,Second Class,CUST-1025,David Harris,Corporate,United States,North America,Texas,Houston,PROD-TEC-123,Technology,Accessories,Bose QuietComfort Headphones,2,180,279,558,0.05,27.9,530.1,360,170.1,32.09,PayPal,4
ORD-2026-11841,2024-05-01,2024-05-04,2024,Q2,May,5,Standard Class,CUST-1000,Emma Watson,Consumer,United Kingdom,Europe,England,London,PROD-OFF-117,Office Supplies,Paper,Executive Recycled Notepad Pack,2,12,24,48,0.05,2.4,45.6,24,21.6,47.37,Credit Card,5
ORD-2025-10784,2024-05-01,2024-05-03,2024,Q2,May,5,First Class,CUST-1010,Charlotte Martinez,Corporate,France,Europe,Auvergne-Rhône-Alpes,Lyon,PROD-TEC-158,Technology,Accessories,Dell 4K UltraSharp Monitor,5,340,489,2445,0.15,366.75,2078.25,1700,378.25,18.2,PayPal,5
ORD-2024-10660,2024-05-01,2024-05-03,2024,Q2,May,5,Standard Class,CUST-1007,Lucas Miller,Consumer,Germany,Europe,Berlin,Berlin,PROD-OFF-183,Office Supplies,Paper,Premium Multipurpose Laser Paper 5000ct,8,28,48,384,0.2,76.8,307.2,224,83.2,27.08,Credit Card,5
ORD-2024-11209,2024-05-01,2024-05-05,2024,Q2,May,5,Standard Class,CUST-1001,Liam Johnson,Consumer,Singapore,Asia Pacific,Central,Singapore,PROD-OFF-113,Office Supplies,Appliances,Commercial Espresso Barista Machine,2,620,950,1900,0.0,0.0,1900.0,1240,660.0,34.74,Direct Debit,5
ORD-2025-10994,2024-05-02,2024-05-04,2024,Q2,May,5,Standard Class,CUST-1029,Joseph Lewis,Home Office,Brazil,Latin America,Rio de Janeiro,Rio de Janeiro,PROD-TEC-161,Technology,Accessories,Logitech MX Master 3S,1,55,99,99,0.0,0.0,99.0,55,44.0,44.44,PayPal,5
ORD-2026-10947,2024-05-02,2024-05-06,2024,Q2,May,5,Second Class,CUST-1001,Liam Johnson,Corporate,Canada,North America,British Columbia,Vancouver,PROD-OFF-183,Office Supplies,Paper,Executive Recycled Notepad Pack,2,12,24,48,0.05,2.4,45.6,24,21.6,47.37,Credit Card,3
ORD-2024-10942,2024-05-02,2024-05-04,2024,Q2,May,5,First Class,CUST-1006,Isabella Garcia,Home Office,Germany,Europe,Bavaria,Munich,PROD-TEC-161,Technology,Accessories,Logitech MX Master 3S,2,55,99,198,0.0,0.0,198.0,110,88.0,44.44,Credit Card,5
ORD-2024-13129,2024-05-02,2024-05-06,2024,Q2,May,5,Second Class,CUST-1004,Sophia Brown,Consumer,Canada,North America,British Columbia,Vancouver,PROD-OFF-122,Office Supplies,Paper,Heavyweight Cardstock Reams,1,16,32,32,0.0,0.0,32.0,16,16.0,50.0,Wire Transfer,5
ORD-2024-10717,2024-05-02,2024-05-04,2024,Q2,May,5,Standard Class,CUST-1010,Charlotte Martinez,Corporate,United States,North America,New York,New York,PROD-TEC-160,Technology,Accessories,Logitech MX Master 3S,1,55,99,99,0.1,9.9,89.1,55,34.1,38.27,Credit Card,3
ORD-2024-11218,2024-05-03,2024-05-07,2024,Q2,May,5,Standard Class,CUST-1017,Matthew Taylor,Corporate,United States,North America,Texas,Houston,PROD-OFF-163,Office Supplies,Storage,Heavy Duty 4-Drawer File Cabinet,1,130,220,220,0.0,0.0,220.0,130,90.0,40.91,Wire Transfer,5
ORD-2025-12311,2024-05-03,2024-05-06,2024,Q2,May,5,First Class,CUST-1027,Samuel Clark,Home Office,Canada,North America,Ontario,Toronto,PROD-TEC-198,Technology,Accessories,Dell 4K UltraSharp Monitor,2,340,489,978,0.0,0.0,978.0,680,298.0,30.47,PayPal,5
ORD-2025-12554,2024-05-03,2024-05-06,2024,Q2,May,5,Standard Class,CUST-1010,Charlotte Martinez,Home Office,India,Asia Pacific,Karnataka,Bangalore,PROD-TEC-151,Technology,Accessories,Anker USB-C Docking Hub,3,45,79,237,0.0,0.0,237.0,135,102.0,43.04,PayPal,4
ORD-2026-11868,2024-05-03,2024-05-07,2024,Q2,May,5,Standard Class,CUST-1015,Daniel Anderson,Corporate,Germany,Europe,Berlin,Berlin,PROD-FUR-189,Furniture,Chairs,Steelcase Gesture Chair,3,820,1250,3750,0.0,0.0,3750.0,2460,1290.0,34.4,Wire Transfer,5
ORD-2026-10746,2024-05-03,2024-05-06,2024,Q2,May,5,Standard Class,CUST-1003,Noah Williams,Consumer,India,Asia Pacific,Maharashtra,Mumbai,PROD-TEC-152,Technology,Phones,Google Pixel 8,2,540,699,1398,0.0,0.0,1398.0,1080,318.0,22.75,Credit Card,3
ORD-2025-12431,2024-05-03,2024-05-07,2024,Q2,May,5,First Class,CUST-1000,Emma Watson,Consumer,United States,North America,New York,New York,PROD-TEC-190,Technology,Accessories,Dell 4K UltraSharp Monitor,2,340,489,978,0.05,48.9,929.1,680,249.1,26.81,Wire Transfer,2
ORD-2026-10059,2024-05-04,2024-05-05,2024,Q2,May,5,Second Class,CUST-1025,David Harris,Consumer,Canada,North America,Ontario,Toronto,PROD-TEC-129,Technology,Laptops,MacBook Air M3,10,890,1199,11990,0.2,2398.0,9592.0,8900,692.0,7.21,Wire Transfer,5
ORD-2025-12059,2024-05-04,2024-05-07,2024,Q2,May,5,Standard Class,CUST-1018,Abigail Moore,Consumer,United States,North America,New York,New York,PROD-TEC-114,Technology,Phones,iPhone 15 Pro,4,850,1099,4396,0.05,219.8,4176.2,3400,776.2,18.59,Wire Transfer,4
ORD-2026-13395,2024-05-04,2024-05-06,2024,Q2,May,5,Second Class,CUST-1003,Noah Williams,Consumer,United Kingdom,Europe,England,London,PROD-TEC-121,Technology,Laptops,Dell XPS 15,1,1100,1450,1450,0.05,72.5,1377.5,1100,277.5,20.15,Wire Transfer,4
ORD-2026-12375,2024-05-04,2024-05-07,2024,Q2,May,5,Standard Class,CUST-1026,Ella Sanchez,Consumer,Australia,Asia Pacific,New South Wales,Sydney,PROD-TEC-135,Technology,Accessories,Bose QuietComfort Headphones,2,180,279,558,0.0,0.0,558.0,360,198.0,35.48,Credit Card,5
ORD-2025-10118,2024-05-05,2024-05-07,2024,Q2,May,5,Standard Class,CUST-1005,James Jones,Home Office,United Kingdom,Europe,England,London,PROD-OFF-145,Office Supplies,Paper,Executive Recycled Notepad Pack,3,12,24,72,0.0,0.0,72.0,36,36.0,50.0,Credit Card,5
ORD-2026-12270,2024-05-05,2024-05-07,2024,Q2,May,5,Second Class,CUST-1006,Isabella Garcia,Consumer,Canada,North America,Ontario,Toronto,PROD-FUR-152,Furniture,Bookcases,Glass Display Credenza,1,310,520,520,0.05,26.0,494.0,310,184.0,37.25,Wire Transfer,5
ORD-2026-11715,2024-05-05,2024-05-11,2024,Q2,May,5,Standard Class,CUST-1006,Isabella Garcia,Corporate,United States,North America,Texas,Houston,PROD-TEC-119,Technology,Laptops,ThinkPad X1 Carbon,4,1050,1399,5596,0.15,839.4,4756.6,4200,556.6,11.7,Wire Transfer,5
ORD-2024-12571,2024-05-05,2024-05-08,2024,Q2,May,5,First Class,CUST-1015,Daniel Anderson,Consumer,Australia,Asia Pacific,New South Wales,Sydney,PROD-FUR-132,Furniture,Bookcases,Modern 5-Tier Industrial Bookshelf,1,110,195,195,0.05,9.75,185.25,110,75.25,40.62,Wire Transfer,5
ORD-2026-12243,2024-05-05,2024-05-07,2024,Q2,May,5,Second Class,CUST-1006,Isabella Garcia,Consumer,France,Europe,Île-de-France,Paris,PROD-OFF-146,Office Supplies,Storage,Locking Security Storage Box,4,65,115,460,0.1,46.0,414.0,260,154.0,37.2,Credit Card,3
ORD-2024-12478,2024-05-06,2024-05-10,2024,Q2,May,5,Standard Class,CUST-1021,Sebastian Lee,Consumer,India,Asia Pacific,Karnataka,Bangalore,PROD-FUR-195,Furniture,Tables,Modular Team Workstation,1,640,990,990,0.05,49.5,940.5,640,300.5,31.95,Credit Card,5
ORD-2026-13170,2024-05-06,2024-05-11,2024,Q2,May,5,Standard Class,CUST-1000,Emma Watson,Consumer,France,Europe,Île-de-France,Paris,PROD-OFF-141,Office Supplies,Storage,Heavy Duty 4-Drawer File Cabinet,2,130,220,440,0.1,44.0,396.0,260,136.0,34.34,Wire Transfer,5
ORD-2025-12386,2024-05-06,2024-05-08,2024,Q2,May,5,Standard Class,CUST-1000,Emma Watson,Corporate,United States,North America,California,Los Angeles,PROD-TEC-137,Technology,Accessories,Anker USB-C Docking Hub,2,45,79,158,0.15,23.7,134.3,90,44.3,32.99,PayPal,5
ORD-2024-12853,2024-05-06,2024-05-11,2024,Q2,May,5,Second Class,CUST-1006,Isabella Garcia,Home Office,France,Europe,Île-de-France,Paris,PROD-TEC-106,Technology,Phones,Google Pixel 8,5,540,699,3495,0.15,524.25,2970.75,2700,270.75,9.11,Wire Transfer,5
ORD-2025-11336,2024-05-06,2024-05-10,2024,Q2,May,5,Standard Class,CUST-1012,Amelia Lopez,Corporate,United Kingdom,Europe,England,London,PROD-FUR-126,Furniture,Chairs,Herman Miller Aeron Chair,1,750,1195,1195,0.0,0.0,1195.0,750,445.0,37.24,Credit Card,4
ORD-2026-10257,2024-05-06,2024-05-09,2024,Q2,May,5,Standard Class,CUST-1004,Sophia Brown,Consumer,United Kingdom,Europe,England,London,PROD-TEC-185,Technology,Accessories,Logitech MX Master 3S,2,55,99,198,0.05,9.9,188.1,110,78.1,41.52,PayPal,5
ORD-2024-11047,2024-05-06,2024-05-10,2024,Q2,May,5,Second Class,CUST-1013,Alexander Gonzalez,Corporate,Canada,North America,Ontario,Toronto,PROD-FUR-109,Furniture,Bookcases,Glass Display Credenza,10,310,520,5200,0.1,520.0,4680.0,3100,1580.0,33.76,PayPal,5
ORD-2026-11025,2024-05-07,2024-05-12,2024,Q2,May,5,First Class,CUST-1012,Amelia Lopez,Consumer,United States,North America,Illinois,Chicago,PROD-OFF-175,Office Supplies,Paper,Executive Recycled Notepad Pack,4,12,24,96,0.0,0.0,96.0,48,48.0,50.0,Credit Card,5
ORD-2026-10701,2024-05-07,2024-05-09,2024,Q2,May,5,Second Class,CUST-1014,Harper Wilson,Consumer,Singapore,Asia Pacific,Central,Singapore,PROD-OFF-148,Office Supplies,Paper,Premium Multipurpose Laser Paper 5000ct,4,28,48,192,0.0,0.0,192.0,112,80.0,41.67,Credit Card,4
ORD-2025-12410,2024-05-07,2024-05-09,2024,Q2,May,5,Standard Class,CUST-1001,Liam Johnson,Home Office,United Kingdom,Europe,England,London,PROD-FUR-182,Furniture,Tables,Coffee Break Lounge Table,3,120,210,630,0.0,0.0,630.0,360,270.0,42.86,PayPal,5
ORD-2026-12783,2024-05-07,2024-05-10,2024,Q2,May,5,Standard Class,CUST-1010,Charlotte Martinez,Consumer,Germany,Europe,Berlin,Berlin,PROD-TEC-130,Technology,Phones,Google Pixel 8,6,540,699,4194,0.1,419.4,3774.6,3240,534.6,14.16,Wire Transfer,4
ORD-2024-12226,2024-05-08,2024-05-11,2024,Q2,May,5,Second Class,CUST-1020,Emily Martin,Corporate,United Kingdom,Europe,England,London,PROD-FUR-135,Furniture,Chairs,Herman Miller Aeron Chair,5,750,1195,5975,0.15,896.25,5078.75,3750,1328.75,26.16,Direct Debit,5
ORD-2024-12469,2024-05-09,2024-05-13,2024,Q2,May,5,Standard Class,CUST-1015,Daniel Anderson,Consumer,Canada,North America,Ontario,Toronto,PROD-FUR-103,Furniture,Chairs,Herman Miller Aeron Chair,8,750,1195,9560,0.15,1434.0,8126.0,6000,2126.0,26.16,Wire Transfer,5
ORD-2025-12350,2024-05-09,2024-05-13,2024,Q2,May,5,Standard Class,CUST-1016,Evelyn Thomas,Home Office,Japan,Asia Pacific,Kanto,Tokyo,PROD-FUR-139,Furniture,Chairs,Steelcase Gesture Chair,2,820,1250,2500,0.05,125.0,2375.0,1640,735.0,30.95,Credit Card,5
ORD-2024-12175,2024-05-09,2024-05-13,2024,Q2,May,5,First Class,CUST-1023,Jack Thompson,Consumer,United States,North America,Texas,Houston,PROD-OFF-144,Office Supplies,Appliances,Heavy Duty Cross-Cut Shredder,1,90,165,165,0.0,0.0,165.0,90,75.0,45.45,Wire Transfer,5
ORD-2024-12358,2024-05-09,2024-05-11,2024,Q2,May,5,Standard Class,CUST-1027,Samuel Clark,Consumer,United Kingdom,Europe,England,Manchester,PROD-FUR-103,Furniture,Tables,Smart Motorized Standing Desk,2,320,560,1120,0.05,56.0,1064.0,640,424.0,39.85,PayPal,3
ORD-2026-13407,2024-05-09,2024-05-12,2024,Q2,May,5,Second Class,CUST-1018,Abigail Moore,Consumer,France,Europe,Auvergne-Rhône-Alpes,Lyon,PROD-FUR-167,Furniture,Bookcases,Glass Display Credenza,6,310,520,3120,0.15,468.0,2652.0,1860,792.0,29.86,Credit Card,4
ORD-2025-10790,2024-05-09,2024-05-13,2024,Q2,May,5,Standard Class,CUST-1003,Noah Williams,Corporate,Brazil,Latin America,São Paulo,São Paulo,PROD-FUR-134,Furniture,Tables,Coffee Break Lounge Table,1,120,210,210,0.0,0.0,210.0,120,90.0,42.86,Credit Card,4
ORD-2025-11456,2024-05-10,2024-05-12,2024,Q2,May,5,Standard Class,CUST-1025,David Harris,Consumer,United States,North America,Illinois,Chicago,PROD-TEC-111,Technology,Phones,Samsung Galaxy S24,3,720,950,2850,0.05,142.5,2707.5,2160,547.5,20.22,Credit Card,5
ORD-2024-12253,2024-05-10,2024-05-12,2024,Q2,May,5,Standard Class,CUST-1013,Alexander Gonzalez,Home Office,India,Asia Pacific,Karnataka,Bangalore,PROD-FUR-152,Furniture,Bookcases,Modern 5-Tier Industrial Bookshelf,3,110,195,585,0.0,0.0,585.0,330,255.0,43.59,Credit Card,5
ORD-2024-11590,2024-05-10,2024-05-12,2024,Q2,May,5,Standard Class,CUST-1012,Amelia Lopez,Corporate,France,Europe,Île-de-France,Paris,PROD-OFF-175,Office Supplies,Paper,Heavyweight Cardstock Reams,1,16,32,32,0.0,0.0,32.0,16,16.0,50.0,Credit Card,4
ORD-2024-13231,2024-05-10,2024-05-15,2024,Q2,May,5,Standard Class,CUST-1009,Benjamin Rodriguez,Home Office,India,Asia Pacific,Karnataka,Bangalore,PROD-FUR-185,Furniture,Tables,Smart Motorized Standing Desk,1,320,560,560,0.0,0.0,560.0,320,240.0,42.86,Credit Card,5
ORD-2026-12402,2024-05-11,2024-05-17,2024,Q2,May,5,First Class,CUST-1021,Sebastian Lee,Consumer,Japan,Asia Pacific,Kanto,Tokyo,PROD-TEC-195,Technology,Laptops,MacBook Air M3,1,890,1199,1199,0.1,119.9,1079.1,890,189.1,17.52,PayPal,4
ORD-2024-12187,2024-05-12,2024-05-15,2024,Q2,May,5,Standard Class,CUST-1005,James Jones,Corporate,Germany,Europe,Berlin,Berlin,PROD-OFF-156,Office Supplies,Paper,Executive Recycled Notepad Pack,3,12,24,72,0.0,0.0,72.0,36,36.0,50.0,Wire Transfer,4
ORD-2024-12307,2024-05-13,2024-05-15,2024,Q2,May,5,Standard Class,CUST-1004,Sophia Brown,Consumer,United States,North America,Texas,Houston,PROD-FUR-163,Furniture,Chairs,Ergonomic Mesh Task Chair,5,160,289,1445,0.15,216.75,1228.25,800,428.25,34.87,Credit Card,3
ORD-2024-13342,2024-05-13,2024-05-17,2024,Q2,May,5,Standard Class,CUST-1026,Ella Sanchez,Consumer,Japan,Asia Pacific,Kanto,Tokyo,PROD-FUR-181,Furniture,Tables,Modular Team Workstation,2,640,990,1980,0.05,99.0,1881.0,1280,601.0,31.95,PayPal,4
ORD-2026-12807,2024-05-13,2024-05-17,2024,Q2,May,5,Standard Class,CUST-1015,Daniel Anderson,Home Office,Germany,Europe,Bavaria,Munich,PROD-TEC-146,Technology,Phones,Google Pixel 8,6,540,699,4194,0.1,419.4,3774.6,3240,534.6,14.16,Credit Card,1
ORD-2025-12347,2024-05-13,2024-05-16,2024,Q2,May,5,Second Class,CUST-1019,Henry Jackson,Consumer,United States,North America,New York,New York,PROD-OFF-146,Office Supplies,Storage,Heavy Duty 4-Drawer File Cabinet,4,130,220,880,0.0,0.0,880.0,520,360.0,40.91,Credit Card,5
ORD-2025-11468,2024-05-13,2024-05-16,2024,Q2,May,5,Standard Class,CUST-1014,Harper Wilson,Corporate,Canada,North America,Ontario,Toronto,PROD-TEC-135,Technology,Accessories,Bose QuietComfort Headphones,6,180,279,1674,0.2,334.8,1339.2,1080,259.2,19.35,Credit Card,5
ORD-2024-11752,2024-05-14,2024-05-15,2024,Q2,May,5,Standard Class,CUST-1014,Harper Wilson,Corporate,Japan,Asia Pacific,Kanto,Tokyo,PROD-TEC-152,Technology,Phones,Samsung Galaxy S24,2,720,950,1900,0.0,0.0,1900.0,1440,460.0,24.21,PayPal,3
ORD-2026-11466,2024-05-14,2024-05-16,2024,Q2,May,5,Standard Class,CUST-1020,Emily Martin,Consumer,United States,North America,California,Los Angeles,PROD-TEC-197,Technology,Accessories,Dell 4K UltraSharp Monitor,1,340,489,489,0.1,48.9,440.1,340,100.1,22.74,Direct Debit,4
ORD-2024-10444,2024-05-15,2024-05-19,2024,Q2,May,5,Standard Class,CUST-1025,David Harris,Consumer,Germany,Europe,Berlin,Berlin,PROD-OFF-146,Office Supplies,Storage,Heavy Duty 4-Drawer File Cabinet,1,130,220,220,0.1,22.0,198.0,130,68.0,34.34,Wire Transfer,5
ORD-2024-10666,2024-05-15,2024-05-17,2024,Q2,May,5,Standard Class,CUST-1004,Sophia Brown,Home Office,United Kingdom,Europe,England,London,PROD-OFF-195,Office Supplies,Storage,Locking Security Storage Box,4,65,115,460,0.1,46.0,414.0,260,154.0,37.2,Credit Card,5
ORD-2025-12032,2024-05-15,2024-05-17,2024,Q2,May,5,First Class,CUST-1015,Daniel Anderson,Corporate,United States,North America,Illinois,Chicago,PROD-TEC-176,Technology,Laptops,MacBook Air M3,6,890,1199,7194,0.1,719.4,6474.6,5340,1134.6,17.52,Direct Debit,5
ORD-2025-11651,2024-05-15,2024-05-16,2024,Q2,May,5,Standard Class,CUST-1011,Elijah Hernandez,Home Office,Singapore,Asia Pacific,Central,Singapore,PROD-FUR-164,Furniture,Tables,Modular Team Workstation,3,640,990,2970,0.0,0.0,2970.0,1920,1050.0,35.35,Credit Card,5
ORD-2025-11168,2024-05-16,2024-05-19,2024,Q2,May,5,Second Class,CUST-1027,Samuel Clark,Consumer,United States,North America,California,Los Angeles,PROD-OFF-174,Office Supplies,Storage,Locking Security Storage Box,6,65,115,690,0.1,69.0,621.0,390,231.0,37.2,Credit Card,5
ORD-2025-11777,2024-05-16,2024-05-17,2024,Q2,May,5,Same Day,CUST-1029,Joseph Lewis,Consumer,United Kingdom,Europe,England,London,PROD-TEC-134,Technology,Phones,Samsung Galaxy S24,3,720,950,2850,0.05,142.5,2707.5,2160,547.5,20.22,Credit Card,4
ORD-2024-13078,2024-05-16,2024-05-20,2024,Q2,May,5,Standard Class,CUST-1004,Sophia Brown,Corporate,Brazil,Latin America,São Paulo,São Paulo,PROD-OFF-103,Office Supplies,Paper,Heavyweight Cardstock Reams,1,16,32,32,0.0,0.0,32.0,16,16.0,50.0,PayPal,4
ORD-2026-12357,2024-05-17,2024-05-20,2024,Q2,May,5,Standard Class,CUST-1024,Avery White,Consumer,Germany,Europe,Bavaria,Munich,PROD-FUR-148,Furniture,Tables,Modular Team Workstation,3,640,990,2970,0.0,0.0,2970.0,1920,1050.0,35.35,Credit Card,4
ORD-2024-11311,2024-05-18,2024-05-21,2024,Q2,May,5,Standard Class,CUST-1008,Mia Davis,Consumer,United States,North America,Illinois,Chicago,PROD-FUR-196,Furniture,Bookcases,Modern 5-Tier Industrial Bookshelf,5,110,195,975,0.15,146.25,828.75,550,278.75,33.63,Credit Card,1
ORD-2025-11621,2024-05-18,2024-05-19,2024,Q2,May,5,Standard Class,CUST-1005,James Jones,Corporate,India,Asia Pacific,Maharashtra,Mumbai,PROD-OFF-190,Office Supplies,Appliances,Smart Office Air Purifier Pro,3,140,249,747,0.0,0.0,747.0,420,327.0,43.78,Credit Card,4
ORD-2025-10241,2024-05-18,2024-05-22,2024,Q2,May,5,Standard Class,CUST-1018,Abigail Moore,Consumer,United States,North America,California,Los Angeles,PROD-OFF-159,Office Supplies,Storage,Heavy Duty 4-Drawer File Cabinet,1,130,220,220,0.0,0.0,220.0,130,90.0,40.91,Credit Card,5
ORD-2026-10329,2024-05-18,2024-05-23,2024,Q2,May,5,Second Class,CUST-1005,James Jones,Corporate,France,Europe,Auvergne-Rhône-Alpes,Lyon,PROD-FUR-168,Furniture,Bookcases,Solid Wood Library Cabinet,3,450,720,2160,0.05,108.0,2052.0,1350,702.0,34.21,Direct Debit,5
ORD-2024-10213,2024-05-19,2024-05-23,2024,Q2,May,5,Second Class,CUST-1004,Sophia Brown,Consumer,Germany,Europe,Berlin,Berlin,PROD-FUR-199,Furniture,Bookcases,Solid Wood Library Cabinet,1,450,720,720,0.0,0.0,720.0,450,270.0,37.5,Credit Card,5
ORD-2026-11757,2024-05-19,2024-05-22,2024,Q2,May,5,Standard Class,CUST-1012,Amelia Lopez,Corporate,France,Europe,Île-de-France,Paris,PROD-OFF-149,Office Supplies,Paper,Heavyweight Cardstock Reams,1,16,32,32,0.1,3.2,28.8,16,12.8,44.44,PayPal,5
ORD-2025-10061,2024-05-19,2024-05-23,2024,Q2,May,5,Standard Class,CUST-1025,David Harris,Home Office,Canada,North America,Ontario,Toronto,PROD-TEC-193,Technology,Phones,Google Pixel 8,1,540,699,699,0.0,0.0,699.0,540,159.0,22.75,Direct Debit,5
ORD-2024-12487,2024-05-19,2024-05-21,2024,Q2,May,5,First Class,CUST-1025,David Harris,Consumer,United Kingdom,Europe,England,Manchester,PROD-TEC-128,Technology,Laptops,MacBook Air M3,1,890,1199,1199,0.0,0.0,1199.0,890,309.0,25.77,PayPal,4
ORD-2025-13331,2024-05-19,2024-05-22,2024,Q2,May,5,Standard Class,CUST-1005,James Jones,Consumer,France,Europe,Auvergne-Rhône-Alpes,Lyon,PROD-TEC-101,Technology,Laptops,MacBook Air M3,1,890,1199,1199,0.0,0.0,1199.0,890,309.0,25.77,Credit Card,3
ORD-2026-10383,2024-05-19,2024-05-22,2024,Q2,May,5,Second Class,CUST-1028,Chloe Ramirez,Home Office,India,Asia Pacific,Maharashtra,Mumbai,PROD-OFF-108,Office Supplies,Paper,Executive Recycled Notepad Pack,4,12,24,96,0.0,0.0,96.0,48,48.0,50.0,PayPal,5
ORD-2025-12896,2024-05-20,2024-05-22,2024,Q2,May,5,First Class,CUST-1022,Elizabeth Perez,Home Office,Germany,Europe,Berlin,Berlin,PROD-OFF-155,Office Supplies,Paper,Premium Multipurpose Laser Paper 5000ct,1,28,48,48,0.0,0.0,48.0,28,20.0,41.67,Credit Card,2
ORD-2025-11021,2024-05-20,2024-05-23,2024,Q2,May,5,Standard Class,CUST-1015,Daniel Anderson,Home Office,France,Europe,Île-de-France,Paris,PROD-FUR-135,Furniture,Tables,Modular Team Workstation,5,640,990,4950,0.15,742.5,4207.5,3200,1007.5,23.95,Credit Card,3
ORD-2024-11482,2024-05-22,2024-05-25,2024,Q2,May,5,Standard Class,CUST-1002,Olivia Smith,Corporate,United States,North America,California,Los Angeles,PROD-FUR-177,Furniture,Bookcases,Solid Wood Library Cabinet,5,450,720,3600,0.1,360.0,3240.0,2250,990.0,30.56,Credit Card,2
ORD-2025-11273,2024-05-22,2024-05-27,2024,Q2,May,5,Second Class,CUST-1011,Elijah Hernandez,Consumer,United States,North America,New York,New York,PROD-FUR-191,Furniture,Tables,Modular Team Workstation,1,640,990,990,0.05,49.5,940.5,640,300.5,31.95,Wire Transfer,5
ORD-2024-12943,2024-05-22,2024-05-24,2024,Q2,May,5,Standard Class,CUST-1009,Benjamin Rodriguez,Corporate,United States,North America,New York,New York,PROD-TEC-175,Technology,Accessories,Anker USB-C Docking Hub,2,45,79,158,0.1,15.8,142.2,90,52.2,36.71,Wire Transfer,4
ORD-2026-10107,2024-05-22,2024-05-26,2024,Q2,May,5,Standard Class,CUST-1019,Henry Jackson,Consumer,United States,North America,Illinois,Chicago,PROD-TEC-115,Technology,Phones,OnePlus 12,4,480,649,2596,0.0,0.0,2596.0,1920,676.0,26.04,Credit Card,5
ORD-2025-10007,2024-05-22,2024-05-24,2024,Q2,May,5,Standard Class,CUST-1008,Mia Davis,Corporate,France,Europe,Île-de-France,Paris,PROD-TEC-166,Technology,Phones,Samsung Galaxy S24,2,720,950,1900,0.1,190.0,1710.0,1440,270.0,15.79,PayPal,5
ORD-2024-10531,2024-05-23,2024-05-26,2024,Q2,May,5,Standard Class,CUST-1007,Lucas Miller,Consumer,United Kingdom,Europe,England,Manchester,PROD-OFF-113,Office Supplies,Paper,Heavyweight Cardstock Reams,1,16,32,32,0.0,0.0,32.0,16,16.0,50.0,Credit Card,5
ORD-2025-10751,2024-05-23,2024-05-25,2024,Q2,May,5,Second Class,CUST-1009,Benjamin Rodriguez,Home Office,Canada,North America,British Columbia,Vancouver,PROD-FUR-174,Furniture,Tables,Solid Oak Conference Table,3,980,1480,4440,0.0,0.0,4440.0,2940,1500.0,33.78,Wire Transfer,5
ORD-2026-10587,2024-05-23,2024-05-26,2024,Q2,May,5,Standard Class,CUST-1005,James Jones,Consumer,United States,North America,New York,New York,PROD-TEC-122,Technology,Phones,OnePlus 12,1,480,649,649,0.05,32.45,616.55,480,136.55,22.15,Wire Transfer,5
ORD-2024-11425,2024-05-23,2024-05-26,2024,Q2,May,5,Standard Class,CUST-1012,Amelia Lopez,Consumer,Germany,Europe,Bavaria,Munich,PROD-TEC-109,Technology,Phones,OnePlus 12,1,480,649,649,0.1,64.9,584.1,480,104.1,17.82,Wire Transfer,4
ORD-2024-13489,2024-05-23,2024-05-27,2024,Q2,May,5,Second Class,CUST-1011,Elijah Hernandez,Consumer,Australia,Asia Pacific,New South Wales,Sydney,PROD-OFF-135,Office Supplies,Paper,Heavyweight Cardstock Reams,3,16,32,96,0.1,9.6,86.4,48,38.4,44.44,Wire Transfer,4
ORD-2024-12628,2024-05-23,2024-05-25,2024,Q2,May,5,Standard Class,CUST-1010,Charlotte Martinez,Consumer,United States,North America,New York,New York,PROD-FUR-125,Furniture,Bookcases,Modern 5-Tier Industrial Bookshelf,3,110,195,585,0.0,0.0,585.0,330,255.0,43.59,Direct Debit,5
ORD-2025-12245,2024-05-23,2024-05-27,2024,Q2,May,5,First Class,CUST-1026,Ella Sanchez,Consumer,United Kingdom,Europe,England,Manchester,PROD-TEC-114,Technology,Accessories,Bose QuietComfort Headphones,1,180,279,279,0.05,13.95,265.05,180,85.05,32.09,PayPal,4
ORD-2026-10425,2024-05-24,2024-05-28,2024,Q2,May,5,Standard Class,CUST-1011,Elijah Hernandez,Corporate,France,Europe,Île-de-France,Paris,PROD-TEC-121,Technology,Phones,OnePlus 12,1,480,649,649,0.05,32.45,616.55,480,136.55,22.15,Credit Card,5
ORD-2024-10891,2024-05-24,2024-05-28,2024,Q2,May,5,Standard Class,CUST-1000,Emma Watson,Consumer,Canada,North America,British Columbia,Vancouver,PROD-FUR-177,Furniture,Chairs,Herman Miller Aeron Chair,4,750,1195,4780,0.1,478.0,4302.0,3000,1302.0,30.26,Wire Transfer,5
ORD-2025-13211,2024-05-24,2024-05-28,2024,Q2,May,5,Second Class,CUST-1001,Liam Johnson,Consumer,India,Asia Pacific,Karnataka,Bangalore,PROD-TEC-150,Technology,Laptops,Dell XPS 15,6,1100,1450,8700,0.15,1305.0,7395.0,6600,795.0,10.75,PayPal,5
ORD-2025-11702,2024-05-25,2024-05-26,2024,Q2,May,5,Same Day,CUST-1012,Amelia Lopez,Consumer,Canada,North America,British Columbia,Vancouver,PROD-FUR-118,Furniture,Chairs,Ergonomic Mesh Task Chair,1,160,289,289,0.0,0.0,289.0,160,129.0,44.64,Credit Card,3
ORD-2026-13041,2024-05-25,2024-05-27,2024,Q2,May,5,Standard Class,CUST-1000,Emma Watson,Corporate,Canada,North America,Ontario,Toronto,PROD-FUR-199,Furniture,Bookcases,Glass Display Credenza,3,310,520,1560,0.1,156.0,1404.0,930,474.0,33.76,PayPal,4
ORD-2024-10054,2024-05-25,2024-05-26,2024,Q2,May,5,Standard Class,CUST-1009,Benjamin Rodriguez,Corporate,Australia,Asia Pacific,Victoria,Melbourne,PROD-FUR-190,Furniture,Tables,Modular Team Workstation,2,640,990,1980,0.0,0.0,1980.0,1280,700.0,35.35,Wire Transfer,5
ORD-2025-12899,2024-05-26,2024-05-28,2024,Q2,May,5,Same Day,CUST-1021,Sebastian Lee,Consumer,France,Europe,Auvergne-Rhône-Alpes,Lyon,PROD-OFF-183,Office Supplies,Paper,Premium Multipurpose Laser Paper 5000ct,4,28,48,192,0.0,0.0,192.0,112,80.0,41.67,PayPal,5
ORD-2026-11673,2024-05-27,2024-05-29,2024,Q2,May,5,Second Class,CUST-1007,Lucas Miller,Consumer,Mexico,Latin America,Jalisco,Guadalajara,PROD-FUR-106,Furniture,Bookcases,Solid Wood Library Cabinet,1,450,720,720,0.0,0.0,720.0,450,270.0,37.5,Credit Card,5
ORD-2026-12756,2024-05-27,2024-05-30,2024,Q2,May,5,Standard Class,CUST-1021,Sebastian Lee,Corporate,Canada,North America,Ontario,Toronto,PROD-OFF-107,Office Supplies,Paper,Premium Multipurpose Laser Paper 5000ct,2,28,48,96,0.1,9.6,86.4,56,30.4,35.19,Wire Transfer,4
ORD-2025-12980,2024-05-27,2024-05-31,2024,Q2,May,5,Second Class,CUST-1005,James Jones,Consumer,United States,North America,New York,New York,PROD-OFF-179,Office Supplies,Storage,Rolling Mobile Utility Cart,1,45,85,85,0.05,4.25,80.75,45,35.75,44.27,Wire Transfer,2
ORD-2026-13491,2024-05-27,2024-05-28,2024,Q2,May,5,Standard Class,CUST-1020,Emily Martin,Consumer,United States,North America,Illinois,Chicago,PROD-TEC-184,Technology,Phones,iPhone 15 Pro,1,850,1099,1099,0.05,54.95,1044.05,850,194.05,18.59,PayPal,5
ORD-2025-10967,2024-05-27,2024-05-31,2024,Q2,May,5,Standard Class,CUST-1006,Isabella Garcia,Corporate,Japan,Asia Pacific,Kanto,Tokyo,PROD-TEC-121,Technology,Laptops,Dell XPS 15,2,1100,1450,2900,0.1,290.0,2610.0,2200,410.0,15.71,Credit Card,5
ORD-2026-13428,2024-05-27,2024-05-29,2024,Q2,May,5,Standard Class,CUST-1026,Ella Sanchez,Consumer,Germany,Europe,Bavaria,Munich,PROD-TEC-161,Technology,Accessories,Anker USB-C Docking Hub,3,45,79,237,0.0,0.0,237.0,135,102.0,43.04,Wire Transfer,5
ORD-2026-12699,2024-05-27,2024-05-30,2024,Q2,May,5,Standard Class,CUST-1010,Charlotte Martinez,Consumer,United States,North America,New York,New York,PROD-FUR-179,Furniture,Tables,Coffee Break Lounge Table,5,120,210,1050,0.2,210.0,840.0,600,240.0,28.57,Credit Card,5
ORD-2026-12858,2024-05-28,2024-06-02,2024,Q2,May,5,Same Day,CUST-1003,Noah Williams,Corporate,France,Europe,Auvergne-Rhône-Alpes,Lyon,PROD-TEC-132,Technology,Laptops,MacBook Air M3,2,890,1199,2398,0.15,359.7,2038.3,1780,258.3,12.67,Credit Card,5
ORD-2026-13110,2024-05-28,2024-05-31,2024,Q2,May,5,First Class,CUST-1013,Alexander Gonzalez,Corporate,United States,North America,Texas,Houston,PROD-TEC-133,Technology,Laptops,HP Spectre x360,1,920,1250,1250,0.05,62.5,1187.5,920,267.5,22.53,Credit Card,5
ORD-2025-10079,2024-05-28,2024-06-03,2024,Q2,May,5,Standard Class,CUST-1025,David Harris,Consumer,United Kingdom,Europe,England,London,PROD-TEC-176,Technology,Laptops,Dell XPS 15,2,1100,1450,2900,0.0,0.0,2900.0,2200,700.0,24.14,Credit Card,4
ORD-2025-10325,2024-05-28,2024-06-01,2024,Q2,May,5,Second Class,CUST-1029,Joseph Lewis,Consumer,France,Europe,Île-de-France,Paris,PROD-FUR-121,Furniture,Chairs,Herman Miller Aeron Chair,2,750,1195,2390,0.0,0.0,2390.0,1500,890.0,37.24,Wire Transfer,4
ORD-2025-12053,2024-05-28,2024-05-30,2024,Q2,May,5,Standard Class,CUST-1010,Charlotte Martinez,Corporate,United States,North America,California,Los Angeles,PROD-TEC-129,Technology,Phones,Samsung Galaxy S24,5,720,950,4750,0.1,475.0,4275.0,3600,675.0,15.79,Credit Card,4
ORD-2024-11929,2024-05-28,2024-05-31,2024,Q2,May,5,Standard Class,CUST-1010,Charlotte Martinez,Consumer,Japan,Asia Pacific,Kanto,Tokyo,PROD-TEC-191,Technology,Accessories,Logitech MX Master 3S,5,55,99,495,0.2,99.0,396.0,275,121.0,30.56,Direct Debit,5
ORD-2024-10624,2024-05-28,2024-05-30,2024,Q2,May,5,First Class,CUST-1006,Isabella Garcia,Corporate,Canada,North America,British Columbia,Vancouver,PROD-OFF-119,Office Supplies,Storage,Locking Security Storage Box,2,65,115,230,0.15,34.5,195.5,130,65.5,33.5,Wire Transfer,5
ORD-2024-11791,2024-05-29,2024-05-30,2024,Q2,May,5,First Class,CUST-1022,Elizabeth Perez,Home Office,United States,North America,Illinois,Chicago,PROD-FUR-187,Furniture,Tables,Solid Oak Conference Table,6,980,1480,8880,0.1,888.0,7992.0,5880,2112.0,26.43,Wire Transfer,3
ORD-2026-12999,2024-05-30,2024-06-01,2024,Q2,May,5,First Class,CUST-1001,Liam Johnson,Corporate,Canada,North America,Ontario,Toronto,PROD-OFF-122,Office Supplies,Appliances,Heavy Duty Cross-Cut Shredder,1,90,165,165,0.05,8.25,156.75,90,66.75,42.58,Wire Transfer,5
ORD-2026-10062,2024-06-01,2024-06-04,2024,Q2,June,6,Standard Class,CUST-1010,Charlotte Martinez,Corporate,Germany,Europe,Bavaria,Munich,PROD-OFF-131,Office Supplies,Storage,Locking Security Storage Box,3,65,115,345,0.0,0.0,345.0,195,150.0,43.48,PayPal,5
ORD-2024-10051,2024-06-01,2024-06-05,2024,Q2,June,6,Same Day,CUST-1002,Olivia Smith,Home Office,United States,North America,Texas,Houston,PROD-FUR-167,Furniture,Bookcases,Modern 5-Tier Industrial Bookshelf,2,110,195,390,0.1,39.0,351.0,220,131.0,37.32,Credit Card,4
ORD-2026-10218,2024-06-01,2024-06-02,2024,Q2,June,6,Second Class,CUST-1007,Lucas Miller,Corporate,France,Europe,Île-de-France,Paris,PROD-FUR-150,Furniture,Chairs,Steelcase Gesture Chair,1,820,1250,1250,0.0,0.0,1250.0,820,430.0,34.4,PayPal,5
ORD-2025-11111,2024-06-02,2024-06-08,2024,Q2,June,6,Standard Class,CUST-1021,Sebastian Lee,Consumer,Mexico,Latin America,Federal District,Mexico City,PROD-OFF-111,Office Supplies,Paper,Premium Multipurpose Laser Paper 5000ct,2,28,48,96,0.0,0.0,96.0,56,40.0,41.67,Wire Transfer,5
ORD-2024-10840,2024-06-02,2024-06-03,2024,Q2,June,6,Same Day,CUST-1022,Elizabeth Perez,Corporate,Canada,North America,Ontario,Toronto,PROD-FUR-107,Furniture,Tables,Coffee Break Lounge Table,2,120,210,420,0.0,0.0,420.0,240,180.0,42.86,PayPal,5
ORD-2024-10207,2024-06-02,2024-06-04,2024,Q2,June,6,Same Day,CUST-1001,Liam Johnson,Corporate,Mexico,Latin America,Jalisco,Guadalajara,PROD-TEC-193,Technology,Phones,OnePlus 12,2,480,649,1298,0.1,129.8,1168.2,960,208.2,17.82,Wire Transfer,5
ORD-2024-10099,2024-06-02,2024-06-04,2024,Q2,June,6,Second Class,CUST-1004,Sophia Brown,Home Office,Canada,North America,British Columbia,Vancouver,PROD-FUR-177,Furniture,Tables,Solid Oak Conference Table,3,980,1480,4440,0.0,0.0,4440.0,2940,1500.0,33.78,Wire Transfer,4
ORD-2026-11031,2024-06-02,2024-06-05,2024,Q2,June,6,Standard Class,CUST-1019,Henry Jackson,Corporate,United States,North America,Illinois,Chicago,PROD-TEC-156,Technology,Accessories,Anker USB-C Docking Hub,4,45,79,316,0.05,15.8,300.2,180,120.2,40.04,Credit Card,5
ORD-2026-10737,2024-06-02,2024-06-05,2024,Q2,June,6,Standard Class,CUST-1017,Matthew Taylor,Corporate,United States,North America,Illinois,Chicago,PROD-TEC-159,Technology,Laptops,MacBook Air M3,1,890,1199,1199,0.0,0.0,1199.0,890,309.0,25.77,Wire Transfer,5
ORD-2025-10973,2024-06-02,2024-06-04,2024,Q2,June,6,Standard Class,CUST-1015,Daniel Anderson,Consumer,Canada,North America,Ontario,Toronto,PROD-TEC-178,Technology,Phones,OnePlus 12,3,480,649,1947,0.0,0.0,1947.0,1440,507.0,26.04,Direct Debit,5
ORD-2024-12895,2024-06-02,2024-06-07,2024,Q2,June,6,First Class,CUST-1014,Harper Wilson,Home Office,United States,North America,California,Los Angeles,PROD-OFF-127,Office Supplies,Storage,Heavy Duty 4-Drawer File Cabinet,1,130,220,220,0.0,0.0,220.0,130,90.0,40.91,Credit Card,5
ORD-2024-13366,2024-06-03,2024-06-06,2024,Q2,June,6,Standard Class,CUST-1000,Emma Watson,Corporate,United States,North America,New York,New York,PROD-TEC-133,Technology,Laptops,Dell XPS 15,2,1100,1450,2900,0.0,0.0,2900.0,2200,700.0,24.14,Credit Card,3
ORD-2025-10727,2024-06-03,2024-06-05,2024,Q2,June,6,Standard Class,CUST-1010,Charlotte Martinez,Consumer,United States,North America,New York,New York,PROD-TEC-125,Technology,Laptops,HP Spectre x360,1,920,1250,1250,0.0,0.0,1250.0,920,330.0,26.4,Wire Transfer,5
ORD-2024-12829,2024-06-03,2024-06-05,2024,Q2,June,6,Standard Class,CUST-1009,Benjamin Rodriguez,Corporate,Singapore,Asia Pacific,Central,Singapore,PROD-TEC-120,Technology,Accessories,Logitech MX Master 3S,1,55,99,99,0.0,0.0,99.0,55,44.0,44.44,PayPal,5
ORD-2025-10670,2024-06-03,2024-06-05,2024,Q2,June,6,Standard Class,CUST-1019,Henry Jackson,Consumer,France,Europe,Auvergne-Rhône-Alpes,Lyon,PROD-FUR-145,Furniture,Bookcases,Solid Wood Library Cabinet,5,450,720,3600,0.1,360.0,3240.0,2250,990.0,30.56,Wire Transfer,5
ORD-2024-10162,2024-06-03,2024-06-04,2024,Q2,June,6,Standard Class,CUST-1011,Elijah Hernandez,Consumer,France,Europe,Île-de-France,Paris,PROD-OFF-103,Office Supplies,Appliances,Smart Office Air Purifier Pro,1,140,249,249,0.0,0.0,249.0,140,109.0,43.78,Credit Card,5
ORD-2026-12033,2024-06-04,2024-06-06,2024,Q2,June,6,Second Class,CUST-1021,Sebastian Lee,Corporate,Mexico,Latin America,Jalisco,Guadalajara,PROD-TEC-148,Technology,Phones,Samsung Galaxy S24,4,720,950,3800,0.1,380.0,3420.0,2880,540.0,15.79,Credit Card,5
ORD-2024-11389,2024-06-04,2024-06-07,2024,Q2,June,6,Standard Class,CUST-1021,Sebastian Lee,Corporate,United States,North America,Texas,Houston,PROD-TEC-183,Technology,Accessories,Bose QuietComfort Headphones,2,180,279,558,0.1,55.8,502.2,360,142.2,28.32,PayPal,4
ORD-2024-12697,2024-06-04,2024-06-07,2024,Q2,June,6,Standard Class,CUST-1006,Isabella Garcia,Corporate,Canada,North America,Ontario,Toronto,PROD-TEC-137,Technology,Laptops,HP Spectre x360,3,920,1250,3750,0.05,187.5,3562.5,2760,802.5,22.53,Credit Card,1
ORD-2025-11597,2024-06-04,2024-06-09,2024,Q2,June,6,First Class,CUST-1015,Daniel Anderson,Consumer,France,Europe,Île-de-France,Paris,PROD-FUR-139,Furniture,Tables,Coffee Break Lounge Table,1,120,210,210,0.05,10.5,199.5,120,79.5,39.85,Direct Debit,5
ORD-2024-13069,2024-06-04,2024-06-07,2024,Q2,June,6,Second Class,CUST-1020,Emily Martin,Home Office,Canada,North America,British Columbia,Vancouver,PROD-OFF-176,Office Supplies,Appliances,Smart Office Air Purifier Pro,6,140,249,1494,0.1,149.4,1344.6,840,504.6,37.53,Wire Transfer,5
ORD-2025-13085,2024-06-04,2024-06-07,2024,Q2,June,6,Standard Class,CUST-1004,Sophia Brown,Home Office,France,Europe,Auvergne-Rhône-Alpes,Lyon,PROD-TEC-163,Technology,Laptops,Dell XPS 15,2,1100,1450,2900,0.05,145.0,2755.0,2200,555.0,20.15,PayPal,5
ORD-2025-10010,2024-06-05,2024-06-07,2024,Q2,June,6,Standard Class,CUST-1024,Avery White,Home Office,Mexico,Latin America,Federal District,Mexico City,PROD-FUR-140,Furniture,Chairs,Steelcase Gesture Chair,1,820,1250,1250,0.0,0.0,1250.0,820,430.0,34.4,Wire Transfer,5
ORD-2025-11666,2024-06-05,2024-06-07,2024,Q2,June,6,Standard Class,CUST-1004,Sophia Brown,Consumer,Germany,Europe,Bavaria,Munich,PROD-FUR-120,Furniture,Bookcases,Modern 5-Tier Industrial Bookshelf,5,110,195,975,0.1,97.5,877.5,550,327.5,37.32,Wire Transfer,4
ORD-2026-12864,2024-06-05,2024-06-08,2024,Q2,June,6,First Class,CUST-1005,James Jones,Consumer,France,Europe,Auvergne-Rhône-Alpes,Lyon,PROD-TEC-105,Technology,Laptops,ThinkPad X1 Carbon,1,1050,1399,1399,0.0,0.0,1399.0,1050,349.0,24.95,PayPal,5
ORD-2026-11343,2024-06-05,2024-06-07,2024,Q2,June,6,Standard Class,CUST-1022,Elizabeth Perez,Corporate,France,Europe,Île-de-France,Paris,PROD-TEC-172,Technology,Phones,Google Pixel 8,10,540,699,6990,0.2,1398.0,5592.0,5400,192.0,3.43,Wire Transfer,4
ORD-2025-13058,2024-06-05,2024-06-07,2024,Q2,June,6,Standard Class,CUST-1011,Elijah Hernandez,Corporate,Mexico,Latin America,Jalisco,Guadalajara,PROD-FUR-158,Furniture,Tables,Solid Oak Conference Table,8,980,1480,11840,0.2,2368.0,9472.0,7840,1632.0,17.23,Credit Card,4
ORD-2025-11939,2024-06-06,2024-06-08,2024,Q2,June,6,Standard Class,CUST-1013,Alexander Gonzalez,Home Office,Germany,Europe,Bavaria,Munich,PROD-FUR-163,Furniture,Tables,Coffee Break Lounge Table,5,120,210,1050,0.15,157.5,892.5,600,292.5,32.77,Wire Transfer,4
ORD-2025-10523,2024-06-06,2024-06-09,2024,Q2,June,6,Standard Class,CUST-1004,Sophia Brown,Consumer,United States,North America,Texas,Houston,PROD-OFF-161,Office Supplies,Storage,Heavy Duty 4-Drawer File Cabinet,2,130,220,440,0.0,0.0,440.0,260,180.0,40.91,Credit Card,5
ORD-2025-12779,2024-06-06,2024-06-10,2024,Q2,June,6,Second Class,CUST-1000,Emma Watson,Consumer,Japan,Asia Pacific,Kanto,Tokyo,PROD-TEC-196,Technology,Phones,iPhone 15 Pro,1,850,1099,1099,0.0,0.0,1099.0,850,249.0,22.66,Credit Card,5
ORD-2025-12839,2024-06-06,2024-06-08,2024,Q2,June,6,Standard Class,CUST-1004,Sophia Brown,Home Office,United States,North America,New York,New York,PROD-TEC-151,Technology,Laptops,HP Spectre x360,1,920,1250,1250,0.1,125.0,1125.0,920,205.0,18.22,PayPal,2
ORD-2024-13456,2024-06-07,2024-06-09,2024,Q2,June,6,Standard Class,CUST-1013,Alexander Gonzalez,Consumer,United States,North America,Texas,Houston,PROD-FUR-119,Furniture,Tables,Modular Team Workstation,1,640,990,990,0.0,0.0,990.0,640,350.0,35.35,Credit Card,5
ORD-2025-11945,2024-06-07,2024-06-09,2024,Q2,June,6,Standard Class,CUST-1004,Sophia Brown,Corporate,Singapore,Asia Pacific,Central,Singapore,PROD-TEC-162,Technology,Accessories,Bose QuietComfort Headphones,2,180,279,558,0.05,27.9,530.1,360,170.1,32.09,Wire Transfer,5
ORD-2025-13292,2024-06-07,2024-06-09,2024,Q2,June,6,Standard Class,CUST-1014,Harper Wilson,Corporate,France,Europe,Auvergne-Rhône-Alpes,Lyon,PROD-FUR-130,Furniture,Bookcases,Glass Display Credenza,5,310,520,2600,0.15,390.0,2210.0,1550,660.0,29.86,Credit Card,5
ORD-2024-12862,2024-06-07,2024-06-08,2024,Q2,June,6,Standard Class,CUST-1027,Samuel Clark,Corporate,United Kingdom,Europe,England,Manchester,PROD-TEC-101,Technology,Phones,OnePlus 12,3,480,649,1947,0.15,292.05,1654.95,1440,214.95,12.99,Direct Debit,5
ORD-2024-12361,2024-06-07,2024-06-12,2024,Q2,June,6,Same Day,CUST-1015,Daniel Anderson,Consumer,Germany,Europe,Berlin,Berlin,PROD-TEC-148,Technology,Phones,Google Pixel 8,6,540,699,4194,0.15,629.1,3564.9,3240,324.9,9.11,Credit Card,5
ORD-2026-12561,2024-06-08,2024-06-10,2024,Q2,June,6,Standard Class,CUST-1012,Amelia Lopez,Consumer,Canada,North America,Ontario,Toronto,PROD-TEC-188,Technology,Accessories,Logitech MX Master 3S,6,55,99,594,0.15,89.1,504.9,330,174.9,34.64,Credit Card,5
ORD-2025-13310,2024-06-08,2024-06-09,2024,Q2,June,6,Second Class,CUST-1017,Matthew Taylor,Consumer,United States,North America,Illinois,Chicago,PROD-TEC-123,Technology,Phones,OnePlus 12,5,480,649,3245,0.1,324.5,2920.5,2400,520.5,17.82,Credit Card,5
ORD-2025-11912,2024-06-08,2024-06-09,2024,Q2,June,6,Standard Class,CUST-1002,Olivia Smith,Consumer,United States,North America,Texas,Houston,PROD-TEC-140,Technology,Laptops,HP Spectre x360,2,920,1250,2500,0.0,0.0,2500.0,1840,660.0,26.4,Wire Transfer,3
ORD-2026-10827,2024-06-08,2024-06-11,2024,Q2,June,6,Standard Class,CUST-1022,Elizabeth Perez,Consumer,France,Europe,Auvergne-Rhône-Alpes,Lyon,PROD-OFF-190,Office Supplies,Storage,Rolling Mobile Utility Cart,6,45,85,510,0.15,76.5,433.5,270,163.5,37.72,PayPal,5
ORD-2026-13293,2024-06-09,2024-06-12,2024,Q2,June,6,Second Class,CUST-1006,Isabella Garcia,Consumer,Mexico,Latin America,Federal District,Mexico City,PROD-TEC-171,Technology,Phones,Google Pixel 8,4,540,699,2796,0.05,139.8,2656.2,2160,496.2,18.68,Direct Debit,5
ORD-2025-11711,2024-06-09,2024-06-12,2024,Q2,June,6,First Class,CUST-1022,Elizabeth Perez,Home Office,Brazil,Latin America,Rio de Janeiro,Rio de Janeiro,PROD-TEC-153,Technology,Phones,Google Pixel 8,2,540,699,1398,0.0,0.0,1398.0,1080,318.0,22.75,Credit Card,4
ORD-2026-12738,2024-06-10,2024-06-13,2024,Q2,June,6,Second Class,CUST-1000,Emma Watson,Corporate,Canada,North America,Ontario,Toronto,PROD-FUR-160,Furniture,Tables,Coffee Break Lounge Table,2,120,210,420,0.15,63.0,357.0,240,117.0,32.77,Credit Card,3
ORD-2025-12290,2024-06-10,2024-06-14,2024,Q2,June,6,Second Class,CUST-1026,Ella Sanchez,Corporate,United States,North America,New York,New York,PROD-OFF-127,Office Supplies,Paper,Premium Multipurpose Laser Paper 5000ct,1,28,48,48,0.15,7.2,40.8,28,12.8,31.37,Credit Card,5
ORD-2024-10312,2024-06-10,2024-06-11,2024,Q2,June,6,Standard Class,CUST-1012,Amelia Lopez,Consumer,Canada,North America,Ontario,Toronto,PROD-TEC-112,Technology,Phones,iPhone 15 Pro,2,850,1099,2198,0.05,109.9,2088.1,1700,388.1,18.59,Wire Transfer,4
ORD-2025-10214,2024-06-10,2024-06-14,2024,Q2,June,6,Standard Class,CUST-1022,Elizabeth Perez,Corporate,United States,North America,Illinois,Chicago,PROD-TEC-146,Technology,Accessories,Bose QuietComfort Headphones,2,180,279,558,0.0,0.0,558.0,360,198.0,35.48,Credit Card,4
ORD-2026-10119,2024-06-10,2024-06-13,2024,Q2,June,6,First Class,CUST-1020,Emily Martin,Consumer,United States,North America,California,Los Angeles,PROD-TEC-131,Technology,Phones,Samsung Galaxy S24,4,720,950,3800,0.0,0.0,3800.0,2880,920.0,24.21,Wire Transfer,5
ORD-2026-10584,2024-06-10,2024-06-12,2024,Q2,June,6,Second Class,CUST-1009,Benjamin Rodriguez,Corporate,Canada,North America,British Columbia,Vancouver,PROD-FUR-153,Furniture,Chairs,Executive Leather Recliner,10,260,420,4200,0.15,630.0,3570.0,2600,970.0,27.17,Direct Debit,5
ORD-2026-10491,2024-06-10,2024-06-12,2024,Q2,June,6,Second Class,CUST-1024,Avery White,Home Office,India,Asia Pacific,Karnataka,Bangalore,PROD-FUR-162,Furniture,Tables,Coffee Break Lounge Table,5,120,210,1050,0.1,105.0,945.0,600,345.0,36.51,Credit Card,4
ORD-2025-11708,2024-06-10,2024-06-12,2024,Q2,June,6,Standard Class,CUST-1020,Emily Martin,Corporate,Germany,Europe,Bavaria,Munich,PROD-FUR-161,Furniture,Chairs,Steelcase Gesture Chair,4,820,1250,5000,0.0,0.0,5000.0,3280,1720.0,34.4,Credit Card,3
ORD-2024-12562,2024-06-11,2024-06-15,2024,Q2,June,6,Second Class,CUST-1028,Chloe Ramirez,Corporate,Germany,Europe,Berlin,Berlin,PROD-FUR-122,Furniture,Tables,Coffee Break Lounge Table,3,120,210,630,0.1,63.0,567.0,360,207.0,36.51,Credit Card,4
ORD-2024-12436,2024-06-11,2024-06-13,2024,Q2,June,6,Standard Class,CUST-1025,David Harris,Consumer,Germany,Europe,Bavaria,Munich,PROD-TEC-184,Technology,Phones,Samsung Galaxy S24,10,720,950,9500,0.2,1900.0,7600.0,7200,400.0,5.26,Wire Transfer,4
ORD-2026-11784,2024-06-12,2024-06-15,2024,Q2,June,6,Standard Class,CUST-1001,Liam Johnson,Corporate,Australia,Asia Pacific,Victoria,Melbourne,PROD-OFF-148,Office Supplies,Appliances,Commercial Espresso Barista Machine,1,620,950,950,0.0,0.0,950.0,620,330.0,34.74,Wire Transfer,4
ORD-2024-12985,2024-06-12,2024-06-16,2024,Q2,June,6,Standard Class,CUST-1011,Elijah Hernandez,Consumer,Canada,North America,British Columbia,Vancouver,PROD-OFF-181,Office Supplies,Storage,Rolling Mobile Utility Cart,4,45,85,340,0.1,34.0,306.0,180,126.0,41.18,Credit Card,4
ORD-2025-10529,2024-06-12,2024-06-13,2024,Q2,June,6,First Class,CUST-1017,Matthew Taylor,Corporate,United States,North America,Illinois,Chicago,PROD-FUR-194,Furniture,Bookcases,Modern 5-Tier Industrial Bookshelf,1,110,195,195,0.0,0.0,195.0,110,85.0,43.59,Wire Transfer,5
ORD-2025-10127,2024-06-12,2024-06-16,2024,Q2,June,6,First Class,CUST-1023,Jack Thompson,Consumer,India,Asia Pacific,Maharashtra,Mumbai,PROD-OFF-140,Office Supplies,Paper,Heavyweight Cardstock Reams,2,16,32,64,0.0,0.0,64.0,32,32.0,50.0,Credit Card,5
ORD-2025-12008,2024-06-12,2024-06-15,2024,Q2,June,6,Second Class,CUST-1000,Emma Watson,Consumer,Australia,Asia Pacific,Victoria,Melbourne,PROD-TEC-151,Technology,Laptops,MacBook Air M3,1,890,1199,1199,0.0,0.0,1199.0,890,309.0,25.77,Credit Card,3
ORD-2026-11484,2024-06-12,2024-06-17,2024,Q2,June,6,Standard Class,CUST-1014,Harper Wilson,Consumer,United States,North America,California,Los Angeles,PROD-FUR-171,Furniture,Bookcases,Modern 5-Tier Industrial Bookshelf,3,110,195,585,0.0,0.0,585.0,330,255.0,43.59,Credit Card,5
ORD-2026-10008,2024-06-12,2024-06-16,2024,Q2,June,6,Standard Class,CUST-1002,Olivia Smith,Consumer,Germany,Europe,Bavaria,Munich,PROD-FUR-188,Furniture,Bookcases,Modern 5-Tier Industrial Bookshelf,3,110,195,585,0.05,29.25,555.75,330,225.75,40.62,Wire Transfer,5
ORD-2026-10956,2024-06-12,2024-06-17,2024,Q2,June,6,Standard Class,CUST-1013,Alexander Gonzalez,Consumer,Mexico,Latin America,Jalisco,Guadalajara,PROD-TEC-190,Technology,Accessories,Anker USB-C Docking Hub,8,45,79,632,0.15,94.8,537.2,360,177.2,32.99,Direct Debit,1
ORD-2025-13253,2024-06-12,2024-06-16,2024,Q2,June,6,Standard Class,CUST-1015,Daniel Anderson,Consumer,United States,North America,New York,New York,PROD-OFF-143,Office Supplies,Appliances,Commercial Espresso Barista Machine,2,620,950,1900,0.05,95.0,1805.0,1240,565.0,31.3,Wire Transfer,2
ORD-2025-10622,2024-06-12,2024-06-18,2024,Q2,June,6,Standard Class,CUST-1010,Charlotte Martinez,Consumer,Germany,Europe,Berlin,Berlin,PROD-OFF-168,Office Supplies,Paper,Premium Multipurpose Laser Paper 5000ct,3,28,48,144,0.0,0.0,144.0,84,60.0,41.67,Direct Debit,4
ORD-2025-10463,2024-06-13,2024-06-17,2024,Q2,June,6,Second Class,CUST-1019,Henry Jackson,Consumer,United Kingdom,Europe,England,London,PROD-OFF-128,Office Supplies,Storage,Locking Security Storage Box,3,65,115,345,0.1,34.5,310.5,195,115.5,37.2,Credit Card,4
ORD-2026-12549,2024-06-13,2024-06-16,2024,Q2,June,6,Standard Class,CUST-1025,David Harris,Consumer,United States,North America,California,Los Angeles,PROD-TEC-181,Technology,Accessories,Logitech MX Master 3S,1,55,99,99,0.05,4.95,94.05,55,39.05,41.52,Credit Card,3
ORD-2024-11092,2024-06-13,2024-06-16,2024,Q2,June,6,Standard Class,CUST-1004,Sophia Brown,Consumer,United States,North America,Texas,Houston,PROD-TEC-115,Technology,Accessories,Bose QuietComfort Headphones,1,180,279,279,0.0,0.0,279.0,180,99.0,35.48,Credit Card,5
ORD-2024-11794,2024-06-14,2024-06-19,2024,Q2,June,6,First Class,CUST-1004,Sophia Brown,Home Office,Canada,North America,British Columbia,Vancouver,PROD-TEC-189,Technology,Laptops,Dell XPS 15,1,1100,1450,1450,0.05,72.5,1377.5,1100,277.5,20.15,Wire Transfer,4
ORD-2025-10142,2024-06-15,2024-06-18,2024,Q2,June,6,Second Class,CUST-1022,Elizabeth Perez,Consumer,Australia,Asia Pacific,Victoria,Melbourne,PROD-FUR-179,Furniture,Chairs,Ergonomic Mesh Task Chair,5,160,289,1445,0.2,289.0,1156.0,800,356.0,30.8,PayPal,5
ORD-2024-11413,2024-06-16,2024-06-18,2024,Q2,June,6,Same Day,CUST-1001,Liam Johnson,Consumer,Canada,North America,Ontario,Toronto,PROD-OFF-123,Office Supplies,Storage,Locking Security Storage Box,1,65,115,115,0.05,5.75,109.25,65,44.25,40.5,Credit Card,5
ORD-2024-13315,2024-06-17,2024-06-21,2024,Q2,June,6,First Class,CUST-1014,Harper Wilson,Home Office,Canada,North America,Ontario,Toronto,PROD-TEC-167,Technology,Accessories,Bose QuietComfort Headphones,2,180,279,558,0.1,55.8,502.2,360,142.2,28.32,Credit Card,5
ORD-2026-11547,2024-06-18,2024-06-20,2024,Q2,June,6,Second Class,CUST-1021,Sebastian Lee,Consumer,United Kingdom,Europe,England,London,PROD-OFF-165,Office Supplies,Paper,Executive Recycled Notepad Pack,4,12,24,96,0.0,0.0,96.0,48,48.0,50.0,Wire Transfer,5
ORD-2024-10189,2024-06-18,2024-06-21,2024,Q2,June,6,Second Class,CUST-1026,Ella Sanchez,Consumer,United States,North America,Illinois,Chicago,PROD-FUR-122,Furniture,Bookcases,Glass Display Credenza,2,310,520,1040,0.05,52.0,988.0,620,368.0,37.25,Credit Card,5
ORD-2026-12414,2024-06-18,2024-06-22,2024,Q2,June,6,Standard Class,CUST-1007,Lucas Miller,Consumer,France,Europe,Île-de-France,Paris,PROD-FUR-173,Furniture,Chairs,Ergonomic Mesh Task Chair,3,160,289,867,0.05,43.35,823.65,480,343.65,41.72,PayPal,5
ORD-2026-11226,2024-06-18,2024-06-21,2024,Q2,June,6,Standard Class,CUST-1028,Chloe Ramirez,Corporate,Germany,Europe,Bavaria,Munich,PROD-FUR-186,Furniture,Bookcases,Solid Wood Library Cabinet,3,450,720,2160,0.0,0.0,2160.0,1350,810.0,37.5,Wire Transfer,5
ORD-2026-12675,2024-06-18,2024-06-22,2024,Q2,June,6,Standard Class,CUST-1010,Charlotte Martinez,Home Office,Australia,Asia Pacific,New South Wales,Sydney,PROD-OFF-183,Office Supplies,Paper,Premium Multipurpose Laser Paper 5000ct,1,28,48,48,0.05,2.4,45.6,28,17.6,38.6,Direct Debit,4
ORD-2025-12953,2024-06-18,2024-06-21,2024,Q2,June,6,Standard Class,CUST-1015,Daniel Anderson,Corporate,Canada,North America,Ontario,Toronto,PROD-TEC-157,Technology,Laptops,MacBook Air M3,2,890,1199,2398,0.1,239.8,2158.2,1780,378.2,17.52,PayPal,4
ORD-2024-13075,2024-06-18,2024-06-21,2024,Q2,June,6,Standard Class,CUST-1028,Chloe Ramirez,Consumer,United States,North America,Texas,Houston,PROD-FUR-199,Furniture,Bookcases,Solid Wood Library Cabinet,2,450,720,1440,0.0,0.0,1440.0,900,540.0,37.5,Direct Debit,5
ORD-2026-10206,2024-06-19,2024-06-21,2024,Q2,June,6,Standard Class,CUST-1003,Noah Williams,Home Office,United Kingdom,Europe,England,London,PROD-TEC-106,Technology,Accessories,Logitech MX Master 3S,5,55,99,495,0.1,49.5,445.5,275,170.5,38.27,Credit Card,5
ORD-2025-10514,2024-06-19,2024-06-24,2024,Q2,June,6,Second Class,CUST-1014,Harper Wilson,Home Office,Germany,Europe,Bavaria,Munich,PROD-FUR-173,Furniture,Chairs,Steelcase Gesture Chair,4,820,1250,5000,0.0,0.0,5000.0,3280,1720.0,34.4,Credit Card,5
ORD-2024-12559,2024-06-19,2024-06-22,2024,Q2,June,6,Standard Class,CUST-1002,Olivia Smith,Corporate,Germany,Europe,Berlin,Berlin,PROD-FUR-104,Furniture,Chairs,Steelcase Gesture Chair,2,820,1250,2500,0.05,125.0,2375.0,1640,735.0,30.95,Wire Transfer,4
ORD-2025-10697,2024-06-19,2024-06-22,2024,Q2,June,6,Standard Class,CUST-1006,Isabella Garcia,Home Office,Brazil,Latin America,São Paulo,São Paulo,PROD-TEC-139,Technology,Laptops,MacBook Air M3,5,890,1199,5995,0.15,899.25,5095.75,4450,645.75,12.67,PayPal,4
ORD-2025-11474,2024-06-19,2024-06-21,2024,Q2,June,6,Second Class,CUST-1021,Sebastian Lee,Home Office,United States,North America,New York,New York,PROD-TEC-127,Technology,Laptops,MacBook Air M3,4,890,1199,4796,0.0,0.0,4796.0,3560,1236.0,25.77,Credit Card,5
ORD-2024-12622,2024-06-20,2024-06-21,2024,Q2,June,6,Standard Class,CUST-1011,Elijah Hernandez,Consumer,United States,North America,California,Los Angeles,PROD-TEC-109,Technology,Laptops,MacBook Air M3,2,890,1199,2398,0.0,0.0,2398.0,1780,618.0,25.77,Wire Transfer,5
ORD-2026-10227,2024-06-20,2024-06-23,2024,Q2,June,6,Same Day,CUST-1026,Ella Sanchez,Corporate,Germany,Europe,Berlin,Berlin,PROD-FUR-132,Furniture,Tables,Solid Oak Conference Table,3,980,1480,4440,0.0,0.0,4440.0,2940,1500.0,33.78,PayPal,4
ORD-2026-10545,2024-06-20,2024-06-21,2024,Q2,June,6,First Class,CUST-1015,Daniel Anderson,Consumer,Canada,North America,British Columbia,Vancouver,PROD-TEC-175,Technology,Laptops,Dell XPS 15,4,1100,1450,5800,0.0,0.0,5800.0,4400,1400.0,24.14,Credit Card,5
ORD-2025-10457,2024-06-20,2024-06-23,2024,Q2,June,6,First Class,CUST-1026,Ella Sanchez,Home Office,Australia,Asia Pacific,Victoria,Melbourne,PROD-FUR-113,Furniture,Bookcases,Solid Wood Library Cabinet,2,450,720,1440,0.0,0.0,1440.0,900,540.0,37.5,Credit Card,5
ORD-2024-10186,2024-06-20,2024-06-21,2024,Q2,June,6,Standard Class,CUST-1024,Avery White,Consumer,United States,North America,California,Los Angeles,PROD-FUR-173,Furniture,Chairs,Executive Leather Recliner,4,260,420,1680,0.05,84.0,1596.0,1040,556.0,34.84,Wire Transfer,5
ORD-2024-10468,2024-06-21,2024-06-22,2024,Q2,June,6,Same Day,CUST-1010,Charlotte Martinez,Consumer,India,Asia Pacific,Maharashtra,Mumbai,PROD-TEC-136,Technology,Laptops,HP Spectre x360,4,920,1250,5000,0.05,250.0,4750.0,3680,1070.0,22.53,Wire Transfer,4
ORD-2026-11865,2024-06-21,2024-06-24,2024,Q2,June,6,Same Day,CUST-1011,Elijah Hernandez,Home Office,United Kingdom,Europe,England,Manchester,PROD-FUR-154,Furniture,Tables,Smart Motorized Standing Desk,3,320,560,1680,0.05,84.0,1596.0,960,636.0,39.85,Credit Card,3
ORD-2025-13430,2024-06-21,2024-06-23,2024,Q2,June,6,Standard Class,CUST-1008,Mia Davis,Corporate,Mexico,Latin America,Federal District,Mexico City,PROD-OFF-194,Office Supplies,Appliances,Commercial Espresso Barista Machine,2,620,950,1900,0.15,285.0,1615.0,1240,375.0,23.22,Credit Card,4
ORD-2025-11549,2024-06-21,2024-06-23,2024,Q2,June,6,First Class,CUST-1027,Samuel Clark,Corporate,Singapore,Asia Pacific,Central,Singapore,PROD-TEC-122,Technology,Accessories,Anker USB-C Docking Hub,3,45,79,237,0.0,0.0,237.0,135,102.0,43.04,PayPal,5
ORD-2024-11560,2024-06-21,2024-06-23,2024,Q2,June,6,Standard Class,CUST-1009,Benjamin Rodriguez,Consumer,United States,North America,Texas,Houston,PROD-TEC-155,Technology,Laptops,ThinkPad X1 Carbon,4,1050,1399,5596,0.05,279.8,5316.2,4200,1116.2,21.0,Wire Transfer,5
ORD-2026-12657,2024-06-22,2024-06-27,2024,Q2,June,6,First Class,CUST-1002,Olivia Smith,Consumer,United States,North America,Texas,Houston,PROD-FUR-174,Furniture,Tables,Modular Team Workstation,1,640,990,990,0.0,0.0,990.0,640,350.0,35.35,Credit Card,3
ORD-2024-12121,2024-06-23,2024-06-26,2024,Q2,June,6,Standard Class,CUST-1020,Emily Martin,Corporate,Canada,North America,British Columbia,Vancouver,PROD-TEC-173,Technology,Laptops,ThinkPad X1 Carbon,1,1050,1399,1399,0.0,0.0,1399.0,1050,349.0,24.95,Direct Debit,4
ORD-2025-10433,2024-06-23,2024-06-26,2024,Q2,June,6,Standard Class,CUST-1007,Lucas Miller,Consumer,India,Asia Pacific,Maharashtra,Mumbai,PROD-OFF-161,Office Supplies,Storage,Locking Security Storage Box,4,65,115,460,0.0,0.0,460.0,260,200.0,43.48,PayPal,4
ORD-2025-11552,2024-06-23,2024-06-27,2024,Q2,June,6,Standard Class,CUST-1004,Sophia Brown,Consumer,United States,North America,Illinois,Chicago,PROD-OFF-147,Office Supplies,Storage,Locking Security Storage Box,2,65,115,230,0.0,0.0,230.0,130,100.0,43.48,Wire Transfer,5
ORD-2024-12010,2024-06-23,2024-06-27,2024,Q2,June,6,Standard Class,CUST-1023,Jack Thompson,Consumer,Germany,Europe,Berlin,Berlin,PROD-TEC-126,Technology,Accessories,Bose QuietComfort Headphones,1,180,279,279,0.1,27.9,251.1,180,71.1,28.32,Wire Transfer,5
ORD-2024-12106,2024-06-23,2024-06-26,2024,Q2,June,6,Second Class,CUST-1009,Benjamin Rodriguez,Consumer,United States,North America,Illinois,Chicago,PROD-OFF-153,Office Supplies,Appliances,Heavy Duty Cross-Cut Shredder,3,90,165,495,0.1,49.5,445.5,270,175.5,39.39,Credit Card,4
ORD-2026-13002,2024-06-24,2024-06-27,2024,Q2,June,6,Standard Class,CUST-1010,Charlotte Martinez,Corporate,Canada,North America,Ontario,Toronto,PROD-OFF-177,Office Supplies,Appliances,Smart Office Air Purifier Pro,1,140,249,249,0.05,12.45,236.55,140,96.55,40.82,Credit Card,4
ORD-2024-12592,2024-06-24,2024-06-27,2024,Q2,June,6,First Class,CUST-1006,Isabella Garcia,Consumer,Singapore,Asia Pacific,Central,Singapore,PROD-FUR-103,Furniture,Bookcases,Glass Display Credenza,1,310,520,520,0.1,52.0,468.0,310,158.0,33.76,Credit Card,4
ORD-2026-11262,2024-06-25,2024-06-28,2024,Q2,June,6,Standard Class,CUST-1001,Liam Johnson,Corporate,United Kingdom,Europe,England,Manchester,PROD-TEC-115,Technology,Phones,iPhone 15 Pro,1,850,1099,1099,0.0,0.0,1099.0,850,249.0,22.66,PayPal,5
ORD-2024-11188,2024-06-25,2024-06-27,2024,Q2,June,6,Same Day,CUST-1029,Joseph Lewis,Corporate,Australia,Asia Pacific,New South Wales,Sydney,PROD-OFF-142,Office Supplies,Appliances,Smart Office Air Purifier Pro,3,140,249,747,0.05,37.35,709.65,420,289.65,40.82,Wire Transfer,5
ORD-2025-11030,2024-06-26,2024-07-01,2024,Q2,June,6,Standard Class,CUST-1000,Emma Watson,Consumer,Canada,North America,Ontario,Toronto,PROD-OFF-128,Office Supplies,Paper,Heavyweight Cardstock Reams,1,16,32,32,0.05,1.6,30.4,16,14.4,47.37,Credit Card,5
ORD-2026-11535,2024-06-26,2024-06-30,2024,Q2,June,6,Standard Class,CUST-1006,Isabella Garcia,Consumer,United States,North America,California,Los Angeles,PROD-TEC-120,Technology,Phones,iPhone 15 Pro,4,850,1099,4396,0.1,439.6,3956.4,3400,556.4,14.06,PayPal,5
ORD-2026-12036,2024-06-26,2024-07-01,2024,Q2,June,6,Second Class,CUST-1004,Sophia Brown,Home Office,United States,North America,New York,New York,PROD-OFF-196,Office Supplies,Paper,Premium Multipurpose Laser Paper 5000ct,2,28,48,96,0.05,4.8,91.2,56,35.2,38.6,Credit Card,4
ORD-2026-11562,2024-06-26,2024-06-28,2024,Q2,June,6,Standard Class,CUST-1022,Elizabeth Perez,Consumer,United Kingdom,Europe,England,London,PROD-FUR-181,Furniture,Chairs,Steelcase Gesture Chair,5,820,1250,6250,0.1,625.0,5625.0,4100,1525.0,27.11,Direct Debit,5
ORD-2025-11363,2024-06-26,2024-06-28,2024,Q2,June,6,Standard Class,CUST-1001,Liam Johnson,Consumer,Canada,North America,Ontario,Toronto,PROD-TEC-148,Technology,Laptops,HP Spectre x360,2,920,1250,2500,0.05,125.0,2375.0,1840,535.0,22.53,Credit Card,4
ORD-2024-11248,2024-06-26,2024-06-29,2024,Q2,June,6,First Class,CUST-1011,Elijah Hernandez,Consumer,Japan,Asia Pacific,Kanto,Tokyo,PROD-OFF-118,Office Supplies,Paper,Heavyweight Cardstock Reams,10,16,32,320,0.1,32.0,288.0,160,128.0,44.44,Credit Card,5
ORD-2024-12490,2024-06-26,2024-06-29,2024,Q2,June,6,Standard Class,CUST-1003,Noah Williams,Consumer,Singapore,Asia Pacific,Central,Singapore,PROD-FUR-157,Furniture,Bookcases,Modern 5-Tier Industrial Bookshelf,3,110,195,585,0.0,0.0,585.0,330,255.0,43.59,Credit Card,5
ORD-2026-12870,2024-06-27,2024-07-01,2024,Q2,June,6,Standard Class,CUST-1021,Sebastian Lee,Corporate,United States,North America,Texas,Houston,PROD-FUR-152,Furniture,Chairs,Executive Leather Recliner,4,260,420,1680,0.0,0.0,1680.0,1040,640.0,38.1,Credit Card,5
ORD-2026-10215,2024-06-27,2024-06-28,2024,Q2,June,6,Standard Class,CUST-1014,Harper Wilson,Corporate,United Kingdom,Europe,England,London,PROD-FUR-102,Furniture,Chairs,Herman Miller Aeron Chair,1,750,1195,1195,0.1,119.5,1075.5,750,325.5,30.26,Credit Card,5
ORD-2024-10204,2024-06-28,2024-06-30,2024,Q2,June,6,Second Class,CUST-1022,Elizabeth Perez,Consumer,Germany,Europe,Berlin,Berlin,PROD-FUR-122,Furniture,Bookcases,Solid Wood Library Cabinet,2,450,720,1440,0.05,72.0,1368.0,900,468.0,34.21,PayPal,4
ORD-2025-13181,2024-06-28,2024-07-02,2024,Q2,June,6,First Class,CUST-1029,Joseph Lewis,Corporate,Canada,North America,British Columbia,Vancouver,PROD-FUR-128,Furniture,Chairs,Herman Miller Aeron Chair,1,750,1195,1195,0.0,0.0,1195.0,750,445.0,37.24,Wire Transfer,2
ORD-2024-10552,2024-06-28,2024-06-29,2024,Q2,June,6,Standard Class,CUST-1002,Olivia Smith,Consumer,Brazil,Latin America,Rio de Janeiro,Rio de Janeiro,PROD-OFF-125,Office Supplies,Appliances,Smart Office Air Purifier Pro,4,140,249,996,0.0,0.0,996.0,560,436.0,43.78,Direct Debit,4
ORD-2025-12194,2024-06-29,2024-07-03,2024,Q2,June,6,Standard Class,CUST-1017,Matthew Taylor,Home Office,Canada,North America,British Columbia,Vancouver,PROD-TEC-175,Technology,Laptops,ThinkPad X1 Carbon,3,1050,1399,4197,0.05,209.85,3987.15,3150,837.15,21.0,Credit Card,4
ORD-2025-13463,2024-06-29,2024-07-01,2024,Q2,June,6,Standard Class,CUST-1019,Henry Jackson,Consumer,Mexico,Latin America,Federal District,Mexico City,PROD-TEC-113,Technology,Laptops,ThinkPad X1 Carbon,1,1050,1399,1399,0.1,139.9,1259.1,1050,209.1,16.61,Direct Debit,5
ORD-2026-12477,2024-06-29,2024-06-30,2024,Q2,June,6,Second Class,CUST-1008,Mia Davis,Consumer,India,Asia Pacific,Maharashtra,Mumbai,PROD-FUR-126,Furniture,Chairs,Steelcase Gesture Chair,3,820,1250,3750,0.05,187.5,3562.5,2460,1102.5,30.95,Credit Card,5
ORD-2024-11074,2024-06-29,2024-07-01,2024,Q2,June,6,Standard Class,CUST-1008,Mia Davis,Corporate,Brazil,Latin America,São Paulo,São Paulo,PROD-OFF-144,Office Supplies,Storage,Heavy Duty 4-Drawer File Cabinet,1,130,220,220,0.1,22.0,198.0,130,68.0,34.34,Wire Transfer,5
ORD-2026-11991,2024-06-30,2024-07-02,2024,Q2,June,6,Second Class,CUST-1023,Jack Thompson,Home Office,Australia,Asia Pacific,Victoria,Melbourne,PROD-OFF-144,Office Supplies,Paper,Heavyweight Cardstock Reams,1,16,32,32,0.0,0.0,32.0,16,16.0,50.0,Wire Transfer,3
ORD-2024-11401,2024-06-30,2024-07-04,2024,Q2,June,6,Same Day,CUST-1006,Isabella Garcia,Home Office,Germany,Europe,Bavaria,Munich,PROD-FUR-162,Furniture,Chairs,Ergonomic Mesh Task Chair,2,160,289,578,0.05,28.9,549.1,320,229.1,41.72,Wire Transfer,4
ORD-2024-12682,2024-06-30,2024-07-02,2024,Q2,June,6,Second Class,CUST-1025,David Harris,Consumer,India,Asia Pacific,Karnataka,Bangalore,PROD-FUR-193,Furniture,Tables,Solid Oak Conference Table,2,980,1480,2960,0.05,148.0,2812.0,1960,852.0,30.3,Wire Transfer,2
ORD-2025-10787,2024-07-01,2024-07-06,2024,Q3,July,7,Standard Class,CUST-1023,Jack Thompson,Home Office,India,Asia Pacific,Maharashtra,Mumbai,PROD-FUR-141,Furniture,Bookcases,Glass Display Credenza,1,310,520,520,0.0,0.0,520.0,310,210.0,40.38,Credit Card,5
ORD-2026-12423,2024-07-01,2024-07-06,2024,Q3,July,7,First Class,CUST-1010,Charlotte Martinez,Corporate,India,Asia Pacific,Karnataka,Bangalore,PROD-FUR-185,Furniture,Chairs,Ergonomic Mesh Task Chair,1,160,289,289,0.0,0.0,289.0,160,129.0,44.64,Wire Transfer,3
ORD-2024-12505,2024-07-01,2024-07-04,2024,Q3,July,7,Same Day,CUST-1003,Noah Williams,Corporate,Canada,North America,British Columbia,Vancouver,PROD-TEC-184,Technology,Laptops,Dell XPS 15,3,1100,1450,4350,0.1,435.0,3915.0,3300,615.0,15.71,Credit Card,5
ORD-2026-10308,2024-07-02,2024-07-04,2024,Q3,July,7,Standard Class,CUST-1008,Mia Davis,Home Office,France,Europe,Auvergne-Rhône-Alpes,Lyon,PROD-TEC-196,Technology,Phones,iPhone 15 Pro,1,850,1099,1099,0.05,54.95,1044.05,850,194.05,18.59,Direct Debit,5
ORD-2026-10773,2024-07-02,2024-07-05,2024,Q3,July,7,Standard Class,CUST-1000,Emma Watson,Consumer,Mexico,Latin America,Jalisco,Guadalajara,PROD-FUR-153,Furniture,Bookcases,Modern 5-Tier Industrial Bookshelf,1,110,195,195,0.1,19.5,175.5,110,65.5,37.32,Credit Card,4
ORD-2024-10510,2024-07-02,2024-07-06,2024,Q3,July,7,First Class,CUST-1001,Liam Johnson,Consumer,Australia,Asia Pacific,Victoria,Melbourne,PROD-TEC-197,Technology,Accessories,Anker USB-C Docking Hub,3,45,79,237,0.05,11.85,225.15,135,90.15,40.04,Credit Card,2
ORD-2026-13158,2024-07-03,2024-07-06,2024,Q3,July,7,Standard Class,CUST-1007,Lucas Miller,Home Office,France,Europe,Auvergne-Rhône-Alpes,Lyon,PROD-TEC-176,Technology,Accessories,Anker USB-C Docking Hub,2,45,79,158,0.05,7.9,150.1,90,60.1,40.04,Wire Transfer,4
ORD-2025-11390,2024-07-03,2024-07-04,2024,Q3,July,7,Standard Class,CUST-1010,Charlotte Martinez,Corporate,United Kingdom,Europe,England,London,PROD-FUR-113,Furniture,Bookcases,Solid Wood Library Cabinet,1,450,720,720,0.1,72.0,648.0,450,198.0,30.56,Credit Card,5
ORD-2024-11524,2024-07-03,2024-07-04,2024,Q3,July,7,Standard Class,CUST-1020,Emily Martin,Consumer,United States,North America,New York,New York,PROD-OFF-163,Office Supplies,Paper,Executive Recycled Notepad Pack,2,12,24,48,0.0,0.0,48.0,24,24.0,50.0,Wire Transfer,5
ORD-2026-12771,2024-07-04,2024-07-07,2024,Q3,July,7,Standard Class,CUST-1014,Harper Wilson,Corporate,United States,North America,New York,New York,PROD-FUR-145,Furniture,Bookcases,Glass Display Credenza,1,310,520,520,0.0,0.0,520.0,310,210.0,40.38,Direct Debit,5
ORD-2024-10651,2024-07-04,2024-07-06,2024,Q3,July,7,First Class,CUST-1020,Emily Martin,Corporate,United States,North America,California,Los Angeles,PROD-FUR-119,Furniture,Tables,Solid Oak Conference Table,2,980,1480,2960,0.05,148.0,2812.0,1960,852.0,30.3,Credit Card,5
ORD-2026-12633,2024-07-04,2024-07-07,2024,Q3,July,7,Standard Class,CUST-1024,Avery White,Corporate,India,Asia Pacific,Karnataka,Bangalore,PROD-FUR-139,Furniture,Bookcases,Glass Display Credenza,4,310,520,2080,0.0,0.0,2080.0,1240,840.0,40.38,Credit Card,4
ORD-2024-13072,2024-07-05,2024-07-06,2024,Q3,July,7,Standard Class,CUST-1000,Emma Watson,Consumer,United States,North America,Illinois,Chicago,PROD-FUR-113,Furniture,Bookcases,Solid Wood Library Cabinet,3,450,720,2160,0.0,0.0,2160.0,1350,810.0,37.5,Direct Debit,5
ORD-2024-11506,2024-07-05,2024-07-09,2024,Q3,July,7,Standard Class,CUST-1021,Sebastian Lee,Corporate,Germany,Europe,Berlin,Berlin,PROD-FUR-102,Furniture,Bookcases,Modern 5-Tier Industrial Bookshelf,1,110,195,195,0.0,0.0,195.0,110,85.0,43.59,PayPal,5
ORD-2026-13494,2024-07-05,2024-07-06,2024,Q3,July,7,Standard Class,CUST-1029,Joseph Lewis,Consumer,France,Europe,Auvergne-Rhône-Alpes,Lyon,PROD-OFF-187,Office Supplies,Appliances,Smart Office Air Purifier Pro,2,140,249,498,0.05,24.9,473.1,280,193.1,40.82,Wire Transfer,5
ORD-2026-11133,2024-07-06,2024-07-09,2024,Q3,July,7,Standard Class,CUST-1020,Emily Martin,Home Office,France,Europe,Île-de-France,Paris,PROD-FUR-168,Furniture,Chairs,Ergonomic Mesh Task Chair,4,160,289,1156,0.0,0.0,1156.0,640,516.0,44.64,Direct Debit,5
ORD-2025-12857,2024-07-06,2024-07-08,2024,Q3,July,7,Standard Class,CUST-1001,Liam Johnson,Consumer,United States,North America,California,Los Angeles,PROD-FUR-119,Furniture,Bookcases,Modern 5-Tier Industrial Bookshelf,2,110,195,390,0.1,39.0,351.0,220,131.0,37.32,Wire Transfer,4
ORD-2025-11081,2024-07-06,2024-07-09,2024,Q3,July,7,Second Class,CUST-1002,Olivia Smith,Consumer,Canada,North America,Ontario,Toronto,PROD-OFF-171,Office Supplies,Storage,Locking Security Storage Box,6,65,115,690,0.2,138.0,552.0,390,162.0,29.35,Wire Transfer,3
ORD-2025-11285,2024-07-06,2024-07-07,2024,Q3,July,7,First Class,CUST-1006,Isabella Garcia,Home Office,Singapore,Asia Pacific,Central,Singapore,PROD-TEC-144,Technology,Laptops,Dell XPS 15,5,1100,1450,7250,0.1,725.0,6525.0,5500,1025.0,15.71,Wire Transfer,5
ORD-2024-13201,2024-07-06,2024-07-09,2024,Q3,July,7,Standard Class,CUST-1004,Sophia Brown,Home Office,India,Asia Pacific,Karnataka,Bangalore,PROD-TEC-102,Technology,Accessories,Bose QuietComfort Headphones,3,180,279,837,0.0,0.0,837.0,540,297.0,35.48,Credit Card,4
ORD-2026-11064,2024-07-07,2024-07-08,2024,Q3,July,7,Second Class,CUST-1008,Mia Davis,Consumer,Germany,Europe,Berlin,Berlin,PROD-TEC-166,Technology,Phones,Samsung Galaxy S24,3,720,950,2850,0.1,285.0,2565.0,2160,405.0,15.79,Direct Debit,4
ORD-2026-10161,2024-07-07,2024-07-12,2024,Q3,July,7,Standard Class,CUST-1020,Emily Martin,Home Office,United Kingdom,Europe,England,London,PROD-OFF-198,Office Supplies,Appliances,Commercial Espresso Barista Machine,1,620,950,950,0.0,0.0,950.0,620,330.0,34.74,Wire Transfer,5
ORD-2026-11274,2024-07-08,2024-07-12,2024,Q3,July,7,Standard Class,CUST-1021,Sebastian Lee,Corporate,United Kingdom,Europe,England,Manchester,PROD-TEC-118,Technology,Accessories,Anker USB-C Docking Hub,2,45,79,158,0.0,0.0,158.0,90,68.0,43.04,Credit Card,2
ORD-2025-12191,2024-07-08,2024-07-09,2024,Q3,July,7,First Class,CUST-1011,Elijah Hernandez,Consumer,Australia,Asia Pacific,Victoria,Melbourne,PROD-TEC-186,Technology,Phones,iPhone 15 Pro,1,850,1099,1099,0.05,54.95,1044.05,850,194.05,18.59,PayPal,3
ORD-2024-11977,2024-07-08,2024-07-11,2024,Q3,July,7,Standard Class,CUST-1029,Joseph Lewis,Consumer,Canada,North America,Ontario,Toronto,PROD-FUR-160,Furniture,Tables,Modular Team Workstation,5,640,990,4950,0.1,495.0,4455.0,3200,1255.0,28.17,Wire Transfer,1
ORD-2026-11754,2024-07-08,2024-07-10,2024,Q3,July,7,Standard Class,CUST-1021,Sebastian Lee,Corporate,United States,North America,California,Los Angeles,PROD-FUR-180,Furniture,Chairs,Steelcase Gesture Chair,1,820,1250,1250,0.05,62.5,1187.5,820,367.5,30.95,Credit Card,5
ORD-2025-10730,2024-07-08,2024-07-11,2024,Q3,July,7,Second Class,CUST-1015,Daniel Anderson,Corporate,Singapore,Asia Pacific,Central,Singapore,PROD-TEC-122,Technology,Laptops,MacBook Air M3,1,890,1199,1199,0.1,119.9,1079.1,890,189.1,17.52,Credit Card,5
ORD-2026-12465,2024-07-09,2024-07-10,2024,Q3,July,7,First Class,CUST-1011,Elijah Hernandez,Corporate,United States,North America,Illinois,Chicago,PROD-OFF-135,Office Supplies,Appliances,Smart Office Air Purifier Pro,1,140,249,249,0.1,24.9,224.1,140,84.1,37.53,Credit Card,4
ORD-2024-12382,2024-07-09,2024-07-13,2024,Q3,July,7,Second Class,CUST-1016,Evelyn Thomas,Home Office,Germany,Europe,Bavaria,Munich,PROD-FUR-163,Furniture,Chairs,Ergonomic Mesh Task Chair,3,160,289,867,0.05,43.35,823.65,480,343.65,41.72,Credit Card,5
ORD-2024-11632,2024-07-09,2024-07-11,2024,Q3,July,7,Second Class,CUST-1013,Alexander Gonzalez,Consumer,United States,North America,California,Los Angeles,PROD-FUR-162,Furniture,Bookcases,Glass Display Credenza,1,310,520,520,0.05,26.0,494.0,310,184.0,37.25,Credit Card,1
ORD-2026-12363,2024-07-10,2024-07-15,2024,Q3,July,7,Standard Class,CUST-1017,Matthew Taylor,Home Office,United Kingdom,Europe,England,Manchester,PROD-TEC-190,Technology,Accessories,Anker USB-C Docking Hub,8,45,79,632,0.15,94.8,537.2,360,177.2,32.99,Credit Card,5
ORD-2024-10279,2024-07-10,2024-07-15,2024,Q3,July,7,Second Class,CUST-1003,Noah Williams,Consumer,France,Europe,Île-de-France,Paris,PROD-TEC-101,Technology,Phones,Google Pixel 8,2,540,699,1398,0.05,69.9,1328.1,1080,248.1,18.68,Credit Card,5
ORD-2026-11622,2024-07-10,2024-07-15,2024,Q3,July,7,Standard Class,CUST-1019,Henry Jackson,Corporate,United Kingdom,Europe,England,Manchester,PROD-OFF-164,Office Supplies,Paper,Heavyweight Cardstock Reams,6,16,32,192,0.15,28.8,163.2,96,67.2,41.18,Credit Card,5
ORD-2026-11085,2024-07-11,2024-07-14,2024,Q3,July,7,Standard Class,CUST-1013,Alexander Gonzalez,Consumer,United Kingdom,Europe,England,Manchester,PROD-OFF-118,Office Supplies,Paper,Heavyweight Cardstock Reams,2,16,32,64,0.0,0.0,64.0,32,32.0,50.0,Direct Debit,5
ORD-2025-12113,2024-07-11,2024-07-15,2024,Q3,July,7,Same Day,CUST-1025,David Harris,Corporate,United States,North America,Illinois,Chicago,PROD-OFF-119,Office Supplies,Paper,Heavyweight Cardstock Reams,2,16,32,64,0.0,0.0,64.0,32,32.0,50.0,PayPal,4
ORD-2025-13178,2024-07-11,2024-07-12,2024,Q3,July,7,First Class,CUST-1004,Sophia Brown,Corporate,United States,North America,Illinois,Chicago,PROD-OFF-182,Office Supplies,Storage,Rolling Mobile Utility Cart,2,45,85,170,0.05,8.5,161.5,90,71.5,44.27,Credit Card,4
ORD-2026-12417,2024-07-11,2024-07-13,2024,Q3,July,7,Second Class,CUST-1011,Elijah Hernandez,Consumer,United States,North America,Texas,Houston,PROD-TEC-126,Technology,Accessories,Dell 4K UltraSharp Monitor,1,340,489,489,0.0,0.0,489.0,340,149.0,30.47,Wire Transfer,3
ORD-2025-11264,2024-07-12,2024-07-14,2024,Q3,July,7,Second Class,CUST-1009,Benjamin Rodriguez,Consumer,India,Asia Pacific,Karnataka,Bangalore,PROD-TEC-183,Technology,Laptops,Dell XPS 15,6,1100,1450,8700,0.15,1305.0,7395.0,6600,795.0,10.75,PayPal,4
ORD-2026-12540,2024-07-13,2024-07-17,2024,Q3,July,7,Standard Class,CUST-1015,Daniel Anderson,Consumer,Canada,North America,British Columbia,Vancouver,PROD-FUR-124,Furniture,Bookcases,Modern 5-Tier Industrial Bookshelf,2,110,195,390,0.1,39.0,351.0,220,131.0,37.32,Wire Transfer,3
ORD-2025-10940,2024-07-13,2024-07-17,2024,Q3,July,7,Standard Class,CUST-1019,Henry Jackson,Consumer,United Kingdom,Europe,England,London,PROD-FUR-185,Furniture,Tables,Solid Oak Conference Table,3,980,1480,4440,0.0,0.0,4440.0,2940,1500.0,33.78,Credit Card,5
ORD-2026-12591,2024-07-13,2024-07-16,2024,Q3,July,7,Standard Class,CUST-1029,Joseph Lewis,Consumer,France,Europe,Auvergne-Rhône-Alpes,Lyon,PROD-TEC-131,Technology,Laptops,HP Spectre x360,2,920,1250,2500,0.0,0.0,2500.0,1840,660.0,26.4,Credit Card,5
ORD-2026-11403,2024-07-13,2024-07-15,2024,Q3,July,7,Standard Class,CUST-1005,James Jones,Consumer,Canada,North America,Ontario,Toronto,PROD-TEC-145,Technology,Accessories,Bose QuietComfort Headphones,5,180,279,1395,0.1,139.5,1255.5,900,355.5,28.32,Wire Transfer,3
ORD-2024-12568,2024-07-14,2024-07-16,2024,Q3,July,7,Standard Class,CUST-1002,Olivia Smith,Corporate,United Kingdom,Europe,England,Manchester,PROD-FUR-181,Furniture,Tables,Solid Oak Conference Table,6,980,1480,8880,0.15,1332.0,7548.0,5880,1668.0,22.1,Credit Card,4
ORD-2026-12018,2024-07-14,2024-07-17,2024,Q3,July,7,Standard Class,CUST-1028,Chloe Ramirez,Consumer,United States,North America,Texas,Houston,PROD-FUR-147,Furniture,Chairs,Executive Leather Recliner,2,260,420,840,0.0,0.0,840.0,520,320.0,38.1,Credit Card,4
ORD-2025-10883,2024-07-14,2024-07-18,2024,Q3,July,7,Second Class,CUST-1013,Alexander Gonzalez,Corporate,France,Europe,Auvergne-Rhône-Alpes,Lyon,PROD-TEC-124,Technology,Laptops,MacBook Air M3,3,890,1199,3597,0.0,0.0,3597.0,2670,927.0,25.77,Wire Transfer,4
ORD-2026-12495,2024-07-17,2024-07-20,2024,Q3,July,7,Standard Class,CUST-1014,Harper Wilson,Corporate,United States,North America,Texas,Houston,PROD-OFF-111,Office Supplies,Appliances,Commercial Espresso Barista Machine,4,620,950,3800,0.0,0.0,3800.0,2480,1320.0,34.74,Credit Card,5
ORD-2024-11299,2024-07-17,2024-07-20,2024,Q3,July,7,Standard Class,CUST-1018,Abigail Moore,Corporate,Brazil,Latin America,Rio de Janeiro,Rio de Janeiro,PROD-TEC-159,Technology,Laptops,HP Spectre x360,2,920,1250,2500,0.1,250.0,2250.0,1840,410.0,18.22,Credit Card,5
ORD-2025-13343,2024-07-17,2024-07-20,2024,Q3,July,7,First Class,CUST-1023,Jack Thompson,Consumer,Mexico,Latin America,Jalisco,Guadalajara,PROD-FUR-133,Furniture,Chairs,Herman Miller Aeron Chair,1,750,1195,1195,0.0,0.0,1195.0,750,445.0,37.24,Direct Debit,5
ORD-2024-11368,2024-07-18,2024-07-20,2024,Q3,July,7,Standard Class,CUST-1008,Mia Davis,Consumer,United Kingdom,Europe,England,London,PROD-TEC-192,Technology,Accessories,Anker USB-C Docking Hub,3,45,79,237,0.0,0.0,237.0,135,102.0,43.04,Wire Transfer,4
ORD-2025-11972,2024-07-19,2024-07-23,2024,Q3,July,7,Standard Class,CUST-1008,Mia Davis,Corporate,United States,North America,California,Los Angeles,PROD-OFF-175,Office Supplies,Storage,Heavy Duty 4-Drawer File Cabinet,2,130,220,440,0.05,22.0,418.0,260,158.0,37.8,Wire Transfer,1
ORD-2026-12486,2024-07-21,2024-07-24,2024,Q3,July,7,Standard Class,CUST-1024,Avery White,Consumer,France,Europe,Île-de-France,Paris,PROD-OFF-181,Office Supplies,Storage,Heavy Duty 4-Drawer File Cabinet,4,130,220,880,0.0,0.0,880.0,520,360.0,40.91,Credit Card,5
ORD-2025-13163,2024-07-21,2024-07-24,2024,Q3,July,7,Standard Class,CUST-1021,Sebastian Lee,Consumer,Brazil,Latin America,São Paulo,São Paulo,PROD-TEC-163,Technology,Phones,OnePlus 12,2,480,649,1298,0.1,129.8,1168.2,960,208.2,17.82,Direct Debit,4
ORD-2025-13112,2024-07-21,2024-07-24,2024,Q3,July,7,Standard Class,CUST-1003,Noah Williams,Consumer,Japan,Asia Pacific,Kanto,Tokyo,PROD-TEC-143,Technology,Laptops,Dell XPS 15,2,1100,1450,2900,0.1,290.0,2610.0,2200,410.0,15.71,Wire Transfer,5
ORD-2024-13174,2024-07-21,2024-07-23,2024,Q3,July,7,Second Class,CUST-1004,Sophia Brown,Consumer,India,Asia Pacific,Karnataka,Bangalore,PROD-FUR-152,Furniture,Chairs,Steelcase Gesture Chair,2,820,1250,2500,0.05,125.0,2375.0,1640,735.0,30.95,Credit Card,5
ORD-2025-10355,2024-07-21,2024-07-24,2024,Q3,July,7,Second Class,CUST-1006,Isabella Garcia,Corporate,Brazil,Latin America,Rio de Janeiro,Rio de Janeiro,PROD-TEC-142,Technology,Laptops,HP Spectre x360,3,920,1250,3750,0.05,187.5,3562.5,2760,802.5,22.53,Credit Card,5
ORD-2025-10982,2024-07-21,2024-07-24,2024,Q3,July,7,Standard Class,CUST-1005,James Jones,Corporate,United States,North America,New York,New York,PROD-TEC-148,Technology,Laptops,HP Spectre x360,1,920,1250,1250,0.1,125.0,1125.0,920,205.0,18.22,Credit Card,5
ORD-2026-11124,2024-07-22,2024-07-24,2024,Q3,July,7,Standard Class,CUST-1021,Sebastian Lee,Consumer,United States,North America,Texas,Houston,PROD-FUR-153,Furniture,Chairs,Herman Miller Aeron Chair,5,750,1195,5975,0.15,896.25,5078.75,3750,1328.75,26.16,Direct Debit,3
ORD-2025-11357,2024-07-22,2024-07-23,2024,Q3,July,7,Second Class,CUST-1008,Mia Davis,Corporate,Germany,Europe,Bavaria,Munich,PROD-FUR-118,Furniture,Chairs,Steelcase Gesture Chair,3,820,1250,3750,0.0,0.0,3750.0,2460,1290.0,34.4,Credit Card,5
ORD-2024-11197,2024-07-22,2024-07-25,2024,Q3,July,7,Second Class,CUST-1023,Jack Thompson,Corporate,United States,North America,California,Los Angeles,PROD-OFF-161,Office Supplies,Appliances,Smart Office Air Purifier Pro,1,140,249,249,0.05,12.45,236.55,140,96.55,40.82,Wire Transfer,4
ORD-2024-10324,2024-07-22,2024-07-25,2024,Q3,July,7,Second Class,CUST-1017,Matthew Taylor,Consumer,Australia,Asia Pacific,Victoria,Melbourne,PROD-TEC-195,Technology,Accessories,Anker USB-C Docking Hub,2,45,79,158,0.0,0.0,158.0,90,68.0,43.04,Wire Transfer,5
ORD-2024-10519,2024-07-23,2024-07-25,2024,Q3,July,7,Standard Class,CUST-1025,David Harris,Consumer,Mexico,Latin America,Federal District,Mexico City,PROD-TEC-103,Technology,Accessories,Logitech MX Master 3S,2,55,99,198,0.0,0.0,198.0,110,88.0,44.44,Wire Transfer,5
ORD-2025-10856,2024-07-23,2024-07-25,2024,Q3,July,7,Standard Class,CUST-1028,Chloe Ramirez,Consumer,Germany,Europe,Bavaria,Munich,PROD-TEC-131,Technology,Accessories,Anker USB-C Docking Hub,4,45,79,316,0.1,31.6,284.4,180,104.4,36.71,Wire Transfer,5
ORD-2026-11580,2024-07-23,2024-07-28,2024,Q3,July,7,Second Class,CUST-1003,Noah Williams,Consumer,Brazil,Latin America,Rio de Janeiro,Rio de Janeiro,PROD-FUR-158,Furniture,Tables,Smart Motorized Standing Desk,5,320,560,2800,0.1,280.0,2520.0,1600,920.0,36.51,Wire Transfer,5
ORD-2024-12457,2024-07-23,2024-07-25,2024,Q3,July,7,Standard Class,CUST-1010,Charlotte Martinez,Home Office,Germany,Europe,Berlin,Berlin,PROD-TEC-198,Technology,Accessories,Anker USB-C Docking Hub,8,45,79,632,0.1,63.2,568.8,360,208.8,36.71,Wire Transfer,4
ORD-2025-10928,2024-07-24,2024-07-26,2024,Q3,July,7,Same Day,CUST-1020,Emily Martin,Consumer,United Kingdom,Europe,England,London,PROD-FUR-172,Furniture,Chairs,Herman Miller Aeron Chair,1,750,1195,1195,0.0,0.0,1195.0,750,445.0,37.24,Credit Card,2
ORD-2024-12145,2024-07-25,2024-07-26,2024,Q3,July,7,First Class,CUST-1020,Emily Martin,Consumer,United States,North America,Texas,Houston,PROD-OFF-182,Office Supplies,Appliances,Smart Office Air Purifier Pro,1,140,249,249,0.0,0.0,249.0,140,109.0,43.78,Wire Transfer,3
ORD-2024-12115,2024-07-25,2024-07-27,2024,Q3,July,7,Standard Class,CUST-1024,Avery White,Consumer,Canada,North America,Ontario,Toronto,PROD-TEC-188,Technology,Laptops,HP Spectre x360,4,920,1250,5000,0.0,0.0,5000.0,3680,1320.0,26.4,Wire Transfer,4
ORD-2024-10372,2024-07-25,2024-07-29,2024,Q3,July,7,Standard Class,CUST-1010,Charlotte Martinez,Corporate,Brazil,Latin America,Rio de Janeiro,Rio de Janeiro,PROD-FUR-115,Furniture,Chairs,Herman Miller Aeron Chair,3,750,1195,3585,0.05,179.25,3405.75,2250,1155.75,33.94,Credit Card,4
ORD-2026-11928,2024-07-25,2024-07-27,2024,Q3,July,7,Standard Class,CUST-1020,Emily Martin,Corporate,Mexico,Latin America,Federal District,Mexico City,PROD-FUR-195,Furniture,Bookcases,Solid Wood Library Cabinet,1,450,720,720,0.1,72.0,648.0,450,198.0,30.56,Wire Transfer,2
ORD-2024-10813,2024-07-26,2024-07-27,2024,Q3,July,7,Standard Class,CUST-1023,Jack Thompson,Consumer,Canada,North America,Ontario,Toronto,PROD-TEC-143,Technology,Accessories,Anker USB-C Docking Hub,3,45,79,237,0.1,23.7,213.3,135,78.3,36.71,Wire Transfer,2
ORD-2024-12391,2024-07-26,2024-07-30,2024,Q3,July,7,Same Day,CUST-1011,Elijah Hernandez,Corporate,United States,North America,California,Los Angeles,PROD-OFF-181,Office Supplies,Storage,Heavy Duty 4-Drawer File Cabinet,5,130,220,1100,0.1,110.0,990.0,650,340.0,34.34,Credit Card,4
ORD-2025-12026,2024-07-26,2024-07-28,2024,Q3,July,7,Standard Class,CUST-1018,Abigail Moore,Consumer,Brazil,Latin America,São Paulo,São Paulo,PROD-FUR-109,Furniture,Tables,Coffee Break Lounge Table,5,120,210,1050,0.15,157.5,892.5,600,292.5,32.77,Credit Card,5
ORD-2025-10424,2024-07-26,2024-07-29,2024,Q3,July,7,First Class,CUST-1023,Jack Thompson,Corporate,Canada,North America,British Columbia,Vancouver,PROD-FUR-128,Furniture,Chairs,Steelcase Gesture Chair,4,820,1250,5000,0.05,250.0,4750.0,3280,1470.0,30.95,Credit Card,5
ORD-2026-12291,2024-07-26,2024-07-28,2024,Q3,July,7,Standard Class,CUST-1023,Jack Thompson,Consumer,Canada,North America,Ontario,Toronto,PROD-TEC-177,Technology,Accessories,Dell 4K UltraSharp Monitor,2,340,489,978,0.0,0.0,978.0,680,298.0,30.47,Credit Card,5
ORD-2024-10159,2024-07-27,2024-07-29,2024,Q3,July,7,Standard Class,CUST-1018,Abigail Moore,Home Office,Japan,Asia Pacific,Kanto,Tokyo,PROD-TEC-138,Technology,Accessories,Anker USB-C Docking Hub,1,45,79,79,0.0,0.0,79.0,45,34.0,43.04,Credit Card,3
ORD-2024-12196,2024-07-27,2024-07-31,2024,Q3,July,7,Second Class,CUST-1023,Jack Thompson,Home Office,Canada,North America,Ontario,Toronto,PROD-FUR-126,Furniture,Tables,Smart Motorized Standing Desk,1,320,560,560,0.05,28.0,532.0,320,212.0,39.85,Wire Transfer,4
ORD-2025-11516,2024-07-27,2024-07-28,2024,Q3,July,7,Standard Class,CUST-1003,Noah Williams,Consumer,Singapore,Asia Pacific,Central,Singapore,PROD-FUR-162,Furniture,Bookcases,Modern 5-Tier Industrial Bookshelf,3,110,195,585,0.0,0.0,585.0,330,255.0,43.59,Credit Card,5
ORD-2025-13166,2024-07-27,2024-07-30,2024,Q3,July,7,Second Class,CUST-1004,Sophia Brown,Consumer,Germany,Europe,Bavaria,Munich,PROD-FUR-187,Furniture,Chairs,Ergonomic Mesh Task Chair,2,160,289,578,0.0,0.0,578.0,320,258.0,44.64,PayPal,5
ORD-2025-11213,2024-07-28,2024-07-30,2024,Q3,July,7,Standard Class,CUST-1006,Isabella Garcia,Home Office,Australia,Asia Pacific,New South Wales,Sydney,PROD-FUR-133,Furniture,Chairs,Executive Leather Recliner,4,260,420,1680,0.1,168.0,1512.0,1040,472.0,31.22,Credit Card,5
ORD-2026-11097,2024-07-28,2024-07-31,2024,Q3,July,7,Standard Class,CUST-1023,Jack Thompson,Consumer,France,Europe,Île-de-France,Paris,PROD-FUR-195,Furniture,Chairs,Ergonomic Mesh Task Chair,1,160,289,289,0.0,0.0,289.0,160,129.0,44.64,Credit Card,5
ORD-2026-12645,2024-07-28,2024-07-30,2024,Q3,July,7,First Class,CUST-1005,James Jones,Consumer,Canada,North America,Ontario,Toronto,PROD-FUR-118,Furniture,Tables,Modular Team Workstation,1,640,990,990,0.1,99.0,891.0,640,251.0,28.17,Credit Card,5
ORD-2024-12793,2024-07-28,2024-07-31,2024,Q3,July,7,Standard Class,CUST-1027,Samuel Clark,Home Office,Canada,North America,British Columbia,Vancouver,PROD-FUR-186,Furniture,Bookcases,Glass Display Credenza,3,310,520,1560,0.05,78.0,1482.0,930,552.0,37.25,Credit Card,5
ORD-2024-13270,2024-07-29,2024-07-30,2024,Q3,July,7,Standard Class,CUST-1028,Chloe Ramirez,Home Office,Canada,North America,British Columbia,Vancouver,PROD-TEC-181,Technology,Laptops,MacBook Air M3,5,890,1199,5995,0.1,599.5,5395.5,4450,945.5,17.52,PayPal,5
ORD-2024-12202,2024-07-29,2024-08-02,2024,Q3,July,7,Standard Class,CUST-1028,Chloe Ramirez,Home Office,United States,North America,Illinois,Chicago,PROD-FUR-164,Furniture,Tables,Smart Motorized Standing Desk,1,320,560,560,0.1,56.0,504.0,320,184.0,36.51,Wire Transfer,5
ORD-2026-10938,2024-07-29,2024-08-03,2024,Q3,July,7,Standard Class,CUST-1009,Benjamin Rodriguez,Consumer,United States,North America,Illinois,Chicago,PROD-OFF-148,Office Supplies,Paper,Premium Multipurpose Laser Paper 5000ct,5,28,48,240,0.1,24.0,216.0,140,76.0,35.19,Credit Card,4
ORD-2026-10398,2024-07-29,2024-08-01,2024,Q3,July,7,Standard Class,CUST-1018,Abigail Moore,Corporate,Germany,Europe,Bavaria,Munich,PROD-FUR-175,Furniture,Tables,Smart Motorized Standing Desk,1,320,560,560,0.15,84.0,476.0,320,156.0,32.77,Credit Card,5
ORD-2026-12312,2024-07-29,2024-07-31,2024,Q3,July,7,Standard Class,CUST-1009,Benjamin Rodriguez,Corporate,Canada,North America,Ontario,Toronto,PROD-OFF-122,Office Supplies,Paper,Executive Recycled Notepad Pack,3,12,24,72,0.0,0.0,72.0,36,36.0,50.0,Credit Card,4
ORD-2025-12686,2024-07-30,2024-08-03,2024,Q3,July,7,Standard Class,CUST-1007,Lucas Miller,Consumer,Mexico,Latin America,Federal District,Mexico City,PROD-TEC-107,Technology,Laptops,HP Spectre x360,2,920,1250,2500,0.0,0.0,2500.0,1840,660.0,26.4,PayPal,5
ORD-2026-10659,2024-07-30,2024-08-01,2024,Q3,July,7,Standard Class,CUST-1006,Isabella Garcia,Corporate,Canada,North America,Ontario,Toronto,PROD-FUR-168,Furniture,Bookcases,Glass Display Credenza,1,310,520,520,0.1,52.0,468.0,310,158.0,33.76,Credit Card,5
ORD-2026-13323,2024-07-30,2024-08-01,2024,Q3,July,7,Second Class,CUST-1020,Emily Martin,Home Office,United States,North America,Texas,Houston,PROD-FUR-155,Furniture,Bookcases,Solid Wood Library Cabinet,1,450,720,720,0.05,36.0,684.0,450,234.0,34.21,Credit Card,5
ORD-2024-12211,2024-07-30,2024-08-02,2024,Q3,July,7,Standard Class,CUST-1012,Amelia Lopez,Home Office,Australia,Asia Pacific,New South Wales,Sydney,PROD-TEC-105,Technology,Phones,iPhone 15 Pro,1,850,1099,1099,0.0,0.0,1099.0,850,249.0,22.66,Credit Card,5
ORD-2025-12383,2024-07-31,2024-08-02,2024,Q3,July,7,Standard Class,CUST-1012,Amelia Lopez,Consumer,Brazil,Latin America,São Paulo,São Paulo,PROD-FUR-105,Furniture,Tables,Smart Motorized Standing Desk,2,320,560,1120,0.0,0.0,1120.0,640,480.0,42.86,Credit Card,5
ORD-2025-13271,2024-07-31,2024-08-02,2024,Q3,July,7,Standard Class,CUST-1005,James Jones,Corporate,Mexico,Latin America,Jalisco,Guadalajara,PROD-OFF-193,Office Supplies,Storage,Heavy Duty 4-Drawer File Cabinet,2,130,220,440,0.0,0.0,440.0,260,180.0,40.91,PayPal,4
ORD-2026-11115,2024-07-31,2024-08-02,2024,Q3,July,7,Second Class,CUST-1019,Henry Jackson,Corporate,United Kingdom,Europe,England,London,PROD-OFF-124,Office Supplies,Appliances,Heavy Duty Cross-Cut Shredder,1,90,165,165,0.0,0.0,165.0,90,75.0,45.45,PayPal,3
ORD-2025-10259,2024-07-31,2024-08-03,2024,Q3,July,7,Standard Class,CUST-1007,Lucas Miller,Consumer,United Kingdom,Europe,England,London,PROD-OFF-120,Office Supplies,Appliances,Smart Office Air Purifier Pro,6,140,249,1494,0.15,224.1,1269.9,840,429.9,33.85,Credit Card,4
ORD-2026-12219,2024-07-31,2024-08-02,2024,Q3,July,7,Standard Class,CUST-1017,Matthew Taylor,Consumer,Japan,Asia Pacific,Kanto,Tokyo,PROD-OFF-181,Office Supplies,Paper,Executive Recycled Notepad Pack,2,12,24,48,0.1,4.8,43.2,24,19.2,44.44,Wire Transfer,5
ORD-2026-12447,2024-08-01,2024-08-04,2024,Q3,August,8,Standard Class,CUST-1029,Joseph Lewis,Corporate,Brazil,Latin America,São Paulo,São Paulo,PROD-TEC-140,Technology,Laptops,HP Spectre x360,2,920,1250,2500,0.05,125.0,2375.0,1840,535.0,22.53,Direct Debit,4
ORD-2025-10976,2024-08-02,2024-08-07,2024,Q3,August,8,Second Class,CUST-1029,Joseph Lewis,Home Office,United States,North America,Texas,Houston,PROD-OFF-174,Office Supplies,Appliances,Smart Office Air Purifier Pro,4,140,249,996,0.05,49.8,946.2,560,386.2,40.82,Direct Debit,2
ORD-2025-10358,2024-08-02,2024-08-05,2024,Q3,August,8,Standard Class,CUST-1017,Matthew Taylor,Corporate,United States,North America,Texas,Houston,PROD-FUR-149,Furniture,Chairs,Herman Miller Aeron Chair,3,750,1195,3585,0.05,179.25,3405.75,2250,1155.75,33.94,Credit Card,5
ORD-2026-11004,2024-08-02,2024-08-05,2024,Q3,August,8,Standard Class,CUST-1026,Ella Sanchez,Consumer,United States,North America,Illinois,Chicago,PROD-TEC-109,Technology,Phones,iPhone 15 Pro,1,850,1099,1099,0.1,109.9,989.1,850,139.1,14.06,Credit Card,5
ORD-2025-13277,2024-08-02,2024-08-05,2024,Q3,August,8,Second Class,CUST-1009,Benjamin Rodriguez,Corporate,Canada,North America,Ontario,Toronto,PROD-TEC-163,Technology,Laptops,ThinkPad X1 Carbon,3,1050,1399,4197,0.0,0.0,4197.0,3150,1047.0,24.95,PayPal,5
ORD-2026-12333,2024-08-02,2024-08-03,2024,Q3,August,8,First Class,CUST-1008,Mia Davis,Consumer,United States,North America,Texas,Houston,PROD-TEC-104,Technology,Accessories,Dell 4K UltraSharp Monitor,2,340,489,978,0.0,0.0,978.0,680,298.0,30.47,PayPal,5
ORD-2026-13203,2024-08-03,2024-08-08,2024,Q3,August,8,Standard Class,CUST-1000,Emma Watson,Corporate,Canada,North America,British Columbia,Vancouver,PROD-TEC-118,Technology,Laptops,HP Spectre x360,1,920,1250,1250,0.1,125.0,1125.0,920,205.0,18.22,Credit Card,3
ORD-2025-11765,2024-08-03,2024-08-08,2024,Q3,August,8,Standard Class,CUST-1003,Noah Williams,Consumer,United States,North America,New York,New York,PROD-OFF-190,Office Supplies,Paper,Premium Multipurpose Laser Paper 5000ct,2,28,48,96,0.0,0.0,96.0,56,40.0,41.67,Credit Card,3
ORD-2025-10889,2024-08-03,2024-08-09,2024,Q3,August,8,Second Class,CUST-1011,Elijah Hernandez,Consumer,Germany,Europe,Bavaria,Munich,PROD-TEC-152,Technology,Laptops,HP Spectre x360,6,920,1250,7500,0.1,750.0,6750.0,5520,1230.0,18.22,Credit Card,5
ORD-2024-11995,2024-08-03,2024-08-05,2024,Q3,August,8,Standard Class,CUST-1021,Sebastian Lee,Consumer,United States,North America,New York,New York,PROD-FUR-168,Furniture,Tables,Coffee Break Lounge Table,5,120,210,1050,0.15,157.5,892.5,600,292.5,32.77,Credit Card,5
ORD-2025-11957,2024-08-03,2024-08-05,2024,Q3,August,8,Standard Class,CUST-1003,Noah Williams,Home Office,United Kingdom,Europe,England,London,PROD-TEC-160,Technology,Laptops,ThinkPad X1 Carbon,2,1050,1399,2798,0.0,0.0,2798.0,2100,698.0,24.95,Credit Card,2
ORD-2025-12713,2024-08-04,2024-08-07,2024,Q3,August,8,Standard Class,CUST-1001,Liam Johnson,Corporate,Germany,Europe,Berlin,Berlin,PROD-TEC-173,Technology,Accessories,Bose QuietComfort Headphones,1,180,279,279,0.0,0.0,279.0,180,99.0,35.48,Credit Card,2
ORD-2025-10778,2024-08-04,2024-08-08,2024,Q3,August,8,Standard Class,CUST-1024,Avery White,Corporate,Singapore,Asia Pacific,Central,Singapore,PROD-TEC-175,Technology,Phones,OnePlus 12,1,480,649,649,0.1,64.9,584.1,480,104.1,17.82,Credit Card,1
ORD-2026-10851,2024-08-04,2024-08-10,2024,Q3,August,8,Standard Class,CUST-1005,James Jones,Home Office,Singapore,Asia Pacific,Central,Singapore,PROD-OFF-146,Office Supplies,Appliances,Smart Office Air Purifier Pro,4,140,249,996,0.0,0.0,996.0,560,436.0,43.78,Wire Transfer,5
ORD-2026-11451,2024-08-04,2024-08-09,2024,Q3,August,8,Standard Class,CUST-1018,Abigail Moore,Corporate,United States,North America,Texas,Houston,PROD-TEC-173,Technology,Accessories,Logitech MX Master 3S,1,55,99,99,0.05,4.95,94.05,55,39.05,41.52,PayPal,5
ORD-2026-12225,2024-08-05,2024-08-08,2024,Q3,August,8,First Class,CUST-1013,Alexander Gonzalez,Consumer,India,Asia Pacific,Karnataka,Bangalore,PROD-FUR-107,Furniture,Chairs,Herman Miller Aeron Chair,1,750,1195,1195,0.0,0.0,1195.0,750,445.0,37.24,Wire Transfer,2
ORD-2025-10496,2024-08-05,2024-08-08,2024,Q3,August,8,Second Class,CUST-1023,Jack Thompson,Corporate,Canada,North America,Ontario,Toronto,PROD-TEC-161,Technology,Laptops,Dell XPS 15,5,1100,1450,7250,0.2,1450.0,5800.0,5500,300.0,5.17,Direct Debit,2
ORD-2025-12029,2024-08-05,2024-08-08,2024,Q3,August,8,Second Class,CUST-1027,Samuel Clark,Consumer,Mexico,Latin America,Federal District,Mexico City,PROD-TEC-143,Technology,Laptops,Dell XPS 15,2,1100,1450,2900,0.0,0.0,2900.0,2200,700.0,24.14,PayPal,5
ORD-2024-13474,2024-08-05,2024-08-10,2024,Q3,August,8,Standard Class,CUST-1024,Avery White,Consumer,Mexico,Latin America,Federal District,Mexico City,PROD-OFF-186,Office Supplies,Storage,Rolling Mobile Utility Cart,3,45,85,255,0.05,12.75,242.25,135,107.25,44.27,Wire Transfer,4
ORD-2025-10502,2024-08-05,2024-08-08,2024,Q3,August,8,Same Day,CUST-1016,Evelyn Thomas,Corporate,United States,North America,New York,New York,PROD-TEC-143,Technology,Laptops,MacBook Air M3,1,890,1199,1199,0.05,59.95,1139.05,890,249.05,21.86,Wire Transfer,5
ORD-2026-10608,2024-08-05,2024-08-07,2024,Q3,August,8,Standard Class,CUST-1005,James Jones,Corporate,United States,North America,Texas,Houston,PROD-FUR-182,Furniture,Bookcases,Modern 5-Tier Industrial Bookshelf,1,110,195,195,0.0,0.0,195.0,110,85.0,43.59,Credit Card,5
ORD-2024-13105,2024-08-06,2024-08-08,2024,Q3,August,8,Standard Class,CUST-1011,Elijah Hernandez,Consumer,France,Europe,Île-de-France,Paris,PROD-TEC-177,Technology,Accessories,Logitech MX Master 3S,1,55,99,99,0.0,0.0,99.0,55,44.0,44.44,Credit Card,5
ORD-2025-11750,2024-08-06,2024-08-08,2024,Q3,August,8,Standard Class,CUST-1025,David Harris,Consumer,Germany,Europe,Berlin,Berlin,PROD-TEC-142,Technology,Phones,iPhone 15 Pro,3,850,1099,3297,0.1,329.7,2967.3,2550,417.3,14.06,Credit Card,5
ORD-2024-10591,2024-08-06,2024-08-08,2024,Q3,August,8,Standard Class,CUST-1000,Emma Watson,Consumer,United States,North America,Texas,Houston,PROD-TEC-185,Technology,Phones,iPhone 15 Pro,4,850,1099,4396,0.05,219.8,4176.2,3400,776.2,18.59,Credit Card,5
ORD-2024-12460,2024-08-06,2024-08-09,2024,Q3,August,8,Standard Class,CUST-1018,Abigail Moore,Consumer,France,Europe,Auvergne-Rhône-Alpes,Lyon,PROD-OFF-165,Office Supplies,Storage,Rolling Mobile Utility Cart,2,45,85,170,0.0,0.0,170.0,90,80.0,47.06,Credit Card,4
ORD-2025-13157,2024-08-06,2024-08-08,2024,Q3,August,8,Second Class,CUST-1028,Chloe Ramirez,Corporate,India,Asia Pacific,Maharashtra,Mumbai,PROD-TEC-134,Technology,Laptops,ThinkPad X1 Carbon,2,1050,1399,2798,0.0,0.0,2798.0,2100,698.0,24.95,Wire Transfer,5
ORD-2024-13498,2024-08-07,2024-08-10,2024,Q3,August,8,Second Class,CUST-1015,Daniel Anderson,Corporate,France,Europe,Auvergne-Rhône-Alpes,Lyon,PROD-FUR-124,Furniture,Chairs,Herman Miller Aeron Chair,1,750,1195,1195,0.0,0.0,1195.0,750,445.0,37.24,Credit Card,5
ORD-2026-13209,2024-08-07,2024-08-09,2024,Q3,August,8,First Class,CUST-1000,Emma Watson,Consumer,Australia,Asia Pacific,New South Wales,Sydney,PROD-TEC-101,Technology,Laptops,MacBook Air M3,1,890,1199,1199,0.0,0.0,1199.0,890,309.0,25.77,PayPal,5
ORD-2025-12308,2024-08-07,2024-08-09,2024,Q3,August,8,Standard Class,CUST-1007,Lucas Miller,Home Office,Canada,North America,Ontario,Toronto,PROD-TEC-138,Technology,Laptops,MacBook Air M3,2,890,1199,2398,0.05,119.9,2278.1,1780,498.1,21.86,Direct Debit,4
ORD-2026-11586,2024-08-08,2024-08-11,2024,Q3,August,8,Standard Class,CUST-1002,Olivia Smith,Home Office,United States,North America,California,Los Angeles,PROD-FUR-124,Furniture,Chairs,Herman Miller Aeron Chair,3,750,1195,3585,0.0,0.0,3585.0,2250,1335.0,37.24,Wire Transfer,4
ORD-2024-13312,2024-08-08,2024-08-10,2024,Q3,August,8,Second Class,CUST-1015,Daniel Anderson,Consumer,Australia,Asia Pacific,New South Wales,Sydney,PROD-TEC-142,Technology,Laptops,Dell XPS 15,4,1100,1450,5800,0.0,0.0,5800.0,4400,1400.0,24.14,Direct Debit,5
ORD-2026-12546,2024-08-08,2024-08-11,2024,Q3,August,8,First Class,CUST-1002,Olivia Smith,Home Office,France,Europe,Île-de-France,Paris,PROD-OFF-115,Office Supplies,Storage,Rolling Mobile Utility Cart,3,45,85,255,0.0,0.0,255.0,135,120.0,47.06,Direct Debit,5
ORD-2026-11778,2024-08-08,2024-08-10,2024,Q3,August,8,First Class,CUST-1028,Chloe Ramirez,Home Office,United States,North America,Illinois,Chicago,PROD-TEC-145,Technology,Phones,OnePlus 12,4,480,649,2596,0.0,0.0,2596.0,1920,676.0,26.04,Wire Transfer,4
ORD-2026-12945,2024-08-08,2024-08-12,2024,Q3,August,8,Second Class,CUST-1026,Ella Sanchez,Corporate,United States,North America,California,Los Angeles,PROD-OFF-130,Office Supplies,Paper,Heavyweight Cardstock Reams,1,16,32,32,0.15,4.8,27.2,16,11.2,41.18,Wire Transfer,4
ORD-2026-11721,2024-08-09,2024-08-10,2024,Q3,August,8,Same Day,CUST-1029,Joseph Lewis,Corporate,United States,North America,New York,New York,PROD-OFF-191,Office Supplies,Appliances,Heavy Duty Cross-Cut Shredder,3,90,165,495,0.05,24.75,470.25,270,200.25,42.58,PayPal,5
ORD-2026-10386,2024-08-09,2024-08-12,2024,Q3,August,8,Standard Class,CUST-1011,Elijah Hernandez,Corporate,Japan,Asia Pacific,Kanto,Tokyo,PROD-FUR-165,Furniture,Chairs,Executive Leather Recliner,1,260,420,420,0.0,0.0,420.0,260,160.0,38.1,Wire Transfer,3
ORD-2025-10346,2024-08-09,2024-08-14,2024,Q3,August,8,Standard Class,CUST-1023,Jack Thompson,Consumer,United States,North America,California,Los Angeles,PROD-FUR-172,Furniture,Chairs,Ergonomic Mesh Task Chair,4,160,289,1156,0.0,0.0,1156.0,640,516.0,44.64,Credit Card,4
ORD-2024-13372,2024-08-09,2024-08-11,2024,Q3,August,8,Standard Class,CUST-1025,David Harris,Home Office,United States,North America,Texas,Houston,PROD-OFF-166,Office Supplies,Appliances,Heavy Duty Cross-Cut Shredder,3,90,165,495,0.1,49.5,445.5,270,175.5,39.39,Credit Card,5
ORD-2024-13060,2024-08-09,2024-08-11,2024,Q3,August,8,First Class,CUST-1023,Jack Thompson,Corporate,United States,North America,Illinois,Chicago,PROD-TEC-136,Technology,Accessories,Logitech MX Master 3S,1,55,99,99,0.0,0.0,99.0,55,44.0,44.44,Wire Transfer,2
ORD-2025-12497,2024-08-09,2024-08-13,2024,Q3,August,8,Standard Class,CUST-1028,Chloe Ramirez,Consumer,United States,North America,New York,New York,PROD-TEC-109,Technology,Phones,Samsung Galaxy S24,3,720,950,2850,0.0,0.0,2850.0,2160,690.0,24.21,Wire Transfer,4
ORD-2026-11643,2024-08-10,2024-08-16,2024,Q3,August,8,Second Class,CUST-1018,Abigail Moore,Corporate,India,Asia Pacific,Karnataka,Bangalore,PROD-FUR-133,Furniture,Bookcases,Modern 5-Tier Industrial Bookshelf,3,110,195,585,0.1,58.5,526.5,330,196.5,37.32,Credit Card,4
ORD-2026-13134,2024-08-10,2024-08-14,2024,Q3,August,8,Standard Class,CUST-1006,Isabella Garcia,Consumer,France,Europe,Auvergne-Rhône-Alpes,Lyon,PROD-TEC-158,Technology,Phones,Samsung Galaxy S24,5,720,950,4750,0.15,712.5,4037.5,3600,437.5,10.84,Wire Transfer,5
ORD-2024-13459,2024-08-10,2024-08-12,2024,Q3,August,8,Standard Class,CUST-1006,Isabella Garcia,Home Office,Australia,Asia Pacific,New South Wales,Sydney,PROD-TEC-178,Technology,Laptops,MacBook Air M3,3,890,1199,3597,0.05,179.85,3417.15,2670,747.15,21.86,Credit Card,1
ORD-2025-12761,2024-08-10,2024-08-13,2024,Q3,August,8,Standard Class,CUST-1026,Ella Sanchez,Home Office,India,Asia Pacific,Maharashtra,Mumbai,PROD-TEC-116,Technology,Accessories,Anker USB-C Docking Hub,2,45,79,158,0.0,0.0,158.0,90,68.0,43.04,Credit Card,5
ORD-2025-11870,2024-08-11,2024-08-14,2024,Q3,August,8,Standard Class,CUST-1029,Joseph Lewis,Consumer,Mexico,Latin America,Federal District,Mexico City,PROD-TEC-177,Technology,Laptops,MacBook Air M3,3,890,1199,3597,0.0,0.0,3597.0,2670,927.0,25.77,Wire Transfer,3
ORD-2025-10592,2024-08-11,2024-08-14,2024,Q3,August,8,Second Class,CUST-1015,Daniel Anderson,Home Office,Canada,North America,Ontario,Toronto,PROD-OFF-133,Office Supplies,Appliances,Commercial Espresso Barista Machine,6,620,950,5700,0.15,855.0,4845.0,3720,1125.0,23.22,Direct Debit,4
ORD-2025-11300,2024-08-11,2024-08-13,2024,Q3,August,8,Standard Class,CUST-1000,Emma Watson,Consumer,United States,North America,Texas,Houston,PROD-TEC-124,Technology,Phones,OnePlus 12,1,480,649,649,0.0,0.0,649.0,480,169.0,26.04,Credit Card,4
ORD-2025-12806,2024-08-11,2024-08-14,2024,Q3,August,8,Standard Class,CUST-1028,Chloe Ramirez,Corporate,United States,North America,Illinois,Chicago,PROD-TEC-177,Technology,Phones,iPhone 15 Pro,1,850,1099,1099,0.0,0.0,1099.0,850,249.0,22.66,Wire Transfer,5
ORD-2024-11692,2024-08-11,2024-08-12,2024,Q3,August,8,Second Class,CUST-1024,Avery White,Consumer,Mexico,Latin America,Jalisco,Guadalajara,PROD-OFF-146,Office Supplies,Appliances,Smart Office Air Purifier Pro,3,140,249,747,0.0,0.0,747.0,420,327.0,43.78,Credit Card,4
ORD-2025-10220,2024-08-12,2024-08-13,2024,Q3,August,8,First Class,CUST-1008,Mia Davis,Consumer,Mexico,Latin America,Federal District,Mexico City,PROD-OFF-113,Office Supplies,Storage,Heavy Duty 4-Drawer File Cabinet,1,130,220,220,0.0,0.0,220.0,130,90.0,40.91,Wire Transfer,4
ORD-2026-10413,2024-08-12,2024-08-15,2024,Q3,August,8,Standard Class,CUST-1001,Liam Johnson,Consumer,Canada,North America,Ontario,Toronto,PROD-FUR-191,Furniture,Chairs,Herman Miller Aeron Chair,6,750,1195,7170,0.1,717.0,6453.0,4500,1953.0,30.26,Wire Transfer,5
ORD-2024-11050,2024-08-12,2024-08-15,2024,Q3,August,8,Same Day,CUST-1029,Joseph Lewis,Corporate,Canada,North America,British Columbia,Vancouver,PROD-FUR-161,Furniture,Tables,Modular Team Workstation,6,640,990,5940,0.1,594.0,5346.0,3840,1506.0,28.17,Wire Transfer,3
ORD-2026-11313,2024-08-12,2024-08-16,2024,Q3,August,8,Standard Class,CUST-1014,Harper Wilson,Consumer,Australia,Asia Pacific,New South Wales,Sydney,PROD-FUR-148,Furniture,Chairs,Ergonomic Mesh Task Chair,3,160,289,867,0.0,0.0,867.0,480,387.0,44.64,PayPal,5
ORD-2025-12521,2024-08-12,2024-08-15,2024,Q3,August,8,Second Class,CUST-1025,David Harris,Corporate,Australia,Asia Pacific,New South Wales,Sydney,PROD-TEC-102,Technology,Accessories,Logitech MX Master 3S,2,55,99,198,0.1,19.8,178.2,110,68.2,38.27,Credit Card,2
ORD-2026-10431,2024-08-13,2024-08-14,2024,Q3,August,8,Second Class,CUST-1001,Liam Johnson,Home Office,Canada,North America,Ontario,Toronto,PROD-FUR-118,Furniture,Tables,Modular Team Workstation,2,640,990,1980,0.0,0.0,1980.0,1280,700.0,35.35,Credit Card,5
ORD-2024-12553,2024-08-13,2024-08-15,2024,Q3,August,8,Standard Class,CUST-1012,Amelia Lopez,Consumer,Singapore,Asia Pacific,Central,Singapore,PROD-FUR-199,Furniture,Bookcases,Solid Wood Library Cabinet,1,450,720,720,0.0,0.0,720.0,450,270.0,37.5,Credit Card,5
ORD-2026-12558,2024-08-13,2024-08-17,2024,Q3,August,8,Standard Class,CUST-1018,Abigail Moore,Corporate,Canada,North America,Ontario,Toronto,PROD-OFF-197,Office Supplies,Paper,Executive Recycled Notepad Pack,1,12,24,24,0.1,2.4,21.6,12,9.6,44.44,Wire Transfer,4
ORD-2025-12179,2024-08-13,2024-08-16,2024,Q3,August,8,Second Class,CUST-1004,Sophia Brown,Consumer,United States,North America,Texas,Houston,PROD-OFF-191,Office Supplies,Storage,Rolling Mobile Utility Cart,1,45,85,85,0.0,0.0,85.0,45,40.0,47.06,PayPal,1
ORD-2026-12051,2024-08-13,2024-08-17,2024,Q3,August,8,Standard Class,CUST-1000,Emma Watson,Corporate,United States,North America,Illinois,Chicago,PROD-TEC-103,Technology,Laptops,Dell XPS 15,2,1100,1450,2900,0.15,435.0,2465.0,2200,265.0,10.75,Credit Card,5
ORD-2025-10793,2024-08-13,2024-08-16,2024,Q3,August,8,Standard Class,CUST-1004,Sophia Brown,Consumer,United States,North America,Texas,Houston,PROD-TEC-167,Technology,Phones,iPhone 15 Pro,5,850,1099,5495,0.15,824.25,4670.75,4250,420.75,9.01,Credit Card,5
ORD-2026-12030,2024-08-14,2024-08-16,2024,Q3,August,8,First Class,CUST-1007,Lucas Miller,Consumer,Canada,North America,British Columbia,Vancouver,PROD-TEC-155,Technology,Phones,Samsung Galaxy S24,2,720,950,1900,0.05,95.0,1805.0,1440,365.0,20.22,Credit Card,4
ORD-2025-11414,2024-08-14,2024-08-15,2024,Q3,August,8,First Class,CUST-1018,Abigail Moore,Corporate,Japan,Asia Pacific,Kanto,Tokyo,PROD-TEC-180,Technology,Laptops,Dell XPS 15,3,1100,1450,4350,0.05,217.5,4132.5,3300,832.5,20.15,PayPal,4
ORD-2024-12388,2024-08-14,2024-08-16,2024,Q3,August,8,Standard Class,CUST-1013,Alexander Gonzalez,Home Office,United States,North America,New York,New York,PROD-FUR-159,Furniture,Chairs,Steelcase Gesture Chair,2,820,1250,2500,0.0,0.0,2500.0,1640,860.0,34.4,Credit Card,2
ORD-2025-10706,2024-08-15,2024-08-17,2024,Q3,August,8,Standard Class,CUST-1007,Lucas Miller,Corporate,India,Asia Pacific,Maharashtra,Mumbai,PROD-OFF-136,Office Supplies,Appliances,Commercial Espresso Barista Machine,1,620,950,950,0.0,0.0,950.0,620,330.0,34.74,Credit Card,1
ORD-2025-11333,2024-08-15,2024-08-20,2024,Q3,August,8,Standard Class,CUST-1004,Sophia Brown,Corporate,United States,North America,Illinois,Chicago,PROD-FUR-101,Furniture,Chairs,Executive Leather Recliner,1,260,420,420,0.15,63.0,357.0,260,97.0,27.17,Wire Transfer,5
ORD-2025-12545,2024-08-15,2024-08-18,2024,Q3,August,8,Standard Class,CUST-1013,Alexander Gonzalez,Consumer,France,Europe,Auvergne-Rhône-Alpes,Lyon,PROD-FUR-143,Furniture,Bookcases,Glass Display Credenza,2,310,520,1040,0.1,104.0,936.0,620,316.0,33.76,PayPal,5
ORD-2026-13233,2024-08-15,2024-08-18,2024,Q3,August,8,Second Class,CUST-1028,Chloe Ramirez,Consumer,Canada,North America,Ontario,Toronto,PROD-FUR-141,Furniture,Bookcases,Modern 5-Tier Industrial Bookshelf,2,110,195,390,0.0,0.0,390.0,220,170.0,43.59,Direct Debit,4
ORD-2024-10636,2024-08-15,2024-08-17,2024,Q3,August,8,Standard Class,CUST-1029,Joseph Lewis,Consumer,Germany,Europe,Berlin,Berlin,PROD-FUR-168,Furniture,Tables,Smart Motorized Standing Desk,2,320,560,1120,0.0,0.0,1120.0,640,480.0,42.86,Credit Card,5
ORD-2025-10178,2024-08-15,2024-08-18,2024,Q3,August,8,Standard Class,CUST-1018,Abigail Moore,Corporate,United States,North America,Illinois,Chicago,PROD-TEC-145,Technology,Accessories,Bose QuietComfort Headphones,10,180,279,2790,0.1,279.0,2511.0,1800,711.0,28.32,Credit Card,3
ORD-2026-10449,2024-08-15,2024-08-19,2024,Q3,August,8,Second Class,CUST-1006,Isabella Garcia,Consumer,Germany,Europe,Bavaria,Munich,PROD-FUR-125,Furniture,Chairs,Executive Leather Recliner,2,260,420,840,0.05,42.0,798.0,520,278.0,34.84,Wire Transfer,5
ORD-2025-12086,2024-08-16,2024-08-20,2024,Q3,August,8,Standard Class,CUST-1013,Alexander Gonzalez,Consumer,Canada,North America,British Columbia,Vancouver,PROD-FUR-165,Furniture,Chairs,Executive Leather Recliner,1,260,420,420,0.1,42.0,378.0,260,118.0,31.22,Wire Transfer,5
ORD-2024-11746,2024-08-16,2024-08-19,2024,Q3,August,8,Standard Class,CUST-1009,Benjamin Rodriguez,Corporate,United Kingdom,Europe,England,Manchester,PROD-TEC-166,Technology,Accessories,Logitech MX Master 3S,1,55,99,99,0.05,4.95,94.05,55,39.05,41.52,Credit Card,4
ORD-2026-13464,2024-08-16,2024-08-19,2024,Q3,August,8,Second Class,CUST-1027,Samuel Clark,Consumer,Germany,Europe,Bavaria,Munich,PROD-OFF-131,Office Supplies,Paper,Heavyweight Cardstock Reams,1,16,32,32,0.05,1.6,30.4,16,14.4,47.37,Wire Transfer,4
ORD-2024-12691,2024-08-16,2024-08-18,2024,Q3,August,8,Second Class,CUST-1000,Emma Watson,Home Office,India,Asia Pacific,Maharashtra,Mumbai,PROD-TEC-194,Technology,Phones,Google Pixel 8,1,540,699,699,0.0,0.0,699.0,540,159.0,22.75,Credit Card,5
ORD-2024-11659,2024-08-16,2024-08-19,2024,Q3,August,8,Second Class,CUST-1028,Chloe Ramirez,Consumer,India,Asia Pacific,Karnataka,Bangalore,PROD-TEC-101,Technology,Accessories,Anker USB-C Docking Hub,1,45,79,79,0.05,3.95,75.05,45,30.05,40.04,Credit Card,4
ORD-2025-11990,2024-08-17,2024-08-19,2024,Q3,August,8,Same Day,CUST-1020,Emily Martin,Home Office,Mexico,Latin America,Jalisco,Guadalajara,PROD-FUR-111,Furniture,Bookcases,Modern 5-Tier Industrial Bookshelf,3,110,195,585,0.0,0.0,585.0,330,255.0,43.59,Credit Card,5
ORD-2025-11228,2024-08-17,2024-08-19,2024,Q3,August,8,Standard Class,CUST-1003,Noah Williams,Corporate,France,Europe,Auvergne-Rhône-Alpes,Lyon,PROD-FUR-138,Furniture,Tables,Solid Oak Conference Table,3,980,1480,4440,0.1,444.0,3996.0,2940,1056.0,26.43,Direct Debit,4
ORD-2025-10919,2024-08-17,2024-08-21,2024,Q3,August,8,Same Day,CUST-1007,Lucas Miller,Home Office,United Kingdom,Europe,England,Manchester,PROD-TEC-103,Technology,Laptops,Dell XPS 15,5,1100,1450,7250,0.1,725.0,6525.0,5500,1025.0,15.71,Credit Card,4
ORD-2026-12543,2024-08-18,2024-08-20,2024,Q3,August,8,Standard Class,CUST-1029,Joseph Lewis,Consumer,United Kingdom,Europe,England,London,PROD-TEC-155,Technology,Laptops,HP Spectre x360,1,920,1250,1250,0.1,125.0,1125.0,920,205.0,18.22,Credit Card,5
ORD-2026-11268,2024-08-18,2024-08-24,2024,Q3,August,8,Standard Class,CUST-1014,Harper Wilson,Corporate,Canada,North America,Ontario,Toronto,PROD-OFF-199,Office Supplies,Appliances,Smart Office Air Purifier Pro,3,140,249,747,0.0,0.0,747.0,420,327.0,43.78,Wire Transfer,5
ORD-2024-11605,2024-08-18,2024-08-20,2024,Q3,August,8,Standard Class,CUST-1028,Chloe Ramirez,Consumer,India,Asia Pacific,Maharashtra,Mumbai,PROD-TEC-161,Technology,Accessories,Logitech MX Master 3S,3,55,99,297,0.1,29.7,267.3,165,102.3,38.27,Wire Transfer,3
ORD-2026-13275,2024-08-19,2024-08-22,2024,Q3,August,8,Standard Class,CUST-1011,Elijah Hernandez,Corporate,Brazil,Latin America,Rio de Janeiro,Rio de Janeiro,PROD-FUR-126,Furniture,Bookcases,Modern 5-Tier Industrial Bookshelf,1,110,195,195,0.05,9.75,185.25,110,75.25,40.62,Credit Card,5
ORD-2025-11876,2024-08-19,2024-08-22,2024,Q3,August,8,Same Day,CUST-1022,Elizabeth Perez,Home Office,Canada,North America,British Columbia,Vancouver,PROD-TEC-113,Technology,Phones,Google Pixel 8,3,540,699,2097,0.0,0.0,2097.0,1620,477.0,22.75,PayPal,4
ORD-2024-10903,2024-08-19,2024-08-23,2024,Q3,August,8,Second Class,CUST-1004,Sophia Brown,Corporate,Mexico,Latin America,Jalisco,Guadalajara,PROD-OFF-152,Office Supplies,Paper,Premium Multipurpose Laser Paper 5000ct,1,28,48,48,0.15,7.2,40.8,28,12.8,31.37,Direct Debit,3
ORD-2024-12241,2024-08-19,2024-08-20,2024,Q3,August,8,Standard Class,CUST-1023,Jack Thompson,Consumer,Mexico,Latin America,Federal District,Mexico City,PROD-TEC-129,Technology,Laptops,HP Spectre x360,1,920,1250,1250,0.05,62.5,1187.5,920,267.5,22.53,PayPal,5
ORD-2024-10330,2024-08-20,2024-08-24,2024,Q3,August,8,Standard Class,CUST-1011,Elijah Hernandez,Consumer,United States,North America,New York,New York,PROD-TEC-137,Technology,Phones,Google Pixel 8,2,540,699,1398,0.0,0.0,1398.0,1080,318.0,22.75,Direct Debit,2
ORD-2025-11240,2024-08-20,2024-08-24,2024,Q3,August,8,Standard Class,CUST-1024,Avery White,Corporate,United States,North America,Texas,Houston,PROD-TEC-113,Technology,Laptops,Dell XPS 15,2,1100,1450,2900,0.0,0.0,2900.0,2200,700.0,24.14,Credit Card,5
ORD-2024-11281,2024-08-20,2024-08-25,2024,Q3,August,8,First Class,CUST-1014,Harper Wilson,Consumer,United Kingdom,Europe,England,Manchester,PROD-TEC-156,Technology,Laptops,MacBook Air M3,3,890,1199,3597,0.05,179.85,3417.15,2670,747.15,21.86,Credit Card,5
ORD-2025-10679,2024-08-20,2024-08-23,2024,Q3,August,8,Standard Class,CUST-1002,Olivia Smith,Corporate,Brazil,Latin America,Rio de Janeiro,Rio de Janeiro,PROD-FUR-129,Furniture,Tables,Smart Motorized Standing Desk,2,320,560,1120,0.1,112.0,1008.0,640,368.0,36.51,Direct Debit,4
ORD-2025-13013,2024-08-21,2024-08-24,2024,Q3,August,8,Standard Class,CUST-1029,Joseph Lewis,Home Office,France,Europe,Auvergne-Rhône-Alpes,Lyon,PROD-FUR-179,Furniture,Chairs,Ergonomic Mesh Task Chair,1,160,289,289,0.0,0.0,289.0,160,129.0,44.64,Wire Transfer,4
ORD-2024-10573,2024-08-21,2024-08-22,2024,Q3,August,8,Standard Class,CUST-1001,Liam Johnson,Corporate,Canada,North America,British Columbia,Vancouver,PROD-TEC-125,Technology,Laptops,ThinkPad X1 Carbon,3,1050,1399,4197,0.15,629.55,3567.45,3150,417.45,11.7,Direct Debit,4
ORD-2026-13125,2024-08-21,2024-08-24,2024,Q3,August,8,Standard Class,CUST-1021,Sebastian Lee,Home Office,France,Europe,Île-de-France,Paris,PROD-FUR-153,Furniture,Chairs,Steelcase Gesture Chair,2,820,1250,2500,0.0,0.0,2500.0,1640,860.0,34.4,PayPal,5
ORD-2026-11517,2024-08-21,2024-08-24,2024,Q3,August,8,Second Class,CUST-1028,Chloe Ramirez,Consumer,Australia,Asia Pacific,Victoria,Melbourne,PROD-FUR-186,Furniture,Tables,Coffee Break Lounge Table,1,120,210,210,0.0,0.0,210.0,120,90.0,42.86,Wire Transfer,5
ORD-2026-10971,2024-08-21,2024-08-24,2024,Q3,August,8,Standard Class,CUST-1011,Elijah Hernandez,Consumer,Australia,Asia Pacific,Victoria,Melbourne,PROD-OFF-160,Office Supplies,Paper,Heavyweight Cardstock Reams,2,16,32,64,0.0,0.0,64.0,32,32.0,50.0,PayPal,5
ORD-2024-11245,2024-08-22,2024-08-27,2024,Q3,August,8,Standard Class,CUST-1029,Joseph Lewis,Corporate,United States,North America,California,Los Angeles,PROD-TEC-124,Technology,Phones,Google Pixel 8,6,540,699,4194,0.15,629.1,3564.9,3240,324.9,9.11,Credit Card,3
ORD-2024-11011,2024-08-22,2024-08-25,2024,Q3,August,8,First Class,CUST-1029,Joseph Lewis,Consumer,United States,North America,California,Los Angeles,PROD-FUR-104,Furniture,Bookcases,Glass Display Credenza,2,310,520,1040,0.0,0.0,1040.0,620,420.0,40.38,Wire Transfer,5
ORD-2026-10317,2024-08-22,2024-08-24,2024,Q3,August,8,Standard Class,CUST-1019,Henry Jackson,Consumer,Japan,Asia Pacific,Kanto,Tokyo,PROD-OFF-164,Office Supplies,Appliances,Heavy Duty Cross-Cut Shredder,3,90,165,495,0.05,24.75,470.25,270,200.25,42.58,Wire Transfer,5
ORD-2026-10305,2024-08-22,2024-08-27,2024,Q3,August,8,Standard Class,CUST-1024,Avery White,Consumer,France,Europe,Auvergne-Rhône-Alpes,Lyon,PROD-OFF-113,Office Supplies,Appliances,Heavy Duty Cross-Cut Shredder,2,90,165,330,0.0,0.0,330.0,180,150.0,45.45,PayPal,3
ORD-2026-11106,2024-08-23,2024-08-26,2024,Q3,August,8,Standard Class,CUST-1027,Samuel Clark,Consumer,France,Europe,Auvergne-Rhône-Alpes,Lyon,PROD-FUR-107,Furniture,Bookcases,Modern 5-Tier Industrial Bookshelf,2,110,195,390,0.0,0.0,390.0,220,170.0,43.59,Credit Card,5
ORD-2025-13460,2024-08-23,2024-08-28,2024,Q3,August,8,Standard Class,CUST-1011,Elijah Hernandez,Consumer,France,Europe,Auvergne-Rhône-Alpes,Lyon,PROD-TEC-132,Technology,Laptops,Dell XPS 15,6,1100,1450,8700,0.15,1305.0,7395.0,6600,795.0,10.75,Direct Debit,5
ORD-2026-11373,2024-08-23,2024-08-24,2024,Q3,August,8,Standard Class,CUST-1013,Alexander Gonzalez,Consumer,Canada,North America,British Columbia,Vancouver,PROD-TEC-147,Technology,Laptops,HP Spectre x360,6,920,1250,7500,0.1,750.0,6750.0,5520,1230.0,18.22,PayPal,5
ORD-2024-10303,2024-08-23,2024-08-25,2024,Q3,August,8,Standard Class,CUST-1000,Emma Watson,Consumer,India,Asia Pacific,Karnataka,Bangalore,PROD-FUR-123,Furniture,Chairs,Herman Miller Aeron Chair,2,750,1195,2390,0.05,119.5,2270.5,1500,770.5,33.94,Credit Card,4
ORD-2024-11428,2024-08-24,2024-08-27,2024,Q3,August,8,Standard Class,CUST-1007,Lucas Miller,Consumer,Germany,Europe,Bavaria,Munich,PROD-TEC-131,Technology,Phones,Samsung Galaxy S24,4,720,950,3800,0.0,0.0,3800.0,2880,920.0,24.21,Wire Transfer,5
ORD-2025-13448,2024-08-24,2024-08-26,2024,Q3,August,8,Standard Class,CUST-1004,Sophia Brown,Home Office,Australia,Asia Pacific,Victoria,Melbourne,PROD-OFF-147,Office Supplies,Storage,Rolling Mobile Utility Cart,3,45,85,255,0.0,0.0,255.0,135,120.0,47.06,Wire Transfer,4
ORD-2025-10907,2024-08-25,2024-08-28,2024,Q3,August,8,Standard Class,CUST-1003,Noah Williams,Corporate,United Kingdom,Europe,England,Manchester,PROD-TEC-135,Technology,Accessories,Dell 4K UltraSharp Monitor,6,340,489,2934,0.1,293.4,2640.6,2040,600.6,22.74,PayPal,5
ORD-2024-10753,2024-08-25,2024-08-31,2024,Q3,August,8,First Class,CUST-1023,Jack Thompson,Corporate,United States,North America,California,Los Angeles,PROD-FUR-109,Furniture,Tables,Coffee Break Lounge Table,1,120,210,210,0.0,0.0,210.0,120,90.0,42.86,Credit Card,4
ORD-2024-10168,2024-08-25,2024-08-29,2024,Q3,August,8,Standard Class,CUST-1024,Avery White,Corporate,Germany,Europe,Berlin,Berlin,PROD-TEC-163,Technology,Laptops,HP Spectre x360,1,920,1250,1250,0.05,62.5,1187.5,920,267.5,22.53,Credit Card,5
ORD-2025-10181,2024-08-25,2024-08-29,2024,Q3,August,8,Second Class,CUST-1005,James Jones,Corporate,United Kingdom,Europe,England,London,PROD-FUR-176,Furniture,Chairs,Executive Leather Recliner,2,260,420,840,0.0,0.0,840.0,520,320.0,38.1,Credit Card,5
ORD-2026-10140,2024-08-25,2024-08-28,2024,Q3,August,8,Second Class,CUST-1029,Joseph Lewis,Consumer,Mexico,Latin America,Jalisco,Guadalajara,PROD-OFF-151,Office Supplies,Storage,Heavy Duty 4-Drawer File Cabinet,4,130,220,880,0.0,0.0,880.0,520,360.0,40.91,PayPal,3
ORD-2024-12841,2024-08-25,2024-08-28,2024,Q3,August,8,Standard Class,CUST-1010,Charlotte Martinez,Corporate,United States,North America,Texas,Houston,PROD-TEC-149,Technology,Laptops,Dell XPS 15,6,1100,1450,8700,0.2,1740.0,6960.0,6600,360.0,5.17,Credit Card,3
ORD-2025-11156,2024-08-25,2024-08-29,2024,Q3,August,8,Standard Class,CUST-1028,Chloe Ramirez,Consumer,France,Europe,Île-de-France,Paris,PROD-FUR-104,Furniture,Tables,Coffee Break Lounge Table,2,120,210,420,0.0,0.0,420.0,240,180.0,42.86,Credit Card,4
ORD-2026-13338,2024-08-25,2024-08-27,2024,Q3,August,8,Second Class,CUST-1001,Liam Johnson,Corporate,India,Asia Pacific,Karnataka,Bangalore,PROD-TEC-195,Technology,Laptops,Dell XPS 15,2,1100,1450,2900,0.0,0.0,2900.0,2200,700.0,24.14,Credit Card,5
ORD-2026-11541,2024-08-25,2024-08-28,2024,Q3,August,8,Standard Class,CUST-1013,Alexander Gonzalez,Home Office,United States,North America,Illinois,Chicago,PROD-TEC-133,Technology,Accessories,Anker USB-C Docking Hub,2,45,79,158,0.1,15.8,142.2,90,52.2,36.71,Credit Card,5
ORD-2026-10443,2024-08-25,2024-08-29,2024,Q3,August,8,Standard Class,CUST-1010,Charlotte Martinez,Consumer,Canada,North America,British Columbia,Vancouver,PROD-OFF-186,Office Supplies,Paper,Executive Recycled Notepad Pack,3,12,24,72,0.05,3.6,68.4,36,32.4,47.37,Credit Card,5
ORD-2024-11911,2024-08-26,2024-08-29,2024,Q3,August,8,Standard Class,CUST-1005,James Jones,Corporate,United States,North America,Texas,Houston,PROD-OFF-136,Office Supplies,Storage,Rolling Mobile Utility Cart,4,45,85,340,0.05,17.0,323.0,180,143.0,44.27,Wire Transfer,5
ORD-2025-11219,2024-08-26,2024-08-30,2024,Q3,August,8,Second Class,CUST-1013,Alexander Gonzalez,Consumer,India,Asia Pacific,Karnataka,Bangalore,PROD-FUR-175,Furniture,Bookcases,Solid Wood Library Cabinet,3,450,720,2160,0.0,0.0,2160.0,1350,810.0,37.5,Wire Transfer,4
ORD-2026-12594,2024-08-26,2024-08-28,2024,Q3,August,8,Second Class,CUST-1025,David Harris,Corporate,United States,North America,California,Los Angeles,PROD-FUR-171,Furniture,Bookcases,Glass Display Credenza,2,310,520,1040,0.05,52.0,988.0,620,368.0,37.25,Credit Card,1
ORD-2024-11224,2024-08-26,2024-08-29,2024,Q3,August,8,Standard Class,CUST-1016,Evelyn Thomas,Consumer,Brazil,Latin America,Rio de Janeiro,Rio de Janeiro,PROD-TEC-170,Technology,Phones,Google Pixel 8,1,540,699,699,0.0,0.0,699.0,540,159.0,22.75,Wire Transfer,5
ORD-2025-11270,2024-08-27,2024-08-30,2024,Q3,August,8,Standard Class,CUST-1016,Evelyn Thomas,Home Office,Germany,Europe,Bavaria,Munich,PROD-FUR-183,Furniture,Bookcases,Glass Display Credenza,2,310,520,1040,0.05,52.0,988.0,620,368.0,37.25,Credit Card,5
ORD-2024-12886,2024-08-27,2024-08-28,2024,Q3,August,8,Standard Class,CUST-1027,Samuel Clark,Consumer,Japan,Asia Pacific,Kanto,Tokyo,PROD-FUR-114,Furniture,Tables,Modular Team Workstation,1,640,990,990,0.1,99.0,891.0,640,251.0,28.17,Wire Transfer,1
ORD-2024-11101,2024-08-27,2024-08-30,2024,Q3,August,8,Second Class,CUST-1006,Isabella Garcia,Home Office,United States,North America,Illinois,Chicago,PROD-FUR-129,Furniture,Bookcases,Solid Wood Library Cabinet,3,450,720,2160,0.0,0.0,2160.0,1350,810.0,37.5,PayPal,4
ORD-2025-13373,2024-08-28,2024-08-31,2024,Q3,August,8,First Class,CUST-1009,Benjamin Rodriguez,Home Office,United States,North America,Illinois,Chicago,PROD-OFF-104,Office Supplies,Appliances,Commercial Espresso Barista Machine,3,620,950,2850,0.1,285.0,2565.0,1860,705.0,27.49,Credit Card,5
ORD-2026-10776,2024-08-28,2024-08-30,2024,Q3,August,8,Standard Class,CUST-1014,Harper Wilson,Consumer,United States,North America,California,Los Angeles,PROD-TEC-110,Technology,Laptops,HP Spectre x360,3,920,1250,3750,0.1,375.0,3375.0,2760,615.0,18.22,Credit Card,5
ORD-2025-10997,2024-08-28,2024-08-31,2024,Q3,August,8,First Class,CUST-1020,Emily Martin,Consumer,Germany,Europe,Bavaria,Munich,PROD-FUR-130,Furniture,Bookcases,Solid Wood Library Cabinet,3,450,720,2160,0.05,108.0,2052.0,1350,702.0,34.21,Credit Card,5
ORD-2024-11803,2024-08-28,2024-08-29,2024,Q3,August,8,Standard Class,CUST-1003,Noah Williams,Corporate,Australia,Asia Pacific,Victoria,Melbourne,PROD-OFF-123,Office Supplies,Appliances,Commercial Espresso Barista Machine,2,620,950,1900,0.15,285.0,1615.0,1240,375.0,23.22,Credit Card,4
ORD-2025-12539,2024-08-28,2024-08-29,2024,Q3,August,8,Standard Class,CUST-1010,Charlotte Martinez,Home Office,France,Europe,Île-de-France,Paris,PROD-OFF-136,Office Supplies,Storage,Locking Security Storage Box,5,65,115,575,0.1,57.5,517.5,325,192.5,37.2,PayPal,5
ORD-2025-10430,2024-08-28,2024-08-31,2024,Q3,August,8,Second Class,CUST-1010,Charlotte Martinez,Consumer,Australia,Asia Pacific,Victoria,Melbourne,PROD-TEC-130,Technology,Phones,Google Pixel 8,1,540,699,699,0.05,34.95,664.05,540,124.05,18.68,PayPal,5
ORD-2024-11545,2024-08-29,2024-09-01,2024,Q3,August,8,Standard Class,CUST-1025,David Harris,Corporate,India,Asia Pacific,Karnataka,Bangalore,PROD-OFF-195,Office Supplies,Appliances,Commercial Espresso Barista Machine,5,620,950,4750,0.1,475.0,4275.0,3100,1175.0,27.49,PayPal,5
ORD-2025-11966,2024-08-30,2024-09-02,2024,Q3,August,8,Second Class,CUST-1029,Joseph Lewis,Corporate,France,Europe,Auvergne-Rhône-Alpes,Lyon,PROD-TEC-163,Technology,Phones,OnePlus 12,10,480,649,6490,0.1,649.0,5841.0,4800,1041.0,17.82,Wire Transfer,5
ORD-2025-12011,2024-08-31,2024-09-03,2024,Q3,August,8,Standard Class,CUST-1017,Matthew Taylor,Corporate,United States,North America,New York,New York,PROD-OFF-158,Office Supplies,Paper,Heavyweight Cardstock Reams,8,16,32,256,0.1,25.6,230.4,128,102.4,44.44,Credit Card,5
ORD-2024-10948,2024-08-31,2024-09-03,2024,Q3,August,8,Second Class,CUST-1011,Elijah Hernandez,Home Office,Germany,Europe,Bavaria,Munich,PROD-OFF-169,Office Supplies,Storage,Rolling Mobile Utility Cart,5,45,85,425,0.1,42.5,382.5,225,157.5,41.18,Credit Card,4
ORD-2025-11729,2024-08-31,2024-09-01,2024,Q3,August,8,Standard Class,CUST-1010,Charlotte Martinez,Consumer,Germany,Europe,Bavaria,Munich,PROD-OFF-109,Office Supplies,Storage,Rolling Mobile Utility Cart,2,45,85,170,0.0,0.0,170.0,90,80.0,47.06,Credit Card,5
ORD-2026-10239,2024-08-31,2024-09-01,2024,Q3,August,8,Standard Class,CUST-1008,Mia Davis,Home Office,United States,North America,Illinois,Chicago,PROD-TEC-130,Technology,Laptops,MacBook Air M3,1,890,1199,1199,0.1,119.9,1079.1,890,189.1,17.52,Credit Card,4
ORD-2025-12680,2024-08-31,2024-09-03,2024,Q3,August,8,Standard Class,CUST-1013,Alexander Gonzalez,Consumer,France,Europe,Île-de-France,Paris,PROD-FUR-122,Furniture,Bookcases,Glass Display Credenza,1,310,520,520,0.0,0.0,520.0,310,210.0,40.38,Wire Transfer,5
ORD-2026-10041,2024-09-01,2024-09-03,2024,Q3,September,9,Second Class,CUST-1018,Abigail Moore,Home Office,Germany,Europe,Berlin,Berlin,PROD-OFF-178,Office Supplies,Storage,Locking Security Storage Box,6,65,115,690,0.15,103.5,586.5,390,196.5,33.5,PayPal,5
ORD-2024-12409,2024-09-01,2024-09-03,2024,Q3,September,9,Same Day,CUST-1029,Joseph Lewis,Corporate,Germany,Europe,Berlin,Berlin,PROD-FUR-169,Furniture,Tables,Solid Oak Conference Table,1,980,1480,1480,0.0,0.0,1480.0,980,500.0,33.78,Wire Transfer,5
ORD-2024-12709,2024-09-01,2024-09-02,2024,Q3,September,9,First Class,CUST-1022,Elizabeth Perez,Corporate,Canada,North America,British Columbia,Vancouver,PROD-OFF-177,Office Supplies,Paper,Heavyweight Cardstock Reams,2,16,32,64,0.0,0.0,64.0,32,32.0,50.0,Direct Debit,4
ORD-2024-11743,2024-09-02,2024-09-06,2024,Q3,September,9,Standard Class,CUST-1018,Abigail Moore,Consumer,India,Asia Pacific,Karnataka,Bangalore,PROD-TEC-148,Technology,Laptops,HP Spectre x360,3,920,1250,3750,0.0,0.0,3750.0,2760,990.0,26.4,PayPal,5
ORD-2025-10640,2024-09-02,2024-09-07,2024,Q3,September,9,Standard Class,CUST-1001,Liam Johnson,Consumer,United States,North America,Texas,Houston,PROD-OFF-187,Office Supplies,Storage,Rolling Mobile Utility Cart,2,45,85,170,0.05,8.5,161.5,90,71.5,44.27,Wire Transfer,5
ORD-2025-11447,2024-09-02,2024-09-05,2024,Q3,September,9,Standard Class,CUST-1000,Emma Watson,Home Office,Germany,Europe,Bavaria,Munich,PROD-OFF-153,Office Supplies,Appliances,Smart Office Air Purifier Pro,1,140,249,249,0.1,24.9,224.1,140,84.1,37.53,Credit Card,5
ORD-2024-12517,2024-09-02,2024-09-04,2024,Q3,September,9,Standard Class,CUST-1001,Liam Johnson,Corporate,Japan,Asia Pacific,Kanto,Tokyo,PROD-FUR-140,Furniture,Bookcases,Solid Wood Library Cabinet,5,450,720,3600,0.1,360.0,3240.0,2250,990.0,30.56,Credit Card,5
ORD-2026-10158,2024-09-02,2024-09-05,2024,Q3,September,9,Second Class,CUST-1012,Amelia Lopez,Consumer,Germany,Europe,Berlin,Berlin,PROD-TEC-160,Technology,Accessories,Anker USB-C Docking Hub,1,45,79,79,0.1,7.9,71.1,45,26.1,36.71,Wire Transfer,3
ORD-2026-11028,2024-09-03,2024-09-05,2024,Q3,September,9,Second Class,CUST-1018,Abigail Moore,Corporate,Mexico,Latin America,Federal District,Mexico City,PROD-OFF-171,Office Supplies,Storage,Heavy Duty 4-Drawer File Cabinet,3,130,220,660,0.1,66.0,594.0,390,204.0,34.34,Credit Card,2
ORD-2026-11958,2024-09-03,2024-09-06,2024,Q3,September,9,First Class,CUST-1021,Sebastian Lee,Consumer,United Kingdom,Europe,England,Manchester,PROD-TEC-165,Technology,Laptops,HP Spectre x360,2,920,1250,2500,0.0,0.0,2500.0,1840,660.0,26.4,Credit Card,5
ORD-2025-10481,2024-09-03,2024-09-05,2024,Q3,September,9,Second Class,CUST-1009,Benjamin Rodriguez,Home Office,United States,North America,New York,New York,PROD-FUR-137,Furniture,Tables,Modular Team Workstation,3,640,990,2970,0.0,0.0,2970.0,1920,1050.0,35.35,Wire Transfer,5
ORD-2026-10128,2024-09-03,2024-09-05,2024,Q3,September,9,Standard Class,CUST-1001,Liam Johnson,Consumer,France,Europe,Auvergne-Rhône-Alpes,Lyon,PROD-FUR-114,Furniture,Tables,Smart Motorized Standing Desk,2,320,560,1120,0.1,112.0,1008.0,640,368.0,36.51,PayPal,4
ORD-2024-12856,2024-09-03,2024-09-06,2024,Q3,September,9,Standard Class,CUST-1003,Noah Williams,Consumer,United States,North America,New York,New York,PROD-OFF-103,Office Supplies,Appliances,Commercial Espresso Barista Machine,3,620,950,2850,0.05,142.5,2707.5,1860,847.5,31.3,Credit Card,5
ORD-2025-13433,2024-09-04,2024-09-07,2024,Q3,September,9,Standard Class,CUST-1017,Matthew Taylor,Corporate,United States,North America,Illinois,Chicago,PROD-FUR-192,Furniture,Tables,Smart Motorized Standing Desk,1,320,560,560,0.0,0.0,560.0,320,240.0,42.86,PayPal,5
ORD-2024-10909,2024-09-04,2024-09-08,2024,Q3,September,9,Second Class,CUST-1026,Ella Sanchez,Corporate,United Kingdom,Europe,England,London,PROD-FUR-133,Furniture,Tables,Modular Team Workstation,3,640,990,2970,0.0,0.0,2970.0,1920,1050.0,35.35,Wire Transfer,5
ORD-2024-12529,2024-09-04,2024-09-08,2024,Q3,September,9,First Class,CUST-1003,Noah Williams,Home Office,India,Asia Pacific,Karnataka,Bangalore,PROD-TEC-146,Technology,Phones,OnePlus 12,1,480,649,649,0.0,0.0,649.0,480,169.0,26.04,Credit Card,5
ORD-2025-12368,2024-09-05,2024-09-08,2024,Q3,September,9,Standard Class,CUST-1029,Joseph Lewis,Consumer,United Kingdom,Europe,England,Manchester,PROD-FUR-167,Furniture,Bookcases,Solid Wood Library Cabinet,1,450,720,720,0.05,36.0,684.0,450,234.0,34.21,Direct Debit,4
ORD-2025-12593,2024-09-05,2024-09-08,2024,Q3,September,9,Standard Class,CUST-1013,Alexander Gonzalez,Consumer,France,Europe,Île-de-France,Paris,PROD-TEC-169,Technology,Laptops,ThinkPad X1 Carbon,1,1050,1399,1399,0.0,0.0,1399.0,1050,349.0,24.95,Wire Transfer,4
ORD-2025-12824,2024-09-05,2024-09-08,2024,Q3,September,9,Second Class,CUST-1026,Ella Sanchez,Home Office,France,Europe,Île-de-France,Paris,PROD-OFF-173,Office Supplies,Storage,Rolling Mobile Utility Cart,5,45,85,425,0.15,63.75,361.25,225,136.25,37.72,Credit Card,5
ORD-2024-12547,2024-09-05,2024-09-08,2024,Q3,September,9,Second Class,CUST-1010,Charlotte Martinez,Consumer,Mexico,Latin America,Federal District,Mexico City,PROD-OFF-112,Office Supplies,Storage,Locking Security Storage Box,2,65,115,230,0.05,11.5,218.5,130,88.5,40.5,Direct Debit,5
ORD-2025-12470,2024-09-05,2024-09-07,2024,Q3,September,9,Standard Class,CUST-1001,Liam Johnson,Corporate,United Kingdom,Europe,England,Manchester,PROD-OFF-132,Office Supplies,Storage,Rolling Mobile Utility Cart,1,45,85,85,0.1,8.5,76.5,45,31.5,41.18,Wire Transfer,4
ORD-2025-11795,2024-09-06,2024-09-12,2024,Q3,September,9,Second Class,CUST-1014,Harper Wilson,Consumer,Germany,Europe,Bavaria,Munich,PROD-FUR-198,Furniture,Tables,Smart Motorized Standing Desk,1,320,560,560,0.0,0.0,560.0,320,240.0,42.86,Wire Transfer,5
ORD-2024-10615,2024-09-06,2024-09-08,2024,Q3,September,9,Second Class,CUST-1021,Sebastian Lee,Corporate,Canada,North America,British Columbia,Vancouver,PROD-TEC-199,Technology,Laptops,HP Spectre x360,1,920,1250,1250,0.1,125.0,1125.0,920,205.0,18.22,Wire Transfer,2
ORD-2024-10867,2024-09-07,2024-09-09,2024,Q3,September,9,Second Class,CUST-1005,James Jones,Consumer,France,Europe,Île-de-France,Paris,PROD-TEC-194,Technology,Accessories,Bose QuietComfort Headphones,4,180,279,1116,0.0,0.0,1116.0,720,396.0,35.48,Direct Debit,5
ORD-2024-11848,2024-09-07,2024-09-09,2024,Q3,September,9,Standard Class,CUST-1017,Matthew Taylor,Consumer,United States,North America,New York,New York,PROD-TEC-147,Technology,Accessories,Bose QuietComfort Headphones,4,180,279,1116,0.0,0.0,1116.0,720,396.0,35.48,PayPal,4
ORD-2025-11663,2024-09-07,2024-09-10,2024,Q3,September,9,Standard Class,CUST-1028,Chloe Ramirez,Consumer,Australia,Asia Pacific,Victoria,Melbourne,PROD-FUR-122,Furniture,Tables,Modular Team Workstation,2,640,990,1980,0.05,99.0,1881.0,1280,601.0,31.95,Credit Card,5
ORD-2026-12348,2024-09-07,2024-09-08,2024,Q3,September,9,Second Class,CUST-1018,Abigail Moore,Consumer,United States,North America,New York,New York,PROD-OFF-127,Office Supplies,Appliances,Smart Office Air Purifier Pro,5,140,249,1245,0.1,124.5,1120.5,700,420.5,37.53,Credit Card,1
ORD-2024-10021,2024-09-07,2024-09-09,2024,Q3,September,9,Standard Class,CUST-1026,Ella Sanchez,Corporate,Canada,North America,British Columbia,Vancouver,PROD-FUR-139,Furniture,Bookcases,Glass Display Credenza,6,310,520,3120,0.1,312.0,2808.0,1860,948.0,33.76,PayPal,5
ORD-2024-10951,2024-09-08,2024-09-10,2024,Q3,September,9,Standard Class,CUST-1006,Isabella Garcia,Home Office,India,Asia Pacific,Karnataka,Bangalore,PROD-TEC-148,Technology,Laptops,HP Spectre x360,3,920,1250,3750,0.0,0.0,3750.0,2760,990.0,26.4,Credit Card,5
ORD-2026-11763,2024-09-08,2024-09-11,2024,Q3,September,9,Standard Class,CUST-1029,Joseph Lewis,Corporate,Singapore,Asia Pacific,Central,Singapore,PROD-FUR-134,Furniture,Chairs,Ergonomic Mesh Task Chair,2,160,289,578,0.05,28.9,549.1,320,229.1,41.72,Wire Transfer,3
ORD-2024-12421,2024-09-08,2024-09-10,2024,Q3,September,9,Same Day,CUST-1010,Charlotte Martinez,Consumer,Canada,North America,Ontario,Toronto,PROD-OFF-112,Office Supplies,Storage,Heavy Duty 4-Drawer File Cabinet,2,130,220,440,0.0,0.0,440.0,260,180.0,40.91,PayPal,5
ORD-2025-13025,2024-09-09,2024-09-12,2024,Q3,September,9,Same Day,CUST-1019,Henry Jackson,Home Office,Germany,Europe,Berlin,Berlin,PROD-TEC-130,Technology,Laptops,Dell XPS 15,4,1100,1450,5800,0.1,580.0,5220.0,4400,820.0,15.71,Wire Transfer,5
ORD-2026-10653,2024-09-09,2024-09-11,2024,Q3,September,9,Standard Class,CUST-1001,Liam Johnson,Consumer,Germany,Europe,Berlin,Berlin,PROD-TEC-178,Technology,Laptops,ThinkPad X1 Carbon,1,1050,1399,1399,0.0,0.0,1399.0,1050,349.0,24.95,Direct Debit,5
ORD-2026-12216,2024-09-09,2024-09-11,2024,Q3,September,9,Second Class,CUST-1029,Joseph Lewis,Home Office,Australia,Asia Pacific,New South Wales,Sydney,PROD-FUR-104,Furniture,Chairs,Steelcase Gesture Chair,1,820,1250,1250,0.1,125.0,1125.0,820,305.0,27.11,Wire Transfer,4
ORD-2025-10979,2024-09-09,2024-09-11,2024,Q3,September,9,Standard Class,CUST-1011,Elijah Hernandez,Home Office,United Kingdom,Europe,England,Manchester,PROD-OFF-141,Office Supplies,Paper,Heavyweight Cardstock Reams,3,16,32,96,0.0,0.0,96.0,48,48.0,50.0,PayPal,4
ORD-2026-10434,2024-09-09,2024-09-11,2024,Q3,September,9,Standard Class,CUST-1007,Lucas Miller,Home Office,United Kingdom,Europe,England,Manchester,PROD-OFF-106,Office Supplies,Storage,Rolling Mobile Utility Cart,1,45,85,85,0.0,0.0,85.0,45,40.0,47.06,PayPal,5
ORD-2024-12817,2024-09-10,2024-09-11,2024,Q3,September,9,First Class,CUST-1014,Harper Wilson,Consumer,France,Europe,Île-de-France,Paris,PROD-FUR-153,Furniture,Tables,Coffee Break Lounge Table,1,120,210,210,0.0,0.0,210.0,120,90.0,42.86,Wire Transfer,5
ORD-2026-10191,2024-09-10,2024-09-14,2024,Q3,September,9,Second Class,CUST-1015,Daniel Anderson,Consumer,France,Europe,Auvergne-Rhône-Alpes,Lyon,PROD-FUR-182,Furniture,Tables,Smart Motorized Standing Desk,4,320,560,2240,0.05,112.0,2128.0,1280,848.0,39.85,Credit Card,4
ORD-2024-10336,2024-09-11,2024-09-13,2024,Q3,September,9,Same Day,CUST-1007,Lucas Miller,Corporate,United States,North America,Texas,Houston,PROD-FUR-161,Furniture,Chairs,Ergonomic Mesh Task Chair,2,160,289,578,0.15,86.7,491.3,320,171.3,34.87,Direct Debit,5
ORD-2025-10631,2024-09-11,2024-09-13,2024,Q3,September,9,Same Day,CUST-1016,Evelyn Thomas,Home Office,Canada,North America,Ontario,Toronto,PROD-FUR-189,Furniture,Bookcases,Solid Wood Library Cabinet,2,450,720,1440,0.1,144.0,1296.0,900,396.0,30.56,Direct Debit,4
ORD-2024-11053,2024-09-11,2024-09-14,2024,Q3,September,9,Standard Class,CUST-1003,Noah Williams,Corporate,Germany,Europe,Bavaria,Munich,PROD-FUR-139,Furniture,Tables,Modular Team Workstation,1,640,990,990,0.0,0.0,990.0,640,350.0,35.35,Wire Transfer,3
ORD-2025-11033,2024-09-11,2024-09-14,2024,Q3,September,9,First Class,CUST-1012,Amelia Lopez,Corporate,United Kingdom,Europe,England,London,PROD-FUR-183,Furniture,Bookcases,Modern 5-Tier Industrial Bookshelf,3,110,195,585,0.05,29.25,555.75,330,225.75,40.62,PayPal,5
ORD-2024-11086,2024-09-12,2024-09-15,2024,Q3,September,9,First Class,CUST-1022,Elizabeth Perez,Consumer,Germany,Europe,Bavaria,Munich,PROD-TEC-176,Technology,Phones,OnePlus 12,1,480,649,649,0.0,0.0,649.0,480,169.0,26.04,Credit Card,5
ORD-2024-12097,2024-09-12,2024-09-13,2024,Q3,September,9,Same Day,CUST-1022,Elizabeth Perez,Consumer,Mexico,Latin America,Federal District,Mexico City,PROD-OFF-166,Office Supplies,Appliances,Commercial Espresso Barista Machine,2,620,950,1900,0.1,190.0,1710.0,1240,470.0,27.49,PayPal,5
ORD-2025-12122,2024-09-12,2024-09-14,2024,Q3,September,9,Second Class,CUST-1016,Evelyn Thomas,Consumer,Germany,Europe,Berlin,Berlin,PROD-OFF-173,Office Supplies,Appliances,Heavy Duty Cross-Cut Shredder,4,90,165,660,0.0,0.0,660.0,360,300.0,45.45,Wire Transfer,4
ORD-2024-13141,2024-09-12,2024-09-15,2024,Q3,September,9,Standard Class,CUST-1024,Avery White,Consumer,United Kingdom,Europe,England,Manchester,PROD-TEC-157,Technology,Phones,iPhone 15 Pro,1,850,1099,1099,0.0,0.0,1099.0,850,249.0,22.66,Wire Transfer,5
ORD-2024-11896,2024-09-12,2024-09-15,2024,Q3,September,9,Standard Class,CUST-1007,Lucas Miller,Corporate,Canada,North America,Ontario,Toronto,PROD-OFF-126,Office Supplies,Appliances,Smart Office Air Purifier Pro,2,140,249,498,0.0,0.0,498.0,280,218.0,43.78,Credit Card,3
ORD-2024-13393,2024-09-13,2024-09-16,2024,Q3,September,9,Standard Class,CUST-1027,Samuel Clark,Corporate,United States,North America,Illinois,Chicago,PROD-TEC-190,Technology,Laptops,Dell XPS 15,3,1100,1450,4350,0.0,0.0,4350.0,3300,1050.0,24.14,PayPal,5
ORD-2026-11748,2024-09-13,2024-09-15,2024,Q3,September,9,Standard Class,CUST-1000,Emma Watson,Corporate,United States,North America,Texas,Houston,PROD-FUR-193,Furniture,Tables,Smart Motorized Standing Desk,2,320,560,1120,0.0,0.0,1120.0,640,480.0,42.86,PayPal,4
ORD-2026-11883,2024-09-13,2024-09-14,2024,Q3,September,9,Standard Class,CUST-1026,Ella Sanchez,Corporate,India,Asia Pacific,Karnataka,Bangalore,PROD-FUR-140,Furniture,Bookcases,Modern 5-Tier Industrial Bookshelf,1,110,195,195,0.05,9.75,185.25,110,75.25,40.62,PayPal,5
ORD-2024-12769,2024-09-13,2024-09-15,2024,Q3,September,9,Standard Class,CUST-1017,Matthew Taylor,Consumer,United States,North America,New York,New York,PROD-FUR-192,Furniture,Tables,Coffee Break Lounge Table,2,120,210,420,0.05,21.0,399.0,240,159.0,39.85,Credit Card,5
ORD-2024-12928,2024-09-14,2024-09-17,2024,Q3,September,9,Standard Class,CUST-1021,Sebastian Lee,Corporate,United States,North America,New York,New York,PROD-OFF-181,Office Supplies,Storage,Rolling Mobile Utility Cart,1,45,85,85,0.15,12.75,72.25,45,27.25,37.72,Wire Transfer,5
ORD-2025-13319,2024-09-14,2024-09-19,2024,Q3,September,9,Standard Class,CUST-1025,David Harris,Consumer,Canada,North America,British Columbia,Vancouver,PROD-FUR-196,Furniture,Chairs,Ergonomic Mesh Task Chair,4,160,289,1156,0.1,115.6,1040.4,640,400.4,38.49,Wire Transfer,5
ORD-2025-12464,2024-09-14,2024-09-15,2024,Q3,September,9,Standard Class,CUST-1016,Evelyn Thomas,Consumer,Germany,Europe,Bavaria,Munich,PROD-TEC-182,Technology,Phones,OnePlus 12,1,480,649,649,0.0,0.0,649.0,480,169.0,26.04,Wire Transfer,4
ORD-2026-10407,2024-09-15,2024-09-17,2024,Q3,September,9,Standard Class,CUST-1027,Samuel Clark,Consumer,India,Asia Pacific,Karnataka,Bangalore,PROD-TEC-185,Technology,Accessories,Bose QuietComfort Headphones,2,180,279,558,0.05,27.9,530.1,360,170.1,32.09,Credit Card,4
ORD-2025-12842,2024-09-15,2024-09-18,2024,Q3,September,9,First Class,CUST-1010,Charlotte Martinez,Consumer,United States,North America,New York,New York,PROD-TEC-137,Technology,Laptops,ThinkPad X1 Carbon,6,1050,1399,8394,0.15,1259.1,7134.9,6300,834.9,11.7,Wire Transfer,4
ORD-2024-10924,2024-09-15,2024-09-20,2024,Q3,September,9,Second Class,CUST-1022,Elizabeth Perez,Corporate,United Kingdom,Europe,England,Manchester,PROD-OFF-158,Office Supplies,Storage,Locking Security Storage Box,2,65,115,230,0.05,11.5,218.5,130,88.5,40.5,Credit Card,5
ORD-2024-13204,2024-09-15,2024-09-21,2024,Q3,September,9,Standard Class,CUST-1001,Liam Johnson,Consumer,Japan,Asia Pacific,Kanto,Tokyo,PROD-FUR-163,Furniture,Bookcases,Modern 5-Tier Industrial Bookshelf,5,110,195,975,0.15,146.25,828.75,550,278.75,33.63,PayPal,5
ORD-2026-11007,2024-09-15,2024-09-18,2024,Q3,September,9,Standard Class,CUST-1023,Jack Thompson,Home Office,United Kingdom,Europe,England,London,PROD-FUR-131,Furniture,Bookcases,Solid Wood Library Cabinet,3,450,720,2160,0.0,0.0,2160.0,1350,810.0,37.5,Credit Card,4
ORD-2024-11476,2024-09-15,2024-09-17,2024,Q3,September,9,Second Class,CUST-1000,Emma Watson,Corporate,Japan,Asia Pacific,Kanto,Tokyo,PROD-TEC-131,Technology,Accessories,Bose QuietComfort Headphones,1,180,279,279,0.05,13.95,265.05,180,85.05,32.09,Direct Debit,4
ORD-2026-10110,2024-09-16,2024-09-19,2024,Q3,September,9,Standard Class,CUST-1002,Olivia Smith,Consumer,Singapore,Asia Pacific,Central,Singapore,PROD-TEC-118,Technology,Accessories,Dell 4K UltraSharp Monitor,1,340,489,489,0.0,0.0,489.0,340,149.0,30.47,PayPal,5
ORD-2025-10733,2024-09-16,2024-09-18,2024,Q3,September,9,Standard Class,CUST-1011,Elijah Hernandez,Consumer,Canada,North America,Ontario,Toronto,PROD-OFF-115,Office Supplies,Appliances,Smart Office Air Purifier Pro,1,140,249,249,0.0,0.0,249.0,140,109.0,43.78,Wire Transfer,5
ORD-2026-11913,2024-09-16,2024-09-19,2024,Q3,September,9,Second Class,CUST-1010,Charlotte Martinez,Consumer,Germany,Europe,Berlin,Berlin,PROD-OFF-142,Office Supplies,Storage,Heavy Duty 4-Drawer File Cabinet,3,130,220,660,0.0,0.0,660.0,390,270.0,40.91,Credit Card,3
ORD-2024-12031,2024-09-16,2024-09-17,2024,Q3,September,9,Standard Class,CUST-1011,Elijah Hernandez,Consumer,Australia,Asia Pacific,New South Wales,Sydney,PROD-TEC-106,Technology,Phones,Google Pixel 8,2,540,699,1398,0.0,0.0,1398.0,1080,318.0,22.75,Credit Card,5
ORD-2024-12607,2024-09-17,2024-09-21,2024,Q3,September,9,Standard Class,CUST-1015,Daniel Anderson,Consumer,Mexico,Latin America,Jalisco,Guadalajara,PROD-OFF-182,Office Supplies,Appliances,Commercial Espresso Barista Machine,1,620,950,950,0.1,95.0,855.0,620,235.0,27.49,Credit Card,5
ORD-2024-11383,2024-09-17,2024-09-19,2024,Q3,September,9,Standard Class,CUST-1005,James Jones,Consumer,United States,North America,Illinois,Chicago,PROD-TEC-123,Technology,Phones,OnePlus 12,2,480,649,1298,0.0,0.0,1298.0,960,338.0,26.04,PayPal,4
ORD-2026-11946,2024-09-17,2024-09-20,2024,Q3,September,9,Second Class,CUST-1002,Olivia Smith,Corporate,Japan,Asia Pacific,Kanto,Tokyo,PROD-TEC-139,Technology,Phones,Samsung Galaxy S24,3,720,950,2850,0.0,0.0,2850.0,2160,690.0,24.21,PayPal,3
ORD-2025-12698,2024-09-17,2024-09-21,2024,Q3,September,9,Second Class,CUST-1027,Samuel Clark,Home Office,United States,North America,New York,New York,PROD-TEC-150,Technology,Accessories,Logitech MX Master 3S,2,55,99,198,0.05,9.9,188.1,110,78.1,41.52,Credit Card,1
ORD-2025-12035,2024-09-17,2024-09-22,2024,Q3,September,9,Same Day,CUST-1019,Henry Jackson,Corporate,Germany,Europe,Berlin,Berlin,PROD-FUR-164,Furniture,Tables,Modular Team Workstation,6,640,990,5940,0.2,1188.0,4752.0,3840,912.0,19.19,Credit Card,4
ORD-2026-13113,2024-09-17,2024-09-20,2024,Q3,September,9,Standard Class,CUST-1005,James Jones,Home Office,France,Europe,Île-de-France,Paris,PROD-TEC-148,Technology,Phones,OnePlus 12,1,480,649,649,0.0,0.0,649.0,480,169.0,26.04,Credit Card,1
ORD-2026-12519,2024-09-18,2024-09-24,2024,Q3,September,9,First Class,CUST-1013,Alexander Gonzalez,Consumer,Germany,Europe,Berlin,Berlin,PROD-OFF-140,Office Supplies,Appliances,Smart Office Air Purifier Pro,1,140,249,249,0.0,0.0,249.0,140,109.0,43.78,Wire Transfer,3
ORD-2025-13136,2024-09-18,2024-09-21,2024,Q3,September,9,Second Class,CUST-1006,Isabella Garcia,Corporate,Brazil,Latin America,São Paulo,São Paulo,PROD-TEC-184,Technology,Phones,OnePlus 12,1,480,649,649,0.05,32.45,616.55,480,136.55,22.15,Wire Transfer,4
ORD-2025-13205,2024-09-18,2024-09-20,2024,Q3,September,9,Standard Class,CUST-1001,Liam Johnson,Consumer,Japan,Asia Pacific,Kanto,Tokyo,PROD-FUR-180,Furniture,Tables,Coffee Break Lounge Table,4,120,210,840,0.05,42.0,798.0,480,318.0,39.85,PayPal,4
ORD-2025-11561,2024-09-18,2024-09-21,2024,Q3,September,9,Second Class,CUST-1000,Emma Watson,Consumer,India,Asia Pacific,Karnataka,Bangalore,PROD-TEC-198,Technology,Phones,OnePlus 12,1,480,649,649,0.0,0.0,649.0,480,169.0,26.04,Credit Card,4
ORD-2024-11935,2024-09-19,2024-09-23,2024,Q3,September,9,Standard Class,CUST-1025,David Harris,Home Office,United States,North America,California,Los Angeles,PROD-FUR-138,Furniture,Bookcases,Glass Display Credenza,2,310,520,1040,0.0,0.0,1040.0,620,420.0,40.38,PayPal,5
ORD-2026-10989,2024-09-19,2024-09-21,2024,Q3,September,9,Standard Class,CUST-1008,Mia Davis,Consumer,Germany,Europe,Bavaria,Munich,PROD-TEC-127,Technology,Accessories,Anker USB-C Docking Hub,1,45,79,79,0.0,0.0,79.0,45,34.0,43.04,PayPal,4
ORD-2026-10560,2024-09-19,2024-09-21,2024,Q3,September,9,Standard Class,CUST-1019,Henry Jackson,Consumer,United States,North America,New York,New York,PROD-TEC-166,Technology,Laptops,HP Spectre x360,6,920,1250,7500,0.15,1125.0,6375.0,5520,855.0,13.41,Credit Card,3
ORD-2026-10260,2024-09-19,2024-09-22,2024,Q3,September,9,Standard Class,CUST-1009,Benjamin Rodriguez,Consumer,United States,North America,California,Los Angeles,PROD-OFF-187,Office Supplies,Paper,Heavyweight Cardstock Reams,2,16,32,64,0.05,3.2,60.8,32,28.8,47.37,Credit Card,4
ORD-2025-10895,2024-09-20,2024-09-22,2024,Q3,September,9,Second Class,CUST-1011,Elijah Hernandez,Home Office,United Kingdom,Europe,England,London,PROD-FUR-126,Furniture,Bookcases,Glass Display Credenza,1,310,520,520,0.0,0.0,520.0,310,210.0,40.38,PayPal,5
ORD-2024-11851,2024-09-20,2024-09-23,2024,Q3,September,9,Standard Class,CUST-1001,Liam Johnson,Home Office,Mexico,Latin America,Jalisco,Guadalajara,PROD-TEC-172,Technology,Phones,Google Pixel 8,2,540,699,1398,0.05,69.9,1328.1,1080,248.1,18.68,PayPal,4
ORD-2026-10314,2024-09-20,2024-09-24,2024,Q3,September,9,First Class,CUST-1018,Abigail Moore,Consumer,Germany,Europe,Bavaria,Munich,PROD-FUR-159,Furniture,Chairs,Steelcase Gesture Chair,3,820,1250,3750,0.1,375.0,3375.0,2460,915.0,27.11,PayPal,5
ORD-2024-11890,2024-09-21,2024-09-24,2024,Q3,September,9,Standard Class,CUST-1003,Noah Williams,Consumer,Singapore,Asia Pacific,Central,Singapore,PROD-TEC-111,Technology,Laptops,MacBook Air M3,4,890,1199,4796,0.05,239.8,4556.2,3560,996.2,21.86,Direct Debit,5
ORD-2024-10315,2024-09-21,2024-09-22,2024,Q3,September,9,Second Class,CUST-1007,Lucas Miller,Corporate,United States,North America,Illinois,Chicago,PROD-FUR-190,Furniture,Tables,Smart Motorized Standing Desk,4,320,560,2240,0.0,0.0,2240.0,1280,960.0,42.86,Credit Card,4
ORD-2026-12294,2024-09-21,2024-09-25,2024,Q3,September,9,Standard Class,CUST-1003,Noah Williams,Corporate,Canada,North America,British Columbia,Vancouver,PROD-FUR-104,Furniture,Chairs,Steelcase Gesture Chair,4,820,1250,5000,0.05,250.0,4750.0,3280,1470.0,30.95,PayPal,5
ORD-2026-11502,2024-09-21,2024-09-22,2024,Q3,September,9,Second Class,CUST-1027,Samuel Clark,Home Office,France,Europe,Île-de-France,Paris,PROD-TEC-181,Technology,Laptops,MacBook Air M3,1,890,1199,1199,0.0,0.0,1199.0,890,309.0,25.77,Credit Card,5
ORD-2026-11577,2024-09-21,2024-09-27,2024,Q3,September,9,Standard Class,CUST-1008,Mia Davis,Consumer,Mexico,Latin America,Federal District,Mexico City,PROD-FUR-190,Furniture,Chairs,Herman Miller Aeron Chair,1,750,1195,1195,0.1,119.5,1075.5,750,325.5,30.26,Wire Transfer,4
ORD-2025-10301,2024-09-21,2024-09-26,2024,Q3,September,9,Standard Class,CUST-1012,Amelia Lopez,Corporate,United Kingdom,Europe,England,London,PROD-OFF-137,Office Supplies,Appliances,Heavy Duty Cross-Cut Shredder,6,90,165,990,0.1,99.0,891.0,540,351.0,39.39,Wire Transfer,5
ORD-2025-12023,2024-09-21,2024-09-24,2024,Q3,September,9,First Class,CUST-1013,Alexander Gonzalez,Corporate,Japan,Asia Pacific,Kanto,Tokyo,PROD-FUR-117,Furniture,Bookcases,Solid Wood Library Cabinet,5,450,720,3600,0.15,540.0,3060.0,2250,810.0,26.47,Credit Card,5
ORD-2024-13198,2024-09-22,2024-09-27,2024,Q3,September,9,Standard Class,CUST-1015,Daniel Anderson,Consumer,United States,North America,California,Los Angeles,PROD-TEC-102,Technology,Laptops,ThinkPad X1 Carbon,3,1050,1399,4197,0.0,0.0,4197.0,3150,1047.0,24.95,Credit Card,5
ORD-2024-11332,2024-09-22,2024-09-24,2024,Q3,September,9,Second Class,CUST-1028,Chloe Ramirez,Corporate,United States,North America,Texas,Houston,PROD-TEC-189,Technology,Phones,iPhone 15 Pro,2,850,1099,2198,0.1,219.8,1978.2,1700,278.2,14.06,PayPal,4
ORD-2025-11105,2024-09-23,2024-09-26,2024,Q3,September,9,First Class,CUST-1025,David Harris,Corporate,United States,North America,Texas,Houston,PROD-TEC-112,Technology,Accessories,Anker USB-C Docking Hub,5,45,79,395,0.1,39.5,355.5,225,130.5,36.71,Wire Transfer,3
ORD-2024-10747,2024-09-23,2024-09-27,2024,Q3,September,9,Second Class,CUST-1027,Samuel Clark,Corporate,United States,North America,California,Los Angeles,PROD-FUR-196,Furniture,Chairs,Ergonomic Mesh Task Chair,3,160,289,867,0.0,0.0,867.0,480,387.0,44.64,PayPal,5
ORD-2024-10858,2024-09-23,2024-09-27,2024,Q3,September,9,Standard Class,CUST-1022,Elizabeth Perez,Corporate,France,Europe,Île-de-France,Paris,PROD-FUR-193,Furniture,Tables,Coffee Break Lounge Table,1,120,210,210,0.1,21.0,189.0,120,69.0,36.51,PayPal,4
ORD-2024-10144,2024-09-24,2024-09-27,2024,Q3,September,9,Second Class,CUST-1001,Liam Johnson,Corporate,United Kingdom,Europe,England,Manchester,PROD-FUR-199,Furniture,Bookcases,Glass Display Credenza,2,310,520,1040,0.0,0.0,1040.0,620,420.0,40.38,Direct Debit,5
ORD-2025-12449,2024-09-24,2024-09-26,2024,Q3,September,9,First Class,CUST-1015,Daniel Anderson,Home Office,India,Asia Pacific,Maharashtra,Mumbai,PROD-OFF-126,Office Supplies,Storage,Locking Security Storage Box,5,65,115,575,0.2,115.0,460.0,325,135.0,29.35,Credit Card,4
ORD-2025-10547,2024-09-24,2024-09-30,2024,Q3,September,9,Second Class,CUST-1008,Mia Davis,Consumer,Mexico,Latin America,Federal District,Mexico City,PROD-TEC-103,Technology,Accessories,Dell 4K UltraSharp Monitor,5,340,489,2445,0.1,244.5,2200.5,1700,500.5,22.74,Direct Debit,4
ORD-2024-13210,2024-09-25,2024-09-28,2024,Q3,September,9,Standard Class,CUST-1022,Elizabeth Perez,Corporate,Germany,Europe,Berlin,Berlin,PROD-OFF-127,Office Supplies,Storage,Rolling Mobile Utility Cart,2,45,85,170,0.0,0.0,170.0,90,80.0,47.06,Credit Card,3
ORD-2026-12084,2024-09-25,2024-09-28,2024,Q3,September,9,Standard Class,CUST-1028,Chloe Ramirez,Home Office,France,Europe,Auvergne-Rhône-Alpes,Lyon,PROD-TEC-141,Technology,Laptops,ThinkPad X1 Carbon,3,1050,1399,4197,0.0,0.0,4197.0,3150,1047.0,24.95,Credit Card,1
ORD-2026-10770,2024-09-25,2024-09-29,2024,Q3,September,9,Second Class,CUST-1024,Avery White,Consumer,India,Asia Pacific,Karnataka,Bangalore,PROD-FUR-114,Furniture,Tables,Smart Motorized Standing Desk,3,320,560,1680,0.1,168.0,1512.0,960,552.0,36.51,Direct Debit,5
ORD-2025-13421,2024-09-25,2024-09-27,2024,Q3,September,9,Standard Class,CUST-1011,Elijah Hernandez,Corporate,United States,North America,California,Los Angeles,PROD-FUR-149,Furniture,Bookcases,Solid Wood Library Cabinet,2,450,720,1440,0.0,0.0,1440.0,900,540.0,37.5,Credit Card,5
ORD-2025-10310,2024-09-26,2024-09-28,2024,Q3,September,9,Standard Class,CUST-1001,Liam Johnson,Corporate,Mexico,Latin America,Jalisco,Guadalajara,PROD-FUR-192,Furniture,Bookcases,Solid Wood Library Cabinet,6,450,720,4320,0.1,432.0,3888.0,2700,1188.0,30.56,PayPal,5
ORD-2025-12965,2024-09-26,2024-09-29,2024,Q3,September,9,Second Class,CUST-1013,Alexander Gonzalez,Corporate,India,Asia Pacific,Maharashtra,Mumbai,PROD-TEC-195,Technology,Laptops,MacBook Air M3,2,890,1199,2398,0.05,119.9,2278.1,1780,498.1,21.86,Wire Transfer,4
ORD-2026-12303,2024-09-26,2024-09-28,2024,Q3,September,9,Second Class,CUST-1003,Noah Williams,Consumer,United States,North America,Illinois,Chicago,PROD-OFF-176,Office Supplies,Paper,Premium Multipurpose Laser Paper 5000ct,4,28,48,192,0.0,0.0,192.0,112,80.0,41.67,Direct Debit,5
ORD-2026-11700,2024-09-26,2024-09-28,2024,Q3,September,9,Second Class,CUST-1000,Emma Watson,Consumer,United States,North America,California,Los Angeles,PROD-TEC-143,Technology,Accessories,Anker USB-C Docking Hub,8,45,79,632,0.15,94.8,537.2,360,177.2,32.99,Credit Card,4
ORD-2025-11450,2024-09-27,2024-09-29,2024,Q3,September,9,Standard Class,CUST-1013,Alexander Gonzalez,Consumer,Japan,Asia Pacific,Kanto,Tokyo,PROD-TEC-159,Technology,Laptops,ThinkPad X1 Carbon,1,1050,1399,1399,0.05,69.95,1329.05,1050,279.05,21.0,Credit Card,5
ORD-2025-13427,2024-09-27,2024-09-28,2024,Q3,September,9,First Class,CUST-1000,Emma Watson,Corporate,Singapore,Asia Pacific,Central,Singapore,PROD-TEC-163,Technology,Accessories,Anker USB-C Docking Hub,2,45,79,158,0.0,0.0,158.0,90,68.0,43.04,Credit Card,4
ORD-2026-12909,2024-09-27,2024-09-30,2024,Q3,September,9,Standard Class,CUST-1003,Noah Williams,Corporate,Canada,North America,Ontario,Toronto,PROD-OFF-196,Office Supplies,Appliances,Heavy Duty Cross-Cut Shredder,1,90,165,165,0.15,24.75,140.25,90,50.25,35.83,Credit Card,2
ORD-2024-12295,2024-09-28,2024-10-01,2024,Q3,September,9,First Class,CUST-1006,Isabella Garcia,Corporate,Germany,Europe,Bavaria,Munich,PROD-FUR-189,Furniture,Bookcases,Modern 5-Tier Industrial Bookshelf,5,110,195,975,0.1,97.5,877.5,550,327.5,37.32,Credit Card,3
ORD-2025-13436,2024-09-28,2024-09-30,2024,Q3,September,9,Standard Class,CUST-1001,Liam Johnson,Consumer,Germany,Europe,Bavaria,Munich,PROD-OFF-102,Office Supplies,Storage,Rolling Mobile Utility Cart,1,45,85,85,0.0,0.0,85.0,45,40.0,47.06,PayPal,5
ORD-2025-10028,2024-09-28,2024-09-29,2024,Q3,September,9,Second Class,CUST-1011,Elijah Hernandez,Corporate,Canada,North America,Ontario,Toronto,PROD-OFF-174,Office Supplies,Storage,Rolling Mobile Utility Cart,1,45,85,85,0.0,0.0,85.0,45,40.0,47.06,Credit Card,5
ORD-2024-13126,2024-09-28,2024-09-29,2024,Q3,September,9,Standard Class,CUST-1006,Isabella Garcia,Consumer,France,Europe,Île-de-France,Paris,PROD-FUR-174,Furniture,Chairs,Ergonomic Mesh Task Chair,4,160,289,1156,0.0,0.0,1156.0,640,516.0,44.64,PayPal,5
ORD-2026-10671,2024-09-28,2024-10-02,2024,Q3,September,9,Second Class,CUST-1002,Olivia Smith,Corporate,Australia,Asia Pacific,New South Wales,Sydney,PROD-OFF-119,Office Supplies,Storage,Rolling Mobile Utility Cart,2,45,85,170,0.1,17.0,153.0,90,63.0,41.18,PayPal,5
ORD-2025-12329,2024-09-28,2024-10-04,2024,Q3,September,9,Second Class,CUST-1011,Elijah Hernandez,Consumer,France,Europe,Auvergne-Rhône-Alpes,Lyon,PROD-TEC-141,Technology,Laptops,ThinkPad X1 Carbon,3,1050,1399,4197,0.05,209.85,3987.15,3150,837.15,21.0,Credit Card,5
ORD-2024-11068,2024-09-28,2024-09-30,2024,Q3,September,9,Second Class,CUST-1001,Liam Johnson,Corporate,France,Europe,Île-de-France,Paris,PROD-TEC-168,Technology,Laptops,MacBook Air M3,1,890,1199,1199,0.0,0.0,1199.0,890,309.0,25.77,PayPal,5
ORD-2026-12393,2024-09-28,2024-10-01,2024,Q3,September,9,Standard Class,CUST-1010,Charlotte Martinez,Corporate,France,Europe,Auvergne-Rhône-Alpes,Lyon,PROD-TEC-193,Technology,Phones,Samsung Galaxy S24,1,720,950,950,0.0,0.0,950.0,720,230.0,24.21,PayPal,3
ORD-2026-10893,2024-09-28,2024-10-01,2024,Q3,September,9,Standard Class,CUST-1000,Emma Watson,Consumer,Japan,Asia Pacific,Kanto,Tokyo,PROD-FUR-106,Furniture,Chairs,Executive Leather Recliner,2,260,420,840,0.05,42.0,798.0,520,278.0,34.84,PayPal,5
ORD-2024-12991,2024-09-28,2024-10-01,2024,Q3,September,9,Standard Class,CUST-1026,Ella Sanchez,Corporate,United States,North America,California,Los Angeles,PROD-FUR-178,Furniture,Chairs,Ergonomic Mesh Task Chair,1,160,289,289,0.15,43.35,245.65,160,85.65,34.87,Credit Card,5
ORD-2025-11015,2024-09-29,2024-10-02,2024,Q3,September,9,Standard Class,CUST-1028,Chloe Ramirez,Corporate,United States,North America,California,Los Angeles,PROD-OFF-185,Office Supplies,Storage,Heavy Duty 4-Drawer File Cabinet,2,130,220,440,0.05,22.0,418.0,260,158.0,37.8,Credit Card,5
ORD-2025-11453,2024-09-29,2024-10-03,2024,Q3,September,9,Standard Class,CUST-1013,Alexander Gonzalez,Corporate,Brazil,Latin America,São Paulo,São Paulo,PROD-OFF-193,Office Supplies,Paper,Heavyweight Cardstock Reams,4,16,32,128,0.0,0.0,128.0,64,64.0,50.0,Credit Card,5
ORD-2025-11231,2024-09-29,2024-10-02,2024,Q3,September,9,Standard Class,CUST-1016,Evelyn Thomas,Consumer,United States,North America,Texas,Houston,PROD-TEC-162,Technology,Laptops,HP Spectre x360,1,920,1250,1250,0.1,125.0,1125.0,920,205.0,18.22,Wire Transfer,4
ORD-2025-12938,2024-09-30,2024-10-05,2024,Q3,September,9,Standard Class,CUST-1011,Elijah Hernandez,Consumer,Canada,North America,British Columbia,Vancouver,PROD-FUR-127,Furniture,Tables,Coffee Break Lounge Table,1,120,210,210,0.0,0.0,210.0,120,90.0,42.86,Credit Card,5
ORD-2026-11775,2024-10-01,2024-10-03,2024,Q4,October,10,First Class,CUST-1024,Avery White,Home Office,United Kingdom,Europe,England,Manchester,PROD-OFF-158,Office Supplies,Storage,Rolling Mobile Utility Cart,3,45,85,255,0.0,0.0,255.0,135,120.0,47.06,Direct Debit,5
ORD-2024-12022,2024-10-01,2024-10-06,2024,Q4,October,10,Second Class,CUST-1001,Liam Johnson,Home Office,United Kingdom,Europe,England,Manchester,PROD-FUR-197,Furniture,Chairs,Herman Miller Aeron Chair,2,750,1195,2390,0.05,119.5,2270.5,1500,770.5,33.94,Credit Card,3
ORD-2026-12012,2024-10-01,2024-10-04,2024,Q4,October,10,Standard Class,CUST-1016,Evelyn Thomas,Corporate,Germany,Europe,Bavaria,Munich,PROD-TEC-193,Technology,Laptops,MacBook Air M3,1,890,1199,1199,0.05,59.95,1139.05,890,249.05,21.86,Wire Transfer,3
ORD-2024-12589,2024-10-01,2024-10-04,2024,Q4,October,10,Second Class,CUST-1003,Noah Williams,Consumer,United Kingdom,Europe,England,London,PROD-FUR-110,Furniture,Tables,Modular Team Workstation,6,640,990,5940,0.1,594.0,5346.0,3840,1506.0,28.17,Direct Debit,4
ORD-2025-12719,2024-10-01,2024-10-03,2024,Q4,October,10,First Class,CUST-1016,Evelyn Thomas,Consumer,United Kingdom,Europe,England,London,PROD-TEC-131,Technology,Accessories,Dell 4K UltraSharp Monitor,3,340,489,1467,0.0,0.0,1467.0,1020,447.0,30.47,Wire Transfer,3
ORD-2026-13149,2024-10-02,2024-10-04,2024,Q4,October,10,Standard Class,CUST-1011,Elijah Hernandez,Home Office,Canada,North America,British Columbia,Vancouver,PROD-TEC-167,Technology,Phones,OnePlus 12,1,480,649,649,0.0,0.0,649.0,480,169.0,26.04,Direct Debit,4
ORD-2024-13015,2024-10-02,2024-10-05,2024,Q4,October,10,Standard Class,CUST-1029,Joseph Lewis,Consumer,United Kingdom,Europe,England,London,PROD-FUR-153,Furniture,Bookcases,Modern 5-Tier Industrial Bookshelf,1,110,195,195,0.0,0.0,195.0,110,85.0,43.59,Credit Card,4
ORD-2025-13241,2024-10-02,2024-10-03,2024,Q4,October,10,First Class,CUST-1022,Elizabeth Perez,Consumer,France,Europe,Île-de-France,Paris,PROD-TEC-159,Technology,Phones,Samsung Galaxy S24,4,720,950,3800,0.05,190.0,3610.0,2880,730.0,20.22,Credit Card,4
ORD-2024-11527,2024-10-02,2024-10-05,2024,Q4,October,10,Standard Class,CUST-1013,Alexander Gonzalez,Corporate,India,Asia Pacific,Maharashtra,Mumbai,PROD-FUR-111,Furniture,Chairs,Ergonomic Mesh Task Chair,2,160,289,578,0.0,0.0,578.0,320,258.0,44.64,PayPal,5
ORD-2024-10240,2024-10-02,2024-10-05,2024,Q4,October,10,Second Class,CUST-1002,Olivia Smith,Consumer,United States,North America,Texas,Houston,PROD-FUR-108,Furniture,Bookcases,Solid Wood Library Cabinet,2,450,720,1440,0.0,0.0,1440.0,900,540.0,37.5,Credit Card,5
ORD-2026-11073,2024-10-03,2024-10-08,2024,Q4,October,10,Standard Class,CUST-1014,Harper Wilson,Consumer,France,Europe,Île-de-France,Paris,PROD-FUR-186,Furniture,Chairs,Executive Leather Recliner,3,260,420,1260,0.05,63.0,1197.0,780,417.0,34.84,Credit Card,5
ORD-2024-12598,2024-10-04,2024-10-08,2024,Q4,October,10,First Class,CUST-1002,Olivia Smith,Consumer,Germany,Europe,Berlin,Berlin,PROD-OFF-173,Office Supplies,Paper,Heavyweight Cardstock Reams,2,16,32,64,0.05,3.2,60.8,32,28.8,47.37,Credit Card,4
ORD-2026-11424,2024-10-04,2024-10-07,2024,Q4,October,10,Standard Class,CUST-1007,Lucas Miller,Corporate,France,Europe,Auvergne-Rhône-Alpes,Lyon,PROD-FUR-122,Furniture,Bookcases,Solid Wood Library Cabinet,1,450,720,720,0.05,36.0,684.0,450,234.0,34.21,Credit Card,3
ORD-2024-13318,2024-10-04,2024-10-06,2024,Q4,October,10,Second Class,CUST-1015,Daniel Anderson,Consumer,United Kingdom,Europe,England,Manchester,PROD-FUR-165,Furniture,Tables,Coffee Break Lounge Table,1,120,210,210,0.0,0.0,210.0,120,90.0,42.86,Wire Transfer,3
ORD-2026-13191,2024-10-05,2024-10-08,2024,Q4,October,10,Second Class,CUST-1006,Isabella Garcia,Home Office,Australia,Asia Pacific,New South Wales,Sydney,PROD-OFF-143,Office Supplies,Storage,Heavy Duty 4-Drawer File Cabinet,3,130,220,660,0.05,33.0,627.0,390,237.0,37.8,Credit Card,5
ORD-2026-11052,2024-10-05,2024-10-07,2024,Q4,October,10,Standard Class,CUST-1015,Daniel Anderson,Home Office,Brazil,Latin America,São Paulo,São Paulo,PROD-OFF-114,Office Supplies,Paper,Heavyweight Cardstock Reams,4,16,32,128,0.0,0.0,128.0,64,64.0,50.0,PayPal,5
ORD-2025-13394,2024-10-05,2024-10-07,2024,Q4,October,10,First Class,CUST-1021,Sebastian Lee,Home Office,Singapore,Asia Pacific,Central,Singapore,PROD-OFF-108,Office Supplies,Appliances,Smart Office Air Purifier Pro,1,140,249,249,0.05,12.45,236.55,140,96.55,40.82,Wire Transfer,4
ORD-2024-10087,2024-10-06,2024-10-09,2024,Q4,October,10,Standard Class,CUST-1010,Charlotte Martinez,Consumer,United States,North America,California,Los Angeles,PROD-FUR-119,Furniture,Tables,Smart Motorized Standing Desk,4,320,560,2240,0.1,224.0,2016.0,1280,736.0,36.51,Credit Card,5
ORD-2026-10038,2024-10-06,2024-10-09,2024,Q4,October,10,Standard Class,CUST-1010,Charlotte Martinez,Corporate,Singapore,Asia Pacific,Central,Singapore,PROD-TEC-180,Technology,Laptops,Dell XPS 15,2,1100,1450,2900,0.15,435.0,2465.0,2200,265.0,10.75,Wire Transfer,4
ORD-2026-11286,2024-10-06,2024-10-12,2024,Q4,October,10,Standard Class,CUST-1023,Jack Thompson,Consumer,Canada,North America,Ontario,Toronto,PROD-TEC-139,Technology,Accessories,Dell 4K UltraSharp Monitor,6,340,489,2934,0.15,440.1,2493.9,2040,453.9,18.2,Wire Transfer,2
ORD-2024-12238,2024-10-06,2024-10-09,2024,Q4,October,10,Second Class,CUST-1021,Sebastian Lee,Corporate,France,Europe,Auvergne-Rhône-Alpes,Lyon,PROD-TEC-188,Technology,Laptops,HP Spectre x360,1,920,1250,1250,0.05,62.5,1187.5,920,267.5,22.53,Credit Card,5
ORD-2024-10735,2024-10-07,2024-10-11,2024,Q4,October,10,Second Class,CUST-1028,Chloe Ramirez,Home Office,Brazil,Latin America,Rio de Janeiro,Rio de Janeiro,PROD-TEC-143,Technology,Accessories,Dell 4K UltraSharp Monitor,2,340,489,978,0.0,0.0,978.0,680,298.0,30.47,Direct Debit,5
ORD-2024-11242,2024-10-07,2024-10-11,2024,Q4,October,10,Second Class,CUST-1017,Matthew Taylor,Corporate,Germany,Europe,Bavaria,Munich,PROD-TEC-121,Technology,Laptops,ThinkPad X1 Carbon,1,1050,1399,1399,0.1,139.9,1259.1,1050,209.1,16.61,Credit Card,5
ORD-2024-10489,2024-10-07,2024-10-11,2024,Q4,October,10,First Class,CUST-1015,Daniel Anderson,Consumer,United States,North America,Illinois,Chicago,PROD-FUR-190,Furniture,Chairs,Ergonomic Mesh Task Chair,1,160,289,289,0.0,0.0,289.0,160,129.0,44.64,Credit Card,4
ORD-2024-12619,2024-10-07,2024-10-10,2024,Q4,October,10,Second Class,CUST-1013,Alexander Gonzalez,Consumer,Canada,North America,Ontario,Toronto,PROD-TEC-119,Technology,Laptops,MacBook Air M3,1,890,1199,1199,0.0,0.0,1199.0,890,309.0,25.77,Wire Transfer,5
ORD-2025-12848,2024-10-07,2024-10-10,2024,Q4,October,10,Standard Class,CUST-1005,James Jones,Corporate,Germany,Europe,Bavaria,Munich,PROD-TEC-127,Technology,Laptops,Dell XPS 15,2,1100,1450,2900,0.05,145.0,2755.0,2200,555.0,20.15,Credit Card,4
ORD-2025-13031,2024-10-08,2024-10-09,2024,Q4,October,10,First Class,CUST-1022,Elizabeth Perez,Consumer,India,Asia Pacific,Maharashtra,Mumbai,PROD-OFF-194,Office Supplies,Storage,Heavy Duty 4-Drawer File Cabinet,1,130,220,220,0.0,0.0,220.0,130,90.0,40.91,Wire Transfer,5
ORD-2025-10163,2024-10-08,2024-10-11,2024,Q4,October,10,Standard Class,CUST-1016,Evelyn Thomas,Corporate,United Kingdom,Europe,England,Manchester,PROD-TEC-131,Technology,Phones,Samsung Galaxy S24,1,720,950,950,0.05,47.5,902.5,720,182.5,20.22,PayPal,5
ORD-2026-11265,2024-10-09,2024-10-12,2024,Q4,October,10,Second Class,CUST-1027,Samuel Clark,Corporate,United States,North America,Illinois,Chicago,PROD-TEC-187,Technology,Accessories,Dell 4K UltraSharp Monitor,4,340,489,1956,0.0,0.0,1956.0,1360,596.0,30.47,Credit Card,4
ORD-2025-13148,2024-10-10,2024-10-15,2024,Q4,October,10,Standard Class,CUST-1013,Alexander Gonzalez,Consumer,Brazil,Latin America,Rio de Janeiro,Rio de Janeiro,PROD-FUR-125,Furniture,Tables,Solid Oak Conference Table,4,980,1480,5920,0.1,592.0,5328.0,3920,1408.0,26.43,Credit Card,5
ORD-2024-10483,2024-10-11,2024-10-14,2024,Q4,October,10,Standard Class,CUST-1027,Samuel Clark,Consumer,Japan,Asia Pacific,Kanto,Tokyo,PROD-TEC-178,Technology,Phones,Google Pixel 8,1,540,699,699,0.0,0.0,699.0,540,159.0,22.75,Direct Debit,3
ORD-2024-12811,2024-10-11,2024-10-13,2024,Q4,October,10,Second Class,CUST-1002,Olivia Smith,Consumer,France,Europe,Île-de-France,Paris,PROD-FUR-110,Furniture,Tables,Coffee Break Lounge Table,4,120,210,840,0.1,84.0,756.0,480,276.0,36.51,Credit Card,5
ORD-2026-10266,2024-10-11,2024-10-12,2024,Q4,October,10,Standard Class,CUST-1020,Emily Martin,Consumer,Japan,Asia Pacific,Kanto,Tokyo,PROD-FUR-112,Furniture,Bookcases,Solid Wood Library Cabinet,5,450,720,3600,0.1,360.0,3240.0,2250,990.0,30.56,Credit Card,5
ORD-2025-11744,2024-10-11,2024-10-13,2024,Q4,October,10,First Class,CUST-1000,Emma Watson,Home Office,Germany,Europe,Bavaria,Munich,PROD-FUR-146,Furniture,Chairs,Steelcase Gesture Chair,5,820,1250,6250,0.15,937.5,5312.5,4100,1212.5,22.82,PayPal,5
ORD-2024-12889,2024-10-11,2024-10-14,2024,Q4,October,10,Standard Class,CUST-1026,Ella Sanchez,Consumer,Canada,North America,British Columbia,Vancouver,PROD-TEC-132,Technology,Accessories,Anker USB-C Docking Hub,2,45,79,158,0.05,7.9,150.1,90,60.1,40.04,Credit Card,4
ORD-2024-13123,2024-10-11,2024-10-12,2024,Q4,October,10,Standard Class,CUST-1003,Noah Williams,Home Office,United States,North America,Texas,Houston,PROD-OFF-171,Office Supplies,Paper,Premium Multipurpose Laser Paper 5000ct,3,28,48,144,0.0,0.0,144.0,84,60.0,41.67,PayPal,3
ORD-2025-11498,2024-10-12,2024-10-13,2024,Q4,October,10,Second Class,CUST-1007,Lucas Miller,Home Office,United States,North America,Texas,Houston,PROD-TEC-101,Technology,Accessories,Anker USB-C Docking Hub,4,45,79,316,0.0,0.0,316.0,180,136.0,43.04,Credit Card,4
ORD-2025-11804,2024-10-12,2024-10-13,2024,Q4,October,10,Standard Class,CUST-1019,Henry Jackson,Corporate,United Kingdom,Europe,England,London,PROD-FUR-134,Furniture,Chairs,Herman Miller Aeron Chair,3,750,1195,3585,0.05,179.25,3405.75,2250,1155.75,33.94,Credit Card,5
ORD-2026-10086,2024-10-12,2024-10-15,2024,Q4,October,10,First Class,CUST-1027,Samuel Clark,Corporate,India,Asia Pacific,Karnataka,Bangalore,PROD-FUR-104,Furniture,Bookcases,Glass Display Credenza,3,310,520,1560,0.05,78.0,1482.0,930,552.0,37.25,Wire Transfer,5
ORD-2026-11529,2024-10-12,2024-10-16,2024,Q4,October,10,Standard Class,CUST-1007,Lucas Miller,Home Office,United States,North America,California,Los Angeles,PROD-OFF-151,Office Supplies,Storage,Locking Security Storage Box,4,65,115,460,0.0,0.0,460.0,260,200.0,43.48,Credit Card,3
ORD-2024-10321,2024-10-13,2024-10-16,2024,Q4,October,10,Standard Class,CUST-1018,Abigail Moore,Corporate,Singapore,Asia Pacific,Central,Singapore,PROD-TEC-149,Technology,Phones,OnePlus 12,1,480,649,649,0.1,64.9,584.1,480,104.1,17.82,PayPal,5
ORD-2026-12975,2024-10-14,2024-10-18,2024,Q4,October,10,Standard Class,CUST-1016,Evelyn Thomas,Corporate,Canada,North America,British Columbia,Vancouver,PROD-OFF-175,Office Supplies,Paper,Executive Recycled Notepad Pack,4,12,24,96,0.1,9.6,86.4,48,38.4,44.44,Wire Transfer,4
ORD-2025-12227,2024-10-15,2024-10-16,2024,Q4,October,10,First Class,CUST-1009,Benjamin Rodriguez,Consumer,Singapore,Asia Pacific,Central,Singapore,PROD-OFF-192,Office Supplies,Storage,Rolling Mobile Utility Cart,2,45,85,170,0.0,0.0,170.0,90,80.0,47.06,Direct Debit,4
ORD-2025-13133,2024-10-15,2024-10-17,2024,Q4,October,10,Standard Class,CUST-1022,Elizabeth Perez,Consumer,United Kingdom,Europe,England,Manchester,PROD-FUR-134,Furniture,Tables,Solid Oak Conference Table,3,980,1480,4440,0.0,0.0,4440.0,2940,1500.0,33.78,Direct Debit,5
ORD-2024-12937,2024-10-15,2024-10-17,2024,Q4,October,10,Standard Class,CUST-1020,Emily Martin,Home Office,France,Europe,Île-de-France,Paris,PROD-OFF-142,Office Supplies,Paper,Heavyweight Cardstock Reams,1,16,32,32,0.0,0.0,32.0,16,16.0,50.0,Wire Transfer,5
ORD-2025-13406,2024-10-15,2024-10-17,2024,Q4,October,10,Second Class,CUST-1016,Evelyn Thomas,Corporate,Germany,Europe,Berlin,Berlin,PROD-TEC-195,Technology,Accessories,Bose QuietComfort Headphones,1,180,279,279,0.05,13.95,265.05,180,85.05,32.09,Wire Transfer,2
ORD-2025-12767,2024-10-15,2024-10-18,2024,Q4,October,10,Second Class,CUST-1000,Emma Watson,Corporate,United States,North America,California,Los Angeles,PROD-FUR-185,Furniture,Chairs,Executive Leather Recliner,4,260,420,1680,0.15,252.0,1428.0,1040,388.0,27.17,PayPal,4
ORD-2026-10458,2024-10-15,2024-10-17,2024,Q4,October,10,Standard Class,CUST-1010,Charlotte Martinez,Home Office,United States,North America,California,Los Angeles,PROD-TEC-172,Technology,Phones,Samsung Galaxy S24,3,720,950,2850,0.05,142.5,2707.5,2160,547.5,20.22,Wire Transfer,5
ORD-2025-13304,2024-10-15,2024-10-18,2024,Q4,October,10,Standard Class,CUST-1013,Alexander Gonzalez,Consumer,Germany,Europe,Bavaria,Munich,PROD-TEC-181,Technology,Phones,OnePlus 12,6,480,649,3894,0.1,389.4,3504.6,2880,624.6,17.82,Wire Transfer,4
ORD-2025-10334,2024-10-15,2024-10-17,2024,Q4,October,10,Second Class,CUST-1023,Jack Thompson,Consumer,United States,North America,New York,New York,PROD-FUR-140,Furniture,Tables,Coffee Break Lounge Table,4,120,210,840,0.0,0.0,840.0,480,360.0,42.86,Credit Card,4
ORD-2025-10283,2024-10-16,2024-10-17,2024,Q4,October,10,Standard Class,CUST-1024,Avery White,Consumer,India,Asia Pacific,Maharashtra,Mumbai,PROD-FUR-142,Furniture,Tables,Solid Oak Conference Table,2,980,1480,2960,0.1,296.0,2664.0,1960,704.0,26.43,Credit Card,2
ORD-2024-10882,2024-10-16,2024-10-19,2024,Q4,October,10,Second Class,CUST-1023,Jack Thompson,Consumer,Canada,North America,Ontario,Toronto,PROD-OFF-166,Office Supplies,Appliances,Commercial Espresso Barista Machine,4,620,950,3800,0.0,0.0,3800.0,2480,1320.0,34.74,Direct Debit,4
ORD-2025-10343,2024-10-16,2024-10-18,2024,Q4,October,10,Second Class,CUST-1003,Noah Williams,Consumer,United Kingdom,Europe,England,London,PROD-OFF-105,Office Supplies,Storage,Heavy Duty 4-Drawer File Cabinet,1,130,220,220,0.0,0.0,220.0,130,90.0,40.91,Credit Card,4
ORD-2025-12740,2024-10-16,2024-10-18,2024,Q4,October,10,Standard Class,CUST-1028,Chloe Ramirez,Corporate,Brazil,Latin America,São Paulo,São Paulo,PROD-FUR-151,Furniture,Tables,Smart Motorized Standing Desk,3,320,560,1680,0.0,0.0,1680.0,960,720.0,42.86,PayPal,4
ORD-2026-11229,2024-10-16,2024-10-20,2024,Q4,October,10,Standard Class,CUST-1017,Matthew Taylor,Consumer,Canada,North America,Ontario,Toronto,PROD-FUR-166,Furniture,Tables,Coffee Break Lounge Table,2,120,210,420,0.0,0.0,420.0,240,180.0,42.86,Credit Card,4
ORD-2024-10390,2024-10-17,2024-10-20,2024,Q4,October,10,Standard Class,CUST-1009,Benjamin Rodriguez,Corporate,United States,North America,Texas,Houston,PROD-TEC-187,Technology,Phones,OnePlus 12,1,480,649,649,0.0,0.0,649.0,480,169.0,26.04,Credit Card,5
ORD-2026-10359,2024-10-17,2024-10-19,2024,Q4,October,10,Second Class,CUST-1008,Mia Davis,Consumer,United Kingdom,Europe,England,London,PROD-TEC-185,Technology,Accessories,Dell 4K UltraSharp Monitor,5,340,489,2445,0.15,366.75,2078.25,1700,378.25,18.2,PayPal,5
ORD-2026-11127,2024-10-17,2024-10-21,2024,Q4,October,10,Second Class,CUST-1023,Jack Thompson,Home Office,Brazil,Latin America,Rio de Janeiro,Rio de Janeiro,PROD-TEC-118,Technology,Accessories,Dell 4K UltraSharp Monitor,5,340,489,2445,0.1,244.5,2200.5,1700,500.5,22.74,Wire Transfer,4
ORD-2025-11396,2024-10-18,2024-10-20,2024,Q4,October,10,Standard Class,CUST-1006,Isabella Garcia,Corporate,Canada,North America,British Columbia,Vancouver,PROD-FUR-199,Furniture,Bookcases,Glass Display Credenza,5,310,520,2600,0.2,520.0,2080.0,1550,530.0,25.48,Credit Card,3
ORD-2026-10878,2024-10-18,2024-10-20,2024,Q4,October,10,Standard Class,CUST-1023,Jack Thompson,Consumer,Mexico,Latin America,Jalisco,Guadalajara,PROD-OFF-139,Office Supplies,Storage,Locking Security Storage Box,3,65,115,345,0.0,0.0,345.0,195,150.0,43.48,Credit Card,5
ORD-2026-12615,2024-10-19,2024-10-24,2024,Q4,October,10,Standard Class,CUST-1028,Chloe Ramirez,Corporate,Australia,Asia Pacific,Victoria,Melbourne,PROD-FUR-178,Furniture,Chairs,Steelcase Gesture Chair,3,820,1250,3750,0.0,0.0,3750.0,2460,1290.0,34.4,Credit Card,5
ORD-2026-12942,2024-10-19,2024-10-21,2024,Q4,October,10,Standard Class,CUST-1001,Liam Johnson,Home Office,Germany,Europe,Bavaria,Munich,PROD-OFF-129,Office Supplies,Paper,Heavyweight Cardstock Reams,2,16,32,64,0.1,6.4,57.6,32,25.6,44.44,Wire Transfer,5
ORD-2026-12609,2024-10-19,2024-10-20,2024,Q4,October,10,First Class,CUST-1004,Sophia Brown,Consumer,United States,North America,Texas,Houston,PROD-TEC-132,Technology,Laptops,Dell XPS 15,3,1100,1450,4350,0.0,0.0,4350.0,3300,1050.0,24.14,Credit Card,4
ORD-2026-10755,2024-10-19,2024-10-21,2024,Q4,October,10,Second Class,CUST-1013,Alexander Gonzalez,Corporate,Australia,Asia Pacific,New South Wales,Sydney,PROD-TEC-127,Technology,Phones,iPhone 15 Pro,1,850,1099,1099,0.0,0.0,1099.0,850,249.0,22.66,Credit Card,4
ORD-2025-12239,2024-10-20,2024-10-23,2024,Q4,October,10,Standard Class,CUST-1010,Charlotte Martinez,Consumer,Germany,Europe,Bavaria,Munich,PROD-FUR-112,Furniture,Tables,Modular Team Workstation,4,640,990,3960,0.0,0.0,3960.0,2560,1400.0,35.35,Wire Transfer,5
ORD-2025-10688,2024-10-20,2024-10-23,2024,Q4,October,10,First Class,CUST-1029,Joseph Lewis,Corporate,France,Europe,Île-de-France,Paris,PROD-OFF-111,Office Supplies,Paper,Heavyweight Cardstock Reams,3,16,32,96,0.05,4.8,91.2,48,43.2,47.37,Credit Card,3
ORD-2024-11347,2024-10-20,2024-10-23,2024,Q4,October,10,Standard Class,CUST-1026,Ella Sanchez,Corporate,Germany,Europe,Bavaria,Munich,PROD-TEC-161,Technology,Accessories,Dell 4K UltraSharp Monitor,1,340,489,489,0.0,0.0,489.0,340,149.0,30.47,Wire Transfer,4
ORD-2026-11640,2024-10-21,2024-10-22,2024,Q4,October,10,First Class,CUST-1020,Emily Martin,Consumer,Singapore,Asia Pacific,Central,Singapore,PROD-TEC-103,Technology,Laptops,ThinkPad X1 Carbon,3,1050,1399,4197,0.1,419.7,3777.3,3150,627.3,16.61,Wire Transfer,4
ORD-2025-12875,2024-10-21,2024-10-22,2024,Q4,October,10,Standard Class,CUST-1001,Liam Johnson,Consumer,United States,North America,Illinois,Chicago,PROD-TEC-188,Technology,Phones,OnePlus 12,3,480,649,1947,0.05,97.35,1849.65,1440,409.65,22.15,PayPal,4
ORD-2025-11339,2024-10-21,2024-10-23,2024,Q4,October,10,Standard Class,CUST-1022,Elizabeth Perez,Home Office,Australia,Asia Pacific,New South Wales,Sydney,PROD-OFF-130,Office Supplies,Storage,Heavy Duty 4-Drawer File Cabinet,2,130,220,440,0.0,0.0,440.0,260,180.0,40.91,Credit Card,5
ORD-2026-11112,2024-10-21,2024-10-24,2024,Q4,October,10,First Class,CUST-1002,Olivia Smith,Consumer,Australia,Asia Pacific,Victoria,Melbourne,PROD-FUR-149,Furniture,Chairs,Steelcase Gesture Chair,2,820,1250,2500,0.0,0.0,2500.0,1640,860.0,34.4,Wire Transfer,5
ORD-2026-11856,2024-10-22,2024-10-25,2024,Q4,October,10,Same Day,CUST-1009,Benjamin Rodriguez,Consumer,United States,North America,Texas,Houston,PROD-TEC-194,Technology,Laptops,Dell XPS 15,1,1100,1450,1450,0.0,0.0,1450.0,1100,350.0,24.14,Wire Transfer,5
ORD-2025-10451,2024-10-22,2024-10-24,2024,Q4,October,10,Second Class,CUST-1028,Chloe Ramirez,Consumer,Australia,Asia Pacific,New South Wales,Sydney,PROD-OFF-119,Office Supplies,Appliances,Commercial Espresso Barista Machine,1,620,950,950,0.0,0.0,950.0,620,330.0,34.74,PayPal,1
ORD-2024-12859,2024-10-23,2024-10-24,2024,Q4,October,10,Standard Class,CUST-1015,Daniel Anderson,Home Office,India,Asia Pacific,Maharashtra,Mumbai,PROD-OFF-118,Office Supplies,Storage,Rolling Mobile Utility Cart,3,45,85,255,0.1,25.5,229.5,135,94.5,41.18,Credit Card,4
ORD-2026-10758,2024-10-23,2024-10-28,2024,Q4,October,10,Standard Class,CUST-1022,Elizabeth Perez,Consumer,Australia,Asia Pacific,New South Wales,Sydney,PROD-OFF-174,Office Supplies,Storage,Locking Security Storage Box,1,65,115,115,0.0,0.0,115.0,65,50.0,43.48,Wire Transfer,5
ORD-2026-11739,2024-10-23,2024-10-25,2024,Q4,October,10,Second Class,CUST-1021,Sebastian Lee,Consumer,United Kingdom,Europe,England,London,PROD-FUR-104,Furniture,Tables,Solid Oak Conference Table,1,980,1480,1480,0.0,0.0,1480.0,980,500.0,33.78,PayPal,5
ORD-2024-12931,2024-10-23,2024-10-26,2024,Q4,October,10,First Class,CUST-1016,Evelyn Thomas,Consumer,United States,North America,Texas,Houston,PROD-OFF-186,Office Supplies,Paper,Heavyweight Cardstock Reams,3,16,32,96,0.05,4.8,91.2,48,43.2,47.37,Credit Card,5
ORD-2024-10141,2024-10-23,2024-10-27,2024,Q4,October,10,Standard Class,CUST-1018,Abigail Moore,Corporate,Mexico,Latin America,Federal District,Mexico City,PROD-TEC-118,Technology,Accessories,Anker USB-C Docking Hub,5,45,79,395,0.1,39.5,355.5,225,130.5,36.71,Credit Card,5
ORD-2024-10453,2024-10-23,2024-10-26,2024,Q4,October,10,Standard Class,CUST-1026,Ella Sanchez,Consumer,Germany,Europe,Bavaria,Munich,PROD-FUR-104,Furniture,Tables,Solid Oak Conference Table,4,980,1480,5920,0.0,0.0,5920.0,3920,2000.0,33.78,Credit Card,4
ORD-2024-10153,2024-10-23,2024-10-25,2024,Q4,October,10,First Class,CUST-1018,Abigail Moore,Consumer,France,Europe,Auvergne-Rhône-Alpes,Lyon,PROD-OFF-119,Office Supplies,Storage,Rolling Mobile Utility Cart,8,45,85,680,0.15,102.0,578.0,360,218.0,37.72,Credit Card,5
ORD-2026-11235,2024-10-23,2024-10-25,2024,Q4,October,10,Second Class,CUST-1013,Alexander Gonzalez,Consumer,Canada,North America,British Columbia,Vancouver,PROD-FUR-199,Furniture,Bookcases,Modern 5-Tier Industrial Bookshelf,2,110,195,390,0.05,19.5,370.5,220,150.5,40.62,Wire Transfer,4
ORD-2024-12949,2024-10-24,2024-10-28,2024,Q4,October,10,Standard Class,CUST-1006,Isabella Garcia,Corporate,Canada,North America,British Columbia,Vancouver,PROD-FUR-168,Furniture,Tables,Solid Oak Conference Table,2,980,1480,2960,0.0,0.0,2960.0,1960,1000.0,33.78,Wire Transfer,5
ORD-2024-12043,2024-10-24,2024-10-27,2024,Q4,October,10,Second Class,CUST-1014,Harper Wilson,Consumer,United States,North America,New York,New York,PROD-FUR-169,Furniture,Chairs,Herman Miller Aeron Chair,1,750,1195,1195,0.05,59.75,1135.25,750,385.25,33.94,Wire Transfer,2
ORD-2024-11824,2024-10-24,2024-10-26,2024,Q4,October,10,Second Class,CUST-1020,Emily Martin,Consumer,India,Asia Pacific,Karnataka,Bangalore,PROD-TEC-139,Technology,Accessories,Dell 4K UltraSharp Monitor,1,340,489,489,0.1,48.9,440.1,340,100.1,22.74,Credit Card,4
ORD-2025-11963,2024-10-24,2024-10-26,2024,Q4,October,10,Standard Class,CUST-1010,Charlotte Martinez,Corporate,Brazil,Latin America,Rio de Janeiro,Rio de Janeiro,PROD-FUR-192,Furniture,Tables,Modular Team Workstation,4,640,990,3960,0.0,0.0,3960.0,2560,1400.0,35.35,Wire Transfer,5
ORD-2025-12140,2024-10-25,2024-10-27,2024,Q4,October,10,Second Class,CUST-1011,Elijah Hernandez,Corporate,Canada,North America,British Columbia,Vancouver,PROD-OFF-102,Office Supplies,Paper,Heavyweight Cardstock Reams,4,16,32,128,0.05,6.4,121.6,64,57.6,47.37,Wire Transfer,5
ORD-2025-12380,2024-10-25,2024-10-27,2024,Q4,October,10,Same Day,CUST-1016,Evelyn Thomas,Consumer,Canada,North America,British Columbia,Vancouver,PROD-TEC-107,Technology,Laptops,Dell XPS 15,1,1100,1450,1450,0.0,0.0,1450.0,1100,350.0,24.14,Wire Transfer,4
ORD-2025-11360,2024-10-26,2024-10-29,2024,Q4,October,10,Standard Class,CUST-1008,Mia Davis,Corporate,Australia,Asia Pacific,Victoria,Melbourne,PROD-FUR-197,Furniture,Tables,Solid Oak Conference Table,3,980,1480,4440,0.1,444.0,3996.0,2940,1056.0,26.43,Direct Debit,5
ORD-2024-10999,2024-10-26,2024-10-28,2024,Q4,October,10,Second Class,CUST-1028,Chloe Ramirez,Consumer,Germany,Europe,Berlin,Berlin,PROD-OFF-133,Office Supplies,Storage,Locking Security Storage Box,5,65,115,575,0.1,57.5,517.5,325,192.5,37.2,Credit Card,5
ORD-2026-11412,2024-10-26,2024-10-30,2024,Q4,October,10,Standard Class,CUST-1008,Mia Davis,Consumer,Canada,North America,Ontario,Toronto,PROD-TEC-102,Technology,Accessories,Anker USB-C Docking Hub,2,45,79,158,0.0,0.0,158.0,90,68.0,43.04,PayPal,1
ORD-2024-13483,2024-10-26,2024-10-28,2024,Q4,October,10,First Class,CUST-1009,Benjamin Rodriguez,Consumer,Australia,Asia Pacific,New South Wales,Sydney,PROD-TEC-194,Technology,Phones,Google Pixel 8,5,540,699,3495,0.1,349.5,3145.5,2700,445.5,14.16,Wire Transfer,5
ORD-2026-11604,2024-10-27,2024-10-31,2024,Q4,October,10,Standard Class,CUST-1027,Samuel Clark,Consumer,United Kingdom,Europe,England,London,PROD-OFF-104,Office Supplies,Paper,Heavyweight Cardstock Reams,2,16,32,64,0.1,6.4,57.6,32,25.6,44.44,Credit Card,5
ORD-2025-12782,2024-10-27,2024-10-31,2024,Q4,October,10,Second Class,CUST-1018,Abigail Moore,Home Office,France,Europe,Auvergne-Rhône-Alpes,Lyon,PROD-FUR-167,Furniture,Bookcases,Solid Wood Library Cabinet,1,450,720,720,0.0,0.0,720.0,450,270.0,37.5,Direct Debit,5
ORD-2025-13307,2024-10-27,2024-11-01,2024,Q4,October,10,Standard Class,CUST-1000,Emma Watson,Consumer,United Kingdom,Europe,England,London,PROD-FUR-108,Furniture,Tables,Modular Team Workstation,5,640,990,4950,0.1,495.0,4455.0,3200,1255.0,28.17,Credit Card,5
ORD-2024-12715,2024-10-27,2024-10-31,2024,Q4,October,10,Second Class,CUST-1012,Amelia Lopez,Consumer,United States,North America,California,Los Angeles,PROD-TEC-199,Technology,Laptops,MacBook Air M3,1,890,1199,1199,0.1,119.9,1079.1,890,189.1,17.52,Wire Transfer,5
ORD-2024-10249,2024-10-27,2024-10-28,2024,Q4,October,10,Standard Class,CUST-1008,Mia Davis,Corporate,United Kingdom,Europe,England,Manchester,PROD-OFF-112,Office Supplies,Paper,Executive Recycled Notepad Pack,1,12,24,24,0.0,0.0,24.0,12,12.0,50.0,PayPal,5
ORD-2026-11421,2024-10-28,2024-10-31,2024,Q4,October,10,Standard Class,CUST-1015,Daniel Anderson,Consumer,Mexico,Latin America,Federal District,Mexico City,PROD-FUR-148,Furniture,Bookcases,Solid Wood Library Cabinet,3,450,720,2160,0.05,108.0,2052.0,1350,702.0,34.21,Credit Card,5
ORD-2025-12911,2024-10-28,2024-10-30,2024,Q4,October,10,First Class,CUST-1025,David Harris,Home Office,United States,North America,New York,New York,PROD-FUR-153,Furniture,Chairs,Executive Leather Recliner,2,260,420,840,0.1,84.0,756.0,520,236.0,31.22,Credit Card,3
ORD-2026-11130,2024-10-28,2024-10-30,2024,Q4,October,10,Standard Class,CUST-1023,Jack Thompson,Consumer,United States,North America,New York,New York,PROD-OFF-164,Office Supplies,Paper,Premium Multipurpose Laser Paper 5000ct,6,28,48,288,0.1,28.8,259.2,168,91.2,35.19,Direct Debit,4
ORD-2025-11045,2024-10-28,2024-10-30,2024,Q4,October,10,Standard Class,CUST-1015,Daniel Anderson,Consumer,Mexico,Latin America,Jalisco,Guadalajara,PROD-TEC-140,Technology,Laptops,Dell XPS 15,5,1100,1450,7250,0.1,725.0,6525.0,5500,1025.0,15.71,Direct Debit,5
ORD-2024-10399,2024-10-28,2024-10-29,2024,Q4,October,10,First Class,CUST-1001,Liam Johnson,Consumer,Germany,Europe,Berlin,Berlin,PROD-TEC-131,Technology,Laptops,MacBook Air M3,2,890,1199,2398,0.0,0.0,2398.0,1780,618.0,25.77,Wire Transfer,4
ORD-2025-12188,2024-10-29,2024-10-31,2024,Q4,October,10,Standard Class,CUST-1018,Abigail Moore,Consumer,Germany,Europe,Berlin,Berlin,PROD-TEC-184,Technology,Laptops,ThinkPad X1 Carbon,1,1050,1399,1399,0.05,69.95,1329.05,1050,279.05,21.0,Credit Card,4
ORD-2025-13340,2024-10-29,2024-10-31,2024,Q4,October,10,Same Day,CUST-1002,Olivia Smith,Consumer,Australia,Asia Pacific,New South Wales,Sydney,PROD-TEC-152,Technology,Laptops,HP Spectre x360,4,920,1250,5000,0.05,250.0,4750.0,3680,1070.0,22.53,Direct Debit,5
ORD-2025-10826,2024-10-29,2024-10-31,2024,Q4,October,10,Standard Class,CUST-1002,Olivia Smith,Consumer,Germany,Europe,Berlin,Berlin,PROD-OFF-181,Office Supplies,Appliances,Smart Office Air Purifier Pro,3,140,249,747,0.0,0.0,747.0,420,327.0,43.78,Direct Debit,4
ORD-2024-12766,2024-10-30,2024-11-01,2024,Q4,October,10,First Class,CUST-1004,Sophia Brown,Corporate,France,Europe,Île-de-France,Paris,PROD-TEC-147,Technology,Laptops,Dell XPS 15,3,1100,1450,4350,0.0,0.0,4350.0,3300,1050.0,24.14,Direct Debit,3
ORD-2024-11137,2024-10-30,2024-11-03,2024,Q4,October,10,Second Class,CUST-1024,Avery White,Corporate,Singapore,Asia Pacific,Central,Singapore,PROD-OFF-167,Office Supplies,Paper,Premium Multipurpose Laser Paper 5000ct,1,28,48,48,0.05,2.4,45.6,28,17.6,38.6,Credit Card,5
ORD-2025-10136,2024-10-31,2024-11-04,2024,Q4,October,10,Second Class,CUST-1022,Elizabeth Perez,Corporate,United States,North America,Illinois,Chicago,PROD-FUR-137,Furniture,Bookcases,Solid Wood Library Cabinet,1,450,720,720,0.05,36.0,684.0,450,234.0,34.21,Credit Card,1
ORD-2026-10125,2024-10-31,2024-11-03,2024,Q4,October,10,Second Class,CUST-1005,James Jones,Consumer,United Kingdom,Europe,England,Manchester,PROD-TEC-192,Technology,Phones,Google Pixel 8,2,540,699,1398,0.1,139.8,1258.2,1080,178.2,14.16,Credit Card,5
ORD-2026-11316,2024-11-01,2024-11-04,2024,Q4,November,11,First Class,CUST-1005,James Jones,Corporate,Brazil,Latin America,Rio de Janeiro,Rio de Janeiro,PROD-TEC-132,Technology,Phones,Google Pixel 8,4,540,699,2796,0.1,279.6,2516.4,2160,356.4,14.16,PayPal,5
ORD-2024-12565,2024-11-01,2024-11-04,2024,Q4,November,11,Standard Class,CUST-1001,Liam Johnson,Home Office,India,Asia Pacific,Maharashtra,Mumbai,PROD-TEC-197,Technology,Accessories,Anker USB-C Docking Hub,4,45,79,316,0.0,0.0,316.0,180,136.0,43.04,Wire Transfer,5
ORD-2025-12791,2024-11-01,2024-11-04,2024,Q4,November,11,Second Class,CUST-1018,Abigail Moore,Consumer,Germany,Europe,Berlin,Berlin,PROD-TEC-103,Technology,Laptops,Dell XPS 15,1,1100,1450,1450,0.0,0.0,1450.0,1100,350.0,24.14,Credit Card,4
ORD-2024-11680,2024-11-01,2024-11-02,2024,Q4,November,11,Standard Class,CUST-1004,Sophia Brown,Corporate,Germany,Europe,Bavaria,Munich,PROD-FUR-146,Furniture,Chairs,Herman Miller Aeron Chair,3,750,1195,3585,0.05,179.25,3405.75,2250,1155.75,33.94,Wire Transfer,3
ORD-2026-10197,2024-11-02,2024-11-06,2024,Q4,November,11,Second Class,CUST-1004,Sophia Brown,Corporate,United Kingdom,Europe,England,London,PROD-FUR-157,Furniture,Chairs,Ergonomic Mesh Task Chair,2,160,289,578,0.0,0.0,578.0,320,258.0,44.64,PayPal,3
ORD-2025-12974,2024-11-02,2024-11-04,2024,Q4,November,11,Standard Class,CUST-1020,Emily Martin,Corporate,United States,North America,Illinois,Chicago,PROD-TEC-180,Technology,Phones,Google Pixel 8,2,540,699,1398,0.0,0.0,1398.0,1080,318.0,22.75,Credit Card,4
ORD-2024-10420,2024-11-02,2024-11-06,2024,Q4,November,11,Second Class,CUST-1011,Elijah Hernandez,Consumer,India,Asia Pacific,Maharashtra,Mumbai,PROD-FUR-125,Furniture,Chairs,Herman Miller Aeron Chair,1,750,1195,1195,0.1,119.5,1075.5,750,325.5,30.26,Credit Card,5
ORD-2026-10563,2024-11-02,2024-11-04,2024,Q4,November,11,Standard Class,CUST-1025,David Harris,Home Office,United Kingdom,Europe,England,London,PROD-FUR-160,Furniture,Bookcases,Modern 5-Tier Industrial Bookshelf,3,110,195,585,0.0,0.0,585.0,330,255.0,43.59,PayPal,2
ORD-2024-11695,2024-11-03,2024-11-05,2024,Q4,November,11,Standard Class,CUST-1008,Mia Davis,Home Office,Canada,North America,British Columbia,Vancouver,PROD-FUR-188,Furniture,Chairs,Steelcase Gesture Chair,2,820,1250,2500,0.0,0.0,2500.0,1640,860.0,34.4,Credit Card,5
ORD-2024-11740,2024-11-03,2024-11-05,2024,Q4,November,11,First Class,CUST-1010,Charlotte Martinez,Consumer,United States,North America,Illinois,Chicago,PROD-OFF-198,Office Supplies,Storage,Locking Security Storage Box,5,65,115,575,0.2,115.0,460.0,325,135.0,29.35,Credit Card,5
ORD-2026-12231,2024-11-03,2024-11-05,2024,Q4,November,11,Standard Class,CUST-1020,Emily Martin,Consumer,Canada,North America,Ontario,Toronto,PROD-OFF-198,Office Supplies,Storage,Heavy Duty 4-Drawer File Cabinet,3,130,220,660,0.0,0.0,660.0,390,270.0,40.91,Credit Card,4
ORD-2026-11472,2024-11-03,2024-11-06,2024,Q4,November,11,Second Class,CUST-1024,Avery White,Corporate,Australia,Asia Pacific,New South Wales,Sydney,PROD-TEC-126,Technology,Accessories,Bose QuietComfort Headphones,4,180,279,1116,0.15,167.4,948.6,720,228.6,24.1,Credit Card,5
ORD-2024-11962,2024-11-03,2024-11-05,2024,Q4,November,11,Standard Class,CUST-1018,Abigail Moore,Home Office,France,Europe,Auvergne-Rhône-Alpes,Lyon,PROD-TEC-186,Technology,Accessories,Anker USB-C Docking Hub,3,45,79,237,0.05,11.85,225.15,135,90.15,40.04,PayPal,4
ORD-2026-12966,2024-11-03,2024-11-07,2024,Q4,November,11,Standard Class,CUST-1001,Liam Johnson,Consumer,United Kingdom,Europe,England,London,PROD-FUR-146,Furniture,Bookcases,Solid Wood Library Cabinet,5,450,720,3600,0.1,360.0,3240.0,2250,990.0,30.56,Credit Card,5
ORD-2025-12947,2024-11-03,2024-11-05,2024,Q4,November,11,Standard Class,CUST-1003,Noah Williams,Corporate,France,Europe,Île-de-France,Paris,PROD-OFF-146,Office Supplies,Paper,Heavyweight Cardstock Reams,3,16,32,96,0.0,0.0,96.0,48,48.0,50.0,Credit Card,5
ORD-2024-13282,2024-11-04,2024-11-06,2024,Q4,November,11,Standard Class,CUST-1026,Ella Sanchez,Consumer,United States,North America,California,Los Angeles,PROD-OFF-171,Office Supplies,Storage,Heavy Duty 4-Drawer File Cabinet,2,130,220,440,0.1,44.0,396.0,260,136.0,34.34,Direct Debit,5
ORD-2026-11328,2024-11-05,2024-11-07,2024,Q4,November,11,First Class,CUST-1007,Lucas Miller,Consumer,Australia,Asia Pacific,Victoria,Melbourne,PROD-TEC-135,Technology,Laptops,MacBook Air M3,1,890,1199,1199,0.0,0.0,1199.0,890,309.0,25.77,PayPal,5
ORD-2025-13466,2024-11-05,2024-11-08,2024,Q4,November,11,Standard Class,CUST-1024,Avery White,Consumer,Mexico,Latin America,Jalisco,Guadalajara,PROD-FUR-135,Furniture,Chairs,Herman Miller Aeron Chair,1,750,1195,1195,0.0,0.0,1195.0,750,445.0,37.24,Wire Transfer,5
ORD-2024-12232,2024-11-05,2024-11-08,2024,Q4,November,11,Same Day,CUST-1026,Ella Sanchez,Corporate,France,Europe,Île-de-France,Paris,PROD-OFF-124,Office Supplies,Paper,Executive Recycled Notepad Pack,1,12,24,24,0.15,3.6,20.4,12,8.4,41.18,Wire Transfer,1
ORD-2024-11320,2024-11-05,2024-11-07,2024,Q4,November,11,Standard Class,CUST-1004,Sophia Brown,Home Office,United States,North America,Texas,Houston,PROD-OFF-138,Office Supplies,Storage,Heavy Duty 4-Drawer File Cabinet,6,130,220,1320,0.1,132.0,1188.0,780,408.0,34.34,PayPal,4
ORD-2024-10075,2024-11-05,2024-11-07,2024,Q4,November,11,Standard Class,CUST-1001,Liam Johnson,Consumer,United Kingdom,Europe,England,London,PROD-TEC-150,Technology,Accessories,Bose QuietComfort Headphones,2,180,279,558,0.05,27.9,530.1,360,170.1,32.09,PayPal,2
ORD-2025-12416,2024-11-05,2024-11-07,2024,Q4,November,11,Standard Class,CUST-1029,Joseph Lewis,Corporate,United States,North America,Illinois,Chicago,PROD-FUR-159,Furniture,Chairs,Ergonomic Mesh Task Chair,1,160,289,289,0.05,14.45,274.55,160,114.55,41.72,Wire Transfer,4
ORD-2026-13461,2024-11-05,2024-11-09,2024,Q4,November,11,Standard Class,CUST-1004,Sophia Brown,Corporate,United States,North America,Texas,Houston,PROD-OFF-183,Office Supplies,Storage,Locking Security Storage Box,3,65,115,345,0.1,34.5,310.5,195,115.5,37.2,Credit Card,4
ORD-2025-12101,2024-11-06,2024-11-10,2024,Q4,November,11,Second Class,CUST-1004,Sophia Brown,Consumer,Canada,North America,British Columbia,Vancouver,PROD-TEC-102,Technology,Phones,OnePlus 12,10,480,649,6490,0.1,649.0,5841.0,4800,1041.0,17.82,Credit Card,5
ORD-2024-12814,2024-11-06,2024-11-08,2024,Q4,November,11,Standard Class,CUST-1021,Sebastian Lee,Corporate,United Kingdom,Europe,England,Manchester,PROD-TEC-108,Technology,Phones,Samsung Galaxy S24,4,720,950,3800,0.1,380.0,3420.0,2880,540.0,15.79,Credit Card,5
ORD-2024-10993,2024-11-06,2024-11-09,2024,Q4,November,11,Same Day,CUST-1003,Noah Williams,Consumer,United States,North America,California,Los Angeles,PROD-OFF-110,Office Supplies,Appliances,Smart Office Air Purifier Pro,1,140,249,249,0.05,12.45,236.55,140,96.55,40.82,Credit Card,5
ORD-2026-12057,2024-11-06,2024-11-07,2024,Q4,November,11,Standard Class,CUST-1008,Mia Davis,Corporate,Canada,North America,Ontario,Toronto,PROD-FUR-193,Furniture,Tables,Solid Oak Conference Table,1,980,1480,1480,0.1,148.0,1332.0,980,352.0,26.43,Credit Card,5
ORD-2026-12759,2024-11-06,2024-11-09,2024,Q4,November,11,Second Class,CUST-1012,Amelia Lopez,Consumer,United States,North America,Illinois,Chicago,PROD-TEC-119,Technology,Accessories,Anker USB-C Docking Hub,5,45,79,395,0.15,59.25,335.75,225,110.75,32.99,Wire Transfer,5
ORD-2024-10654,2024-11-07,2024-11-10,2024,Q4,November,11,Second Class,CUST-1024,Avery White,Home Office,Canada,North America,British Columbia,Vancouver,PROD-OFF-168,Office Supplies,Appliances,Heavy Duty Cross-Cut Shredder,3,90,165,495,0.0,0.0,495.0,270,225.0,45.45,Credit Card,4
ORD-2026-10209,2024-11-07,2024-11-09,2024,Q4,November,11,Standard Class,CUST-1015,Daniel Anderson,Home Office,Singapore,Asia Pacific,Central,Singapore,PROD-OFF-101,Office Supplies,Storage,Heavy Duty 4-Drawer File Cabinet,6,130,220,1320,0.1,132.0,1188.0,780,408.0,34.34,Wire Transfer,4
ORD-2024-13153,2024-11-07,2024-11-10,2024,Q4,November,11,Second Class,CUST-1018,Abigail Moore,Consumer,United States,North America,New York,New York,PROD-TEC-158,Technology,Laptops,ThinkPad X1 Carbon,2,1050,1399,2798,0.0,0.0,2798.0,2100,698.0,24.95,Credit Card,5
ORD-2024-11899,2024-11-07,2024-11-09,2024,Q4,November,11,Second Class,CUST-1012,Amelia Lopez,Corporate,France,Europe,Auvergne-Rhône-Alpes,Lyon,PROD-FUR-114,Furniture,Chairs,Ergonomic Mesh Task Chair,2,160,289,578,0.05,28.9,549.1,320,229.1,41.72,Credit Card,5
ORD-2026-10122,2024-11-07,2024-11-09,2024,Q4,November,11,Second Class,CUST-1011,Elijah Hernandez,Home Office,Germany,Europe,Berlin,Berlin,PROD-OFF-182,Office Supplies,Paper,Premium Multipurpose Laser Paper 5000ct,6,28,48,288,0.1,28.8,259.2,168,91.2,35.19,Wire Transfer,4
ORD-2024-11134,2024-11-07,2024-11-08,2024,Q4,November,11,Standard Class,CUST-1014,Harper Wilson,Corporate,United States,North America,California,Los Angeles,PROD-FUR-195,Furniture,Bookcases,Glass Display Credenza,5,310,520,2600,0.1,260.0,2340.0,1550,790.0,33.76,Credit Card,5
ORD-2025-10721,2024-11-07,2024-11-09,2024,Q4,November,11,Second Class,CUST-1025,David Harris,Consumer,United Kingdom,Europe,England,Manchester,PROD-FUR-141,Furniture,Chairs,Ergonomic Mesh Task Chair,5,160,289,1445,0.15,216.75,1228.25,800,428.25,34.87,PayPal,2
ORD-2026-11295,2024-11-07,2024-11-08,2024,Q4,November,11,Second Class,CUST-1018,Abigail Moore,Consumer,United States,North America,California,Los Angeles,PROD-OFF-106,Office Supplies,Storage,Rolling Mobile Utility Cart,2,45,85,170,0.05,8.5,161.5,90,71.5,44.27,PayPal,5
ORD-2026-13452,2024-11-08,2024-11-11,2024,Q4,November,11,Same Day,CUST-1002,Olivia Smith,Corporate,United States,North America,California,Los Angeles,PROD-FUR-125,Furniture,Tables,Solid Oak Conference Table,4,980,1480,5920,0.0,0.0,5920.0,3920,2000.0,33.78,PayPal,5
ORD-2026-10644,2024-11-08,2024-11-13,2024,Q4,November,11,Standard Class,CUST-1028,Chloe Ramirez,Consumer,France,Europe,Île-de-France,Paris,PROD-OFF-101,Office Supplies,Storage,Rolling Mobile Utility Cart,3,45,85,255,0.0,0.0,255.0,135,120.0,47.06,Credit Card,5
ORD-2026-10293,2024-11-08,2024-11-10,2024,Q4,November,11,Second Class,CUST-1002,Olivia Smith,Home Office,Australia,Asia Pacific,New South Wales,Sydney,PROD-OFF-194,Office Supplies,Storage,Rolling Mobile Utility Cart,5,45,85,425,0.1,42.5,382.5,225,157.5,41.18,Credit Card,5
ORD-2025-12950,2024-11-09,2024-11-12,2024,Q4,November,11,Standard Class,CUST-1023,Jack Thompson,Consumer,Singapore,Asia Pacific,Central,Singapore,PROD-TEC-118,Technology,Laptops,HP Spectre x360,3,920,1250,3750,0.0,0.0,3750.0,2760,990.0,26.4,Wire Transfer,5
ORD-2025-12908,2024-11-09,2024-11-11,2024,Q4,November,11,Standard Class,CUST-1027,Samuel Clark,Consumer,Brazil,Latin America,São Paulo,São Paulo,PROD-TEC-142,Technology,Phones,Google Pixel 8,3,540,699,2097,0.0,0.0,2097.0,1620,477.0,22.75,Credit Card,5
ORD-2026-12933,2024-11-09,2024-11-13,2024,Q4,November,11,Standard Class,CUST-1022,Elizabeth Perez,Home Office,Singapore,Asia Pacific,Central,Singapore,PROD-FUR-177,Furniture,Bookcases,Modern 5-Tier Industrial Bookshelf,1,110,195,195,0.0,0.0,195.0,110,85.0,43.59,Credit Card,5
ORD-2024-10738,2024-11-09,2024-11-11,2024,Q4,November,11,First Class,CUST-1001,Liam Johnson,Consumer,United States,North America,Illinois,Chicago,PROD-OFF-199,Office Supplies,Appliances,Heavy Duty Cross-Cut Shredder,3,90,165,495,0.1,49.5,445.5,270,175.5,39.39,PayPal,5
ORD-2024-10048,2024-11-09,2024-11-11,2024,Q4,November,11,Standard Class,CUST-1003,Noah Williams,Corporate,Brazil,Latin America,Rio de Janeiro,Rio de Janeiro,PROD-TEC-136,Technology,Accessories,Anker USB-C Docking Hub,3,45,79,237,0.15,35.55,201.45,135,66.45,32.99,Wire Transfer,5
ORD-2026-13347,2024-11-10,2024-11-12,2024,Q4,November,11,Standard Class,CUST-1029,Joseph Lewis,Consumer,United Kingdom,Europe,England,Manchester,PROD-TEC-187,Technology,Phones,Google Pixel 8,1,540,699,699,0.05,34.95,664.05,540,124.05,18.68,Credit Card,5
ORD-2025-13268,2024-11-10,2024-11-13,2024,Q4,November,11,Second Class,CUST-1008,Mia Davis,Consumer,Australia,Asia Pacific,New South Wales,Sydney,PROD-TEC-196,Technology,Laptops,MacBook Air M3,1,890,1199,1199,0.0,0.0,1199.0,890,309.0,25.77,PayPal,5
ORD-2024-12019,2024-11-10,2024-11-13,2024,Q4,November,11,Second Class,CUST-1001,Liam Johnson,Home Office,France,Europe,Île-de-France,Paris,PROD-TEC-169,Technology,Phones,Google Pixel 8,3,540,699,2097,0.05,104.85,1992.15,1620,372.15,18.68,Credit Card,5
ORD-2024-10702,2024-11-10,2024-11-14,2024,Q4,November,11,Standard Class,CUST-1007,Lucas Miller,Consumer,Brazil,Latin America,São Paulo,São Paulo,PROD-TEC-167,Technology,Phones,Google Pixel 8,4,540,699,2796,0.0,0.0,2796.0,2160,636.0,22.75,Credit Card,2
ORD-2024-12325,2024-11-11,2024-11-12,2024,Q4,November,11,Same Day,CUST-1021,Sebastian Lee,Consumer,United Kingdom,Europe,England,Manchester,PROD-FUR-176,Furniture,Tables,Smart Motorized Standing Desk,2,320,560,1120,0.0,0.0,1120.0,640,480.0,42.86,Wire Transfer,4
ORD-2024-13066,2024-11-11,2024-11-14,2024,Q4,November,11,Second Class,CUST-1027,Samuel Clark,Corporate,United States,North America,Texas,Houston,PROD-OFF-178,Office Supplies,Appliances,Commercial Espresso Barista Machine,1,620,950,950,0.15,142.5,807.5,620,187.5,23.22,Credit Card,3
ORD-2026-10374,2024-11-11,2024-11-15,2024,Q4,November,11,Standard Class,CUST-1020,Emily Martin,Consumer,Australia,Asia Pacific,New South Wales,Sydney,PROD-TEC-159,Technology,Laptops,MacBook Air M3,2,890,1199,2398,0.0,0.0,2398.0,1780,618.0,25.77,PayPal,4
ORD-2025-12671,2024-11-12,2024-11-14,2024,Q4,November,11,First Class,CUST-1024,Avery White,Corporate,Singapore,Asia Pacific,Central,Singapore,PROD-OFF-136,Office Supplies,Appliances,Heavy Duty Cross-Cut Shredder,1,90,165,165,0.0,0.0,165.0,90,75.0,45.45,Wire Transfer,2
ORD-2026-12129,2024-11-12,2024-11-17,2024,Q4,November,11,Standard Class,CUST-1008,Mia Davis,Corporate,Japan,Asia Pacific,Kanto,Tokyo,PROD-OFF-173,Office Supplies,Storage,Locking Security Storage Box,1,65,115,115,0.05,5.75,109.25,65,44.25,40.5,Credit Card,4
ORD-2024-10030,2024-11-12,2024-11-14,2024,Q4,November,11,Second Class,CUST-1017,Matthew Taylor,Consumer,Germany,Europe,Bavaria,Munich,PROD-FUR-152,Furniture,Chairs,Steelcase Gesture Chair,2,820,1250,2500,0.0,0.0,2500.0,1640,860.0,34.4,Credit Card,5
ORD-2025-11480,2024-11-12,2024-11-13,2024,Q4,November,11,Second Class,CUST-1025,David Harris,Home Office,United States,North America,Illinois,Chicago,PROD-TEC-153,Technology,Phones,Google Pixel 8,2,540,699,1398,0.0,0.0,1398.0,1080,318.0,22.75,Credit Card,4
ORD-2025-10328,2024-11-12,2024-11-15,2024,Q4,November,11,Standard Class,CUST-1004,Sophia Brown,Consumer,Japan,Asia Pacific,Kanto,Tokyo,PROD-TEC-161,Technology,Laptops,ThinkPad X1 Carbon,2,1050,1399,2798,0.1,279.8,2518.2,2100,418.2,16.61,Direct Debit,5
ORD-2025-12260,2024-11-12,2024-11-16,2024,Q4,November,11,Second Class,CUST-1017,Matthew Taylor,Home Office,United Kingdom,Europe,England,Manchester,PROD-FUR-179,Furniture,Bookcases,Solid Wood Library Cabinet,2,450,720,1440,0.1,144.0,1296.0,900,396.0,30.56,Credit Card,1
ORD-2025-10112,2024-11-13,2024-11-19,2024,Q4,November,11,Standard Class,CUST-1008,Mia Davis,Consumer,Germany,Europe,Berlin,Berlin,PROD-TEC-135,Technology,Phones,Google Pixel 8,1,540,699,699,0.0,0.0,699.0,540,159.0,22.75,PayPal,4
ORD-2024-10387,2024-11-13,2024-11-15,2024,Q4,November,11,First Class,CUST-1026,Ella Sanchez,Home Office,United Kingdom,Europe,England,Manchester,PROD-TEC-150,Technology,Phones,OnePlus 12,3,480,649,1947,0.0,0.0,1947.0,1440,507.0,26.04,Credit Card,2
ORD-2024-10975,2024-11-14,2024-11-17,2024,Q4,November,11,Standard Class,CUST-1004,Sophia Brown,Corporate,United States,North America,Illinois,Chicago,PROD-OFF-173,Office Supplies,Storage,Rolling Mobile Utility Cart,8,45,85,680,0.1,68.0,612.0,360,252.0,41.18,Credit Card,5
ORD-2026-12456,2024-11-14,2024-11-16,2024,Q4,November,11,Second Class,CUST-1009,Benjamin Rodriguez,Consumer,United States,North America,Texas,Houston,PROD-TEC-138,Technology,Phones,iPhone 15 Pro,4,850,1099,4396,0.0,0.0,4396.0,3400,996.0,22.66,Credit Card,5
ORD-2024-10042,2024-11-14,2024-11-15,2024,Q4,November,11,Standard Class,CUST-1021,Sebastian Lee,Home Office,Canada,North America,British Columbia,Vancouver,PROD-TEC-114,Technology,Accessories,Bose QuietComfort Headphones,3,180,279,837,0.0,0.0,837.0,540,297.0,35.48,Wire Transfer,4
ORD-2025-12299,2024-11-14,2024-11-16,2024,Q4,November,11,Second Class,CUST-1006,Isabella Garcia,Consumer,United States,North America,Texas,Houston,PROD-OFF-197,Office Supplies,Appliances,Heavy Duty Cross-Cut Shredder,1,90,165,165,0.0,0.0,165.0,90,75.0,45.45,Credit Card,5
ORD-2025-12212,2024-11-14,2024-11-18,2024,Q4,November,11,Standard Class,CUST-1013,Alexander Gonzalez,Corporate,Mexico,Latin America,Federal District,Mexico City,PROD-TEC-199,Technology,Phones,OnePlus 12,1,480,649,649,0.0,0.0,649.0,480,169.0,26.04,Credit Card,5
ORD-2025-11471,2024-11-15,2024-11-16,2024,Q4,November,11,Second Class,CUST-1014,Harper Wilson,Home Office,United Kingdom,Europe,England,London,PROD-OFF-105,Office Supplies,Storage,Locking Security Storage Box,2,65,115,230,0.05,11.5,218.5,130,88.5,40.5,Wire Transfer,5
ORD-2026-12612,2024-11-15,2024-11-16,2024,Q4,November,11,Standard Class,CUST-1006,Isabella Garcia,Corporate,India,Asia Pacific,Karnataka,Bangalore,PROD-TEC-130,Technology,Phones,Google Pixel 8,3,540,699,2097,0.15,314.55,1782.45,1620,162.45,9.11,Credit Card,4
ORD-2024-11722,2024-11-15,2024-11-20,2024,Q4,November,11,First Class,CUST-1001,Liam Johnson,Consumer,Germany,Europe,Bavaria,Munich,PROD-OFF-170,Office Supplies,Storage,Rolling Mobile Utility Cart,10,45,85,850,0.15,127.5,722.5,450,272.5,37.72,Credit Card,4
ORD-2025-10955,2024-11-16,2024-11-18,2024,Q4,November,11,Second Class,CUST-1006,Isabella Garcia,Consumer,Canada,North America,Ontario,Toronto,PROD-OFF-161,Office Supplies,Appliances,Smart Office Air Purifier Pro,2,140,249,498,0.0,0.0,498.0,280,218.0,43.78,Credit Card,4
ORD-2024-12070,2024-11-16,2024-11-18,2024,Q4,November,11,Standard Class,CUST-1006,Isabella Garcia,Corporate,Mexico,Latin America,Jalisco,Guadalajara,PROD-FUR-157,Furniture,Chairs,Herman Miller Aeron Chair,1,750,1195,1195,0.1,119.5,1075.5,750,325.5,30.26,Credit Card,5
ORD-2025-12983,2024-11-16,2024-11-19,2024,Q4,November,11,Standard Class,CUST-1017,Matthew Taylor,Corporate,Singapore,Asia Pacific,Central,Singapore,PROD-FUR-136,Furniture,Chairs,Executive Leather Recliner,3,260,420,1260,0.1,126.0,1134.0,780,354.0,31.22,Credit Card,5
ORD-2026-12642,2024-11-17,2024-11-20,2024,Q4,November,11,First Class,CUST-1002,Olivia Smith,Consumer,Germany,Europe,Bavaria,Munich,PROD-OFF-134,Office Supplies,Storage,Heavy Duty 4-Drawer File Cabinet,5,130,220,1100,0.2,220.0,880.0,650,230.0,26.14,Wire Transfer,5
ORD-2024-10117,2024-11-17,2024-11-19,2024,Q4,November,11,Standard Class,CUST-1023,Jack Thompson,Consumer,France,Europe,Île-de-France,Paris,PROD-TEC-128,Technology,Laptops,HP Spectre x360,10,920,1250,12500,0.1,1250.0,11250.0,9200,2050.0,18.22,Direct Debit,5
ORD-2024-12724,2024-11-17,2024-11-20,2024,Q4,November,11,First Class,CUST-1001,Liam Johnson,Consumer,Australia,Asia Pacific,New South Wales,Sydney,PROD-OFF-185,Office Supplies,Appliances,Heavy Duty Cross-Cut Shredder,4,90,165,660,0.0,0.0,660.0,360,300.0,45.45,Wire Transfer,5
ORD-2024-10774,2024-11-17,2024-11-20,2024,Q4,November,11,Standard Class,CUST-1025,David Harris,Consumer,Australia,Asia Pacific,New South Wales,Sydney,PROD-TEC-180,Technology,Phones,Samsung Galaxy S24,3,720,950,2850,0.0,0.0,2850.0,2160,690.0,24.21,Wire Transfer,5
ORD-2024-10264,2024-11-17,2024-11-21,2024,Q4,November,11,Standard Class,CUST-1023,Jack Thompson,Corporate,France,Europe,Auvergne-Rhône-Alpes,Lyon,PROD-OFF-189,Office Supplies,Appliances,Heavy Duty Cross-Cut Shredder,3,90,165,495,0.0,0.0,495.0,270,225.0,45.45,Wire Transfer,5
ORD-2025-10922,2024-11-17,2024-11-21,2024,Q4,November,11,Standard Class,CUST-1011,Elijah Hernandez,Corporate,France,Europe,Île-de-France,Paris,PROD-OFF-135,Office Supplies,Storage,Rolling Mobile Utility Cart,3,45,85,255,0.0,0.0,255.0,135,120.0,47.06,Wire Transfer,5
ORD-2024-10630,2024-11-17,2024-11-19,2024,Q4,November,11,Standard Class,CUST-1005,James Jones,Consumer,United States,North America,New York,New York,PROD-TEC-147,Technology,Phones,Google Pixel 8,6,540,699,4194,0.1,419.4,3774.6,3240,534.6,14.16,Direct Debit,4
ORD-2026-10821,2024-11-17,2024-11-20,2024,Q4,November,11,Same Day,CUST-1006,Isabella Garcia,Corporate,Australia,Asia Pacific,Victoria,Melbourne,PROD-OFF-122,Office Supplies,Paper,Executive Recycled Notepad Pack,5,12,24,120,0.15,18.0,102.0,60,42.0,41.18,Direct Debit,5
ORD-2025-12434,2024-11-18,2024-11-20,2024,Q4,November,11,Standard Class,CUST-1026,Ella Sanchez,Home Office,Australia,Asia Pacific,New South Wales,Sydney,PROD-TEC-192,Technology,Accessories,Dell 4K UltraSharp Monitor,8,340,489,3912,0.15,586.8,3325.2,2720,605.2,18.2,Credit Card,4
ORD-2024-12217,2024-11-18,2024-11-20,2024,Q4,November,11,Standard Class,CUST-1021,Sebastian Lee,Consumer,United Kingdom,Europe,England,London,PROD-TEC-112,Technology,Phones,iPhone 15 Pro,3,850,1099,3297,0.0,0.0,3297.0,2550,747.0,22.66,Direct Debit,5
ORD-2024-10348,2024-11-18,2024-11-24,2024,Q4,November,11,First Class,CUST-1013,Alexander Gonzalez,Corporate,France,Europe,Auvergne-Rhône-Alpes,Lyon,PROD-TEC-149,Technology,Phones,Samsung Galaxy S24,4,720,950,3800,0.15,570.0,3230.0,2880,350.0,10.84,Credit Card,2
ORD-2025-10472,2024-11-18,2024-11-21,2024,Q4,November,11,Standard Class,CUST-1005,James Jones,Corporate,Australia,Asia Pacific,Victoria,Melbourne,PROD-OFF-156,Office Supplies,Storage,Rolling Mobile Utility Cart,1,45,85,85,0.1,8.5,76.5,45,31.5,41.18,Wire Transfer,5
ORD-2024-12994,2024-11-18,2024-11-21,2024,Q4,November,11,Second Class,CUST-1011,Elijah Hernandez,Home Office,United Kingdom,Europe,England,London,PROD-TEC-114,Technology,Accessories,Dell 4K UltraSharp Monitor,5,340,489,2445,0.1,244.5,2200.5,1700,500.5,22.74,Credit Card,4
ORD-2024-12745,2024-11-18,2024-11-21,2024,Q4,November,11,Same Day,CUST-1011,Elijah Hernandez,Corporate,Brazil,Latin America,São Paulo,São Paulo,PROD-TEC-105,Technology,Phones,Google Pixel 8,3,540,699,2097,0.05,104.85,1992.15,1620,372.15,18.68,PayPal,5
ORD-2026-11511,2024-11-19,2024-11-20,2024,Q4,November,11,Standard Class,CUST-1029,Joseph Lewis,Consumer,Germany,Europe,Berlin,Berlin,PROD-OFF-150,Office Supplies,Appliances,Heavy Duty Cross-Cut Shredder,3,90,165,495,0.0,0.0,495.0,270,225.0,45.45,PayPal,5
ORD-2026-11430,2024-11-19,2024-11-21,2024,Q4,November,11,Standard Class,CUST-1022,Elizabeth Perez,Consumer,Canada,North America,British Columbia,Vancouver,PROD-TEC-162,Technology,Laptops,Dell XPS 15,4,1100,1450,5800,0.05,290.0,5510.0,4400,1110.0,20.15,Credit Card,5
ORD-2024-11602,2024-11-19,2024-11-20,2024,Q4,November,11,Standard Class,CUST-1015,Daniel Anderson,Consumer,United Kingdom,Europe,England,London,PROD-FUR-129,Furniture,Tables,Smart Motorized Standing Desk,2,320,560,1120,0.05,56.0,1064.0,640,424.0,39.85,PayPal,5
ORD-2026-10095,2024-11-19,2024-11-20,2024,Q4,November,11,Standard Class,CUST-1009,Benjamin Rodriguez,Corporate,Germany,Europe,Berlin,Berlin,PROD-FUR-158,Furniture,Tables,Coffee Break Lounge Table,1,120,210,210,0.0,0.0,210.0,120,90.0,42.86,Credit Card,4
ORD-2024-11974,2024-11-20,2024-11-25,2024,Q4,November,11,Standard Class,CUST-1003,Noah Williams,Corporate,France,Europe,Auvergne-Rhône-Alpes,Lyon,PROD-OFF-111,Office Supplies,Appliances,Smart Office Air Purifier Pro,1,140,249,249,0.15,37.35,211.65,140,71.65,33.85,Credit Card,2
ORD-2025-11387,2024-11-20,2024-11-22,2024,Q4,November,11,Standard Class,CUST-1015,Daniel Anderson,Consumer,Australia,Asia Pacific,New South Wales,Sydney,PROD-OFF-103,Office Supplies,Appliances,Commercial Espresso Barista Machine,2,620,950,1900,0.1,190.0,1710.0,1240,470.0,27.49,Credit Card,5
ORD-2024-13336,2024-11-20,2024-11-23,2024,Q4,November,11,Standard Class,CUST-1008,Mia Davis,Home Office,United Kingdom,Europe,England,Manchester,PROD-OFF-158,Office Supplies,Appliances,Heavy Duty Cross-Cut Shredder,8,90,165,1320,0.1,132.0,1188.0,720,468.0,39.39,PayPal,2
ORD-2026-10944,2024-11-21,2024-11-22,2024,Q4,November,11,Standard Class,CUST-1027,Samuel Clark,Home Office,Mexico,Latin America,Federal District,Mexico City,PROD-FUR-151,Furniture,Bookcases,Modern 5-Tier Industrial Bookshelf,2,110,195,390,0.1,39.0,351.0,220,131.0,37.32,Wire Transfer,5
ORD-2024-11287,2024-11-21,2024-11-23,2024,Q4,November,11,Same Day,CUST-1029,Joseph Lewis,Corporate,India,Asia Pacific,Maharashtra,Mumbai,PROD-OFF-143,Office Supplies,Appliances,Commercial Espresso Barista Machine,2,620,950,1900,0.05,95.0,1805.0,1240,565.0,31.3,Credit Card,5
ORD-2025-13124,2024-11-21,2024-11-23,2024,Q4,November,11,Standard Class,CUST-1019,Henry Jackson,Consumer,Brazil,Latin America,Rio de Janeiro,Rio de Janeiro,PROD-FUR-130,Furniture,Chairs,Executive Leather Recliner,1,260,420,420,0.0,0.0,420.0,260,160.0,38.1,Credit Card,5
ORD-2026-10704,2024-11-21,2024-11-24,2024,Q4,November,11,Standard Class,CUST-1025,David Harris,Consumer,Canada,North America,Ontario,Toronto,PROD-OFF-171,Office Supplies,Appliances,Smart Office Air Purifier Pro,1,140,249,249,0.0,0.0,249.0,140,109.0,43.78,Credit Card,5
ORD-2025-12881,2024-11-21,2024-11-23,2024,Q4,November,11,Same Day,CUST-1013,Alexander Gonzalez,Consumer,Canada,North America,Ontario,Toronto,PROD-TEC-138,Technology,Accessories,Dell 4K UltraSharp Monitor,5,340,489,2445,0.15,366.75,2078.25,1700,378.25,18.2,PayPal,4
ORD-2025-12461,2024-11-22,2024-11-25,2024,Q4,November,11,First Class,CUST-1025,David Harris,Home Office,Germany,Europe,Bavaria,Munich,PROD-OFF-115,Office Supplies,Storage,Rolling Mobile Utility Cart,2,45,85,170,0.1,17.0,153.0,90,63.0,41.18,Credit Card,2
ORD-2026-10389,2024-11-22,2024-11-25,2024,Q4,November,11,Standard Class,CUST-1005,James Jones,Consumer,Canada,North America,Ontario,Toronto,PROD-FUR-170,Furniture,Chairs,Ergonomic Mesh Task Chair,2,160,289,578,0.0,0.0,578.0,320,258.0,44.64,Credit Card,4
ORD-2024-12265,2024-11-22,2024-11-25,2024,Q4,November,11,Standard Class,CUST-1023,Jack Thompson,Consumer,United States,North America,New York,New York,PROD-FUR-176,Furniture,Bookcases,Glass Display Credenza,4,310,520,2080,0.0,0.0,2080.0,1240,840.0,40.38,Credit Card,4
ORD-2025-11699,2024-11-23,2024-11-25,2024,Q4,November,11,Second Class,CUST-1026,Ella Sanchez,Consumer,France,Europe,Auvergne-Rhône-Alpes,Lyon,PROD-OFF-175,Office Supplies,Storage,Rolling Mobile Utility Cart,3,45,85,255,0.0,0.0,255.0,135,120.0,47.06,PayPal,5
ORD-2025-13493,2024-11-23,2024-11-28,2024,Q4,November,11,Standard Class,CUST-1021,Sebastian Lee,Consumer,United States,North America,Illinois,Chicago,PROD-FUR-131,Furniture,Tables,Solid Oak Conference Table,6,980,1480,8880,0.1,888.0,7992.0,5880,2112.0,26.43,Credit Card,5
ORD-2026-11802,2024-11-23,2024-11-27,2024,Q4,November,11,First Class,CUST-1012,Amelia Lopez,Corporate,Australia,Asia Pacific,New South Wales,Sydney,PROD-OFF-108,Office Supplies,Storage,Heavy Duty 4-Drawer File Cabinet,3,130,220,660,0.05,33.0,627.0,390,237.0,37.8,Wire Transfer,4
ORD-2026-13008,2024-11-23,2024-11-28,2024,Q4,November,11,Standard Class,CUST-1020,Emily Martin,Corporate,United States,North America,New York,New York,PROD-TEC-162,Technology,Phones,iPhone 15 Pro,3,850,1099,3297,0.0,0.0,3297.0,2550,747.0,22.66,Credit Card,5
ORD-2024-10456,2024-11-23,2024-11-26,2024,Q4,November,11,Standard Class,CUST-1001,Liam Johnson,Consumer,United States,North America,Illinois,Chicago,PROD-TEC-166,Technology,Laptops,MacBook Air M3,1,890,1199,1199,0.05,59.95,1139.05,890,249.05,21.86,PayPal,4
ORD-2025-11165,2024-11-23,2024-11-25,2024,Q4,November,11,Same Day,CUST-1001,Liam Johnson,Corporate,France,Europe,Auvergne-Rhône-Alpes,Lyon,PROD-FUR-188,Furniture,Tables,Solid Oak Conference Table,3,980,1480,4440,0.0,0.0,4440.0,2940,1500.0,33.78,Credit Card,5
ORD-2026-12288,2024-11-23,2024-11-24,2024,Q4,November,11,Same Day,CUST-1021,Sebastian Lee,Consumer,Germany,Europe,Bavaria,Munich,PROD-OFF-198,Office Supplies,Storage,Heavy Duty 4-Drawer File Cabinet,2,130,220,440,0.0,0.0,440.0,260,180.0,40.91,PayPal,5
ORD-2026-13074,2024-11-23,2024-11-29,2024,Q4,November,11,Standard Class,CUST-1008,Mia Davis,Consumer,United Kingdom,Europe,England,London,PROD-FUR-195,Furniture,Bookcases,Solid Wood Library Cabinet,2,450,720,1440,0.0,0.0,1440.0,900,540.0,37.5,Credit Card,2
ORD-2025-12392,2024-11-23,2024-11-27,2024,Q4,November,11,Standard Class,CUST-1015,Daniel Anderson,Corporate,India,Asia Pacific,Karnataka,Bangalore,PROD-TEC-191,Technology,Phones,iPhone 15 Pro,2,850,1099,2198,0.0,0.0,2198.0,1700,498.0,22.66,Credit Card,5
ORD-2024-10474,2024-11-24,2024-11-27,2024,Q4,November,11,Standard Class,CUST-1011,Elijah Hernandez,Consumer,Japan,Asia Pacific,Kanto,Tokyo,PROD-OFF-149,Office Supplies,Appliances,Smart Office Air Purifier Pro,1,140,249,249,0.0,0.0,249.0,140,109.0,43.78,Credit Card,5
ORD-2026-10959,2024-11-24,2024-11-28,2024,Q4,November,11,Second Class,CUST-1011,Elijah Hernandez,Corporate,Japan,Asia Pacific,Kanto,Tokyo,PROD-FUR-122,Furniture,Bookcases,Solid Wood Library Cabinet,2,450,720,1440,0.0,0.0,1440.0,900,540.0,37.5,Wire Transfer,1
ORD-2024-12394,2024-11-26,2024-11-29,2024,Q4,November,11,Standard Class,CUST-1010,Charlotte Martinez,Consumer,United Kingdom,Europe,England,Manchester,PROD-TEC-129,Technology,Laptops,Dell XPS 15,8,1100,1450,11600,0.1,1160.0,10440.0,8800,1640.0,15.71,Credit Card,5
ORD-2025-11153,2024-11-26,2024-11-30,2024,Q4,November,11,Standard Class,CUST-1001,Liam Johnson,Home Office,United States,North America,Illinois,Chicago,PROD-TEC-158,Technology,Phones,Samsung Galaxy S24,1,720,950,950,0.0,0.0,950.0,720,230.0,24.21,Credit Card,5
ORD-2026-11730,2024-11-26,2024-11-29,2024,Q4,November,11,Second Class,CUST-1028,Chloe Ramirez,Consumer,United States,North America,Illinois,Chicago,PROD-TEC-191,Technology,Accessories,Logitech MX Master 3S,2,55,99,198,0.0,0.0,198.0,110,88.0,44.44,PayPal,5
ORD-2025-10280,2024-11-26,2024-11-30,2024,Q4,November,11,Second Class,CUST-1026,Ella Sanchez,Corporate,France,Europe,Île-de-France,Paris,PROD-FUR-168,Furniture,Chairs,Steelcase Gesture Chair,1,820,1250,1250,0.0,0.0,1250.0,820,430.0,34.4,Credit Card,5
ORD-2026-11304,2024-11-27,2024-12-01,2024,Q4,November,11,Standard Class,CUST-1018,Abigail Moore,Corporate,Australia,Asia Pacific,Victoria,Melbourne,PROD-TEC-131,Technology,Phones,Samsung Galaxy S24,2,720,950,1900,0.1,190.0,1710.0,1440,270.0,15.79,Credit Card,5
ORD-2025-10382,2024-11-27,2024-11-29,2024,Q4,November,11,Standard Class,CUST-1012,Amelia Lopez,Corporate,United Kingdom,Europe,England,London,PROD-OFF-144,Office Supplies,Storage,Rolling Mobile Utility Cart,5,45,85,425,0.1,42.5,382.5,225,157.5,41.18,Wire Transfer,5
ORD-2026-12681,2024-11-27,2024-12-01,2024,Q4,November,11,Standard Class,CUST-1029,Joseph Lewis,Consumer,Germany,Europe,Bavaria,Munich,PROD-FUR-113,Furniture,Tables,Modular Team Workstation,3,640,990,2970,0.0,0.0,2970.0,1920,1050.0,35.35,Credit Card,5
ORD-2026-11022,2024-11-27,2024-11-30,2024,Q4,November,11,Standard Class,CUST-1009,Benjamin Rodriguez,Consumer,Canada,North America,British Columbia,Vancouver,PROD-FUR-186,Furniture,Tables,Coffee Break Lounge Table,3,120,210,630,0.05,31.5,598.5,360,238.5,39.85,PayPal,5
ORD-2024-10171,2024-11-28,2024-11-29,2024,Q4,November,11,Standard Class,CUST-1024,Avery White,Consumer,Brazil,Latin America,Rio de Janeiro,Rio de Janeiro,PROD-FUR-122,Furniture,Chairs,Executive Leather Recliner,1,260,420,420,0.0,0.0,420.0,260,160.0,38.1,Wire Transfer,5
ORD-2024-11251,2024-11-28,2024-11-30,2024,Q4,November,11,Second Class,CUST-1008,Mia Davis,Consumer,Germany,Europe,Bavaria,Munich,PROD-TEC-137,Technology,Accessories,Dell 4K UltraSharp Monitor,3,340,489,1467,0.0,0.0,1467.0,1020,447.0,30.47,Credit Card,5
ORD-2026-10092,2024-11-28,2024-12-03,2024,Q4,November,11,Standard Class,CUST-1022,Elizabeth Perez,Home Office,United States,North America,New York,New York,PROD-TEC-168,Technology,Accessories,Anker USB-C Docking Hub,1,45,79,79,0.1,7.9,71.1,45,26.1,36.71,PayPal,5
ORD-2026-10320,2024-11-29,2024-12-03,2024,Q4,November,11,Standard Class,CUST-1008,Mia Davis,Consumer,France,Europe,Île-de-France,Paris,PROD-TEC-155,Technology,Phones,OnePlus 12,1,480,649,649,0.05,32.45,616.55,480,136.55,22.15,Credit Card,3
ORD-2025-11180,2024-11-29,2024-11-30,2024,Q4,November,11,Standard Class,CUST-1010,Charlotte Martinez,Consumer,France,Europe,Auvergne-Rhône-Alpes,Lyon,PROD-FUR-124,Furniture,Bookcases,Glass Display Credenza,3,310,520,1560,0.0,0.0,1560.0,930,630.0,40.38,Credit Card,5
ORD-2026-12846,2024-11-29,2024-12-01,2024,Q4,November,11,Standard Class,CUST-1004,Sophia Brown,Corporate,United Kingdom,Europe,England,Manchester,PROD-OFF-133,Office Supplies,Storage,Locking Security Storage Box,6,65,115,690,0.2,138.0,552.0,390,162.0,29.35,Credit Card,5
ORD-2025-12005,2024-11-29,2024-12-04,2024,Q4,November,11,First Class,CUST-1018,Abigail Moore,Corporate,France,Europe,Île-de-France,Paris,PROD-OFF-162,Office Supplies,Appliances,Heavy Duty Cross-Cut Shredder,1,90,165,165,0.1,16.5,148.5,90,58.5,39.39,Wire Transfer,4
ORD-2026-12345,2024-11-29,2024-12-02,2024,Q4,November,11,Standard Class,CUST-1008,Mia Davis,Home Office,India,Asia Pacific,Karnataka,Bangalore,PROD-FUR-196,Furniture,Bookcases,Solid Wood Library Cabinet,3,450,720,2160,0.0,0.0,2160.0,1350,810.0,37.5,Direct Debit,1
ORD-2026-11202,2024-11-30,2024-12-02,2024,Q4,November,11,Standard Class,CUST-1004,Sophia Brown,Consumer,Australia,Asia Pacific,New South Wales,Sydney,PROD-FUR-193,Furniture,Tables,Modular Team Workstation,2,640,990,1980,0.05,99.0,1881.0,1280,601.0,31.95,PayPal,4
ORD-2025-12377,2024-11-30,2024-12-02,2024,Q4,November,11,First Class,CUST-1025,David Harris,Consumer,France,Europe,Auvergne-Rhône-Alpes,Lyon,PROD-OFF-158,Office Supplies,Paper,Executive Recycled Notepad Pack,3,12,24,72,0.05,3.6,68.4,36,32.4,47.37,Wire Transfer,4
ORD-2025-11888,2024-11-30,2024-12-03,2024,Q4,November,11,First Class,CUST-1015,Daniel Anderson,Consumer,United States,North America,Texas,Houston,PROD-TEC-101,Technology,Accessories,Bose QuietComfort Headphones,1,180,279,279,0.0,0.0,279.0,180,99.0,35.48,Wire Transfer,5
ORD-2025-12986,2024-12-01,2024-12-03,2024,Q4,December,12,Standard Class,CUST-1028,Chloe Ramirez,Corporate,India,Asia Pacific,Karnataka,Bangalore,PROD-TEC-104,Technology,Laptops,ThinkPad X1 Carbon,2,1050,1399,2798,0.05,139.9,2658.1,2100,558.1,21.0,Wire Transfer,4
ORD-2024-10492,2024-12-01,2024-12-03,2024,Q4,December,12,Standard Class,CUST-1005,James Jones,Consumer,Canada,North America,Ontario,Toronto,PROD-TEC-112,Technology,Phones,Samsung Galaxy S24,8,720,950,7600,0.1,760.0,6840.0,5760,1080.0,15.79,PayPal,5
ORD-2024-11749,2024-12-01,2024-12-03,2024,Q4,December,12,Standard Class,CUST-1018,Abigail Moore,Home Office,United States,North America,Texas,Houston,PROD-FUR-121,Furniture,Tables,Smart Motorized Standing Desk,1,320,560,560,0.0,0.0,560.0,320,240.0,42.86,Credit Card,1
ORD-2026-11160,2024-12-01,2024-12-06,2024,Q4,December,12,Second Class,CUST-1001,Liam Johnson,Corporate,France,Europe,Auvergne-Rhône-Alpes,Lyon,PROD-TEC-170,Technology,Laptops,ThinkPad X1 Carbon,5,1050,1399,6995,0.2,1399.0,5596.0,5250,346.0,6.18,Credit Card,3
ORD-2024-12964,2024-12-01,2024-12-04,2024,Q4,December,12,First Class,CUST-1012,Amelia Lopez,Consumer,United Kingdom,Europe,England,London,PROD-OFF-140,Office Supplies,Storage,Heavy Duty 4-Drawer File Cabinet,2,130,220,440,0.0,0.0,440.0,260,180.0,40.91,Credit Card,4
ORD-2026-11796,2024-12-02,2024-12-05,2024,Q4,December,12,Standard Class,CUST-1012,Amelia Lopez,Corporate,Mexico,Latin America,Jalisco,Guadalajara,PROD-TEC-118,Technology,Accessories,Logitech MX Master 3S,2,55,99,198,0.05,9.9,188.1,110,78.1,41.52,PayPal,4
ORD-2025-13496,2024-12-02,2024-12-03,2024,Q4,December,12,Standard Class,CUST-1008,Mia Davis,Corporate,France,Europe,Île-de-France,Paris,PROD-TEC-127,Technology,Phones,iPhone 15 Pro,1,850,1099,1099,0.05,54.95,1044.05,850,194.05,18.59,Credit Card,5
ORD-2025-10100,2024-12-02,2024-12-05,2024,Q4,December,12,First Class,CUST-1023,Jack Thompson,Home Office,Brazil,Latin America,São Paulo,São Paulo,PROD-FUR-103,Furniture,Tables,Modular Team Workstation,2,640,990,1980,0.0,0.0,1980.0,1280,700.0,35.35,Credit Card,2
ORD-2025-12560,2024-12-02,2024-12-03,2024,Q4,December,12,Standard Class,CUST-1017,Matthew Taylor,Home Office,France,Europe,Auvergne-Rhône-Alpes,Lyon,PROD-TEC-159,Technology,Laptops,HP Spectre x360,3,920,1250,3750,0.0,0.0,3750.0,2760,990.0,26.4,Direct Debit,5
ORD-2025-10913,2024-12-02,2024-12-07,2024,Q4,December,12,First Class,CUST-1023,Jack Thompson,Consumer,Australia,Asia Pacific,Victoria,Melbourne,PROD-OFF-132,Office Supplies,Paper,Heavyweight Cardstock Reams,1,16,32,32,0.05,1.6,30.4,16,14.4,47.37,Credit Card,4
ORD-2024-10057,2024-12-03,2024-12-06,2024,Q4,December,12,Second Class,CUST-1012,Amelia Lopez,Corporate,Germany,Europe,Bavaria,Munich,PROD-TEC-115,Technology,Laptops,ThinkPad X1 Carbon,8,1050,1399,11192,0.1,1119.2,10072.8,8400,1672.8,16.61,Wire Transfer,1
ORD-2026-12429,2024-12-03,2024-12-07,2024,Q4,December,12,Second Class,CUST-1005,James Jones,Consumer,United Kingdom,Europe,England,London,PROD-FUR-121,Furniture,Chairs,Steelcase Gesture Chair,3,820,1250,3750,0.1,375.0,3375.0,2460,915.0,27.11,Credit Card,5
ORD-2026-12651,2024-12-03,2024-12-09,2024,Q4,December,12,Same Day,CUST-1021,Sebastian Lee,Consumer,Canada,North America,British Columbia,Vancouver,PROD-OFF-114,Office Supplies,Storage,Locking Security Storage Box,1,65,115,115,0.1,11.5,103.5,65,38.5,37.2,Wire Transfer,5
ORD-2025-12365,2024-12-03,2024-12-06,2024,Q4,December,12,Second Class,CUST-1002,Olivia Smith,Corporate,France,Europe,Île-de-France,Paris,PROD-TEC-106,Technology,Laptops,HP Spectre x360,4,920,1250,5000,0.05,250.0,4750.0,3680,1070.0,22.53,Direct Debit,3
ORD-2026-10485,2024-12-03,2024-12-06,2024,Q4,December,12,First Class,CUST-1023,Jack Thompson,Consumer,United Kingdom,Europe,England,Manchester,PROD-TEC-157,Technology,Phones,Google Pixel 8,2,540,699,1398,0.1,139.8,1258.2,1080,178.2,14.16,Credit Card,5
ORD-2026-10866,2024-12-03,2024-12-05,2024,Q4,December,12,Same Day,CUST-1027,Samuel Clark,Corporate,Japan,Asia Pacific,Kanto,Tokyo,PROD-FUR-132,Furniture,Bookcases,Modern 5-Tier Industrial Bookshelf,1,110,195,195,0.1,19.5,175.5,110,65.5,37.32,Wire Transfer,4
ORD-2026-12822,2024-12-03,2024-12-07,2024,Q4,December,12,Second Class,CUST-1025,David Harris,Consumer,United States,North America,Texas,Houston,PROD-TEC-119,Technology,Accessories,Anker USB-C Docking Hub,2,45,79,158,0.0,0.0,158.0,90,68.0,43.04,Wire Transfer,5
ORD-2025-10799,2024-12-03,2024-12-06,2024,Q4,December,12,Same Day,CUST-1000,Emma Watson,Corporate,Canada,North America,British Columbia,Vancouver,PROD-TEC-184,Technology,Laptops,MacBook Air M3,1,890,1199,1199,0.0,0.0,1199.0,890,309.0,25.77,Wire Transfer,1
ORD-2024-12157,2024-12-04,2024-12-07,2024,Q4,December,12,Standard Class,CUST-1006,Isabella Garcia,Consumer,United States,North America,California,Los Angeles,PROD-TEC-113,Technology,Laptops,MacBook Air M3,5,890,1199,5995,0.1,599.5,5395.5,4450,945.5,17.52,Direct Debit,3
ORD-2024-12127,2024-12-04,2024-12-06,2024,Q4,December,12,Standard Class,CUST-1008,Mia Davis,Corporate,United States,North America,California,Los Angeles,PROD-OFF-162,Office Supplies,Storage,Rolling Mobile Utility Cart,2,45,85,170,0.0,0.0,170.0,90,80.0,47.06,PayPal,5
ORD-2024-10291,2024-12-04,2024-12-07,2024,Q4,December,12,Standard Class,CUST-1009,Benjamin Rodriguez,Corporate,Mexico,Latin America,Federal District,Mexico City,PROD-FUR-189,Furniture,Tables,Modular Team Workstation,3,640,990,2970,0.05,148.5,2821.5,1920,901.5,31.95,Credit Card,5
ORD-2026-11895,2024-12-04,2024-12-08,2024,Q4,December,12,First Class,CUST-1017,Matthew Taylor,Consumer,India,Asia Pacific,Maharashtra,Mumbai,PROD-FUR-139,Furniture,Chairs,Executive Leather Recliner,2,260,420,840,0.05,42.0,798.0,520,278.0,34.84,Wire Transfer,4
ORD-2025-13250,2024-12-04,2024-12-08,2024,Q4,December,12,Second Class,CUST-1011,Elijah Hernandez,Home Office,United Kingdom,Europe,England,London,PROD-FUR-155,Furniture,Bookcases,Solid Wood Library Cabinet,4,450,720,2880,0.05,144.0,2736.0,1800,936.0,34.21,Credit Card,5
ORD-2026-11532,2024-12-05,2024-12-08,2024,Q4,December,12,Standard Class,CUST-1020,Emily Martin,Consumer,Mexico,Latin America,Jalisco,Guadalajara,PROD-TEC-103,Technology,Accessories,Dell 4K UltraSharp Monitor,2,340,489,978,0.0,0.0,978.0,680,298.0,30.47,PayPal,5
ORD-2024-10564,2024-12-05,2024-12-07,2024,Q4,December,12,Standard Class,CUST-1026,Ella Sanchez,Home Office,United States,North America,New York,New York,PROD-TEC-119,Technology,Accessories,Logitech MX Master 3S,1,55,99,99,0.0,0.0,99.0,55,44.0,44.44,Wire Transfer,4
ORD-2026-12180,2024-12-05,2024-12-07,2024,Q4,December,12,Standard Class,CUST-1019,Henry Jackson,Corporate,Australia,Asia Pacific,New South Wales,Sydney,PROD-OFF-184,Office Supplies,Paper,Heavyweight Cardstock Reams,1,16,32,32,0.0,0.0,32.0,16,16.0,50.0,Credit Card,1
ORD-2025-10217,2024-12-05,2024-12-10,2024,Q4,December,12,Standard Class,CUST-1029,Joseph Lewis,Corporate,India,Asia Pacific,Maharashtra,Mumbai,PROD-FUR-123,Furniture,Tables,Coffee Break Lounge Table,2,120,210,420,0.15,63.0,357.0,240,117.0,32.77,Credit Card,5
ORD-2024-11983,2024-12-06,2024-12-07,2024,Q4,December,12,Standard Class,CUST-1028,Chloe Ramirez,Consumer,United States,North America,Illinois,Chicago,PROD-OFF-118,Office Supplies,Paper,Premium Multipurpose Laser Paper 5000ct,1,28,48,48,0.0,0.0,48.0,28,20.0,41.67,PayPal,4
ORD-2025-11234,2024-12-06,2024-12-09,2024,Q4,December,12,First Class,CUST-1011,Elijah Hernandez,Home Office,United States,North America,Illinois,Chicago,PROD-FUR-179,Furniture,Tables,Smart Motorized Standing Desk,1,320,560,560,0.0,0.0,560.0,320,240.0,42.86,Credit Card,5
ORD-2024-11656,2024-12-06,2024-12-09,2024,Q4,December,12,Second Class,CUST-1007,Lucas Miller,Consumer,Germany,Europe,Berlin,Berlin,PROD-FUR-186,Furniture,Chairs,Steelcase Gesture Chair,3,820,1250,3750,0.0,0.0,3750.0,2460,1290.0,34.4,Credit Card,5
ORD-2025-10961,2024-12-06,2024-12-08,2024,Q4,December,12,Same Day,CUST-1019,Henry Jackson,Consumer,Germany,Europe,Berlin,Berlin,PROD-TEC-150,Technology,Laptops,HP Spectre x360,1,920,1250,1250,0.05,62.5,1187.5,920,267.5,22.53,Wire Transfer,5
ORD-2025-13160,2024-12-07,2024-12-11,2024,Q4,December,12,Standard Class,CUST-1029,Joseph Lewis,Corporate,United States,North America,Texas,Houston,PROD-FUR-184,Furniture,Chairs,Ergonomic Mesh Task Chair,4,160,289,1156,0.05,57.8,1098.2,640,458.2,41.72,PayPal,4
ORD-2025-11705,2024-12-07,2024-12-09,2024,Q4,December,12,Standard Class,CUST-1009,Benjamin Rodriguez,Corporate,United States,North America,Texas,Houston,PROD-FUR-134,Furniture,Chairs,Ergonomic Mesh Task Chair,3,160,289,867,0.05,43.35,823.65,480,343.65,41.72,Credit Card,5
ORD-2026-13089,2024-12-07,2024-12-10,2024,Q4,December,12,Standard Class,CUST-1025,David Harris,Corporate,United States,North America,Texas,Houston,PROD-TEC-123,Technology,Phones,Samsung Galaxy S24,2,720,950,1900,0.1,190.0,1710.0,1440,270.0,15.79,PayPal,1
ORD-2024-12634,2024-12-07,2024-12-08,2024,Q4,December,12,Second Class,CUST-1018,Abigail Moore,Consumer,India,Asia Pacific,Maharashtra,Mumbai,PROD-FUR-156,Furniture,Tables,Modular Team Workstation,1,640,990,990,0.0,0.0,990.0,640,350.0,35.35,Credit Card,4
ORD-2026-12453,2024-12-08,2024-12-11,2024,Q4,December,12,Standard Class,CUST-1026,Ella Sanchez,Consumer,Canada,North America,Ontario,Toronto,PROD-TEC-191,Technology,Phones,Samsung Galaxy S24,2,720,950,1900,0.0,0.0,1900.0,1440,460.0,24.21,Credit Card,5
ORD-2026-11943,2024-12-08,2024-12-11,2024,Q4,December,12,Standard Class,CUST-1010,Charlotte Martinez,Consumer,Canada,North America,British Columbia,Vancouver,PROD-FUR-157,Furniture,Chairs,Executive Leather Recliner,2,260,420,840,0.0,0.0,840.0,520,320.0,38.1,Direct Debit,5
ORD-2024-11275,2024-12-08,2024-12-09,2024,Q4,December,12,Standard Class,CUST-1022,Elizabeth Perez,Home Office,Mexico,Latin America,Federal District,Mexico City,PROD-FUR-117,Furniture,Tables,Modular Team Workstation,1,640,990,990,0.0,0.0,990.0,640,350.0,35.35,Wire Transfer,5
ORD-2025-11354,2024-12-08,2024-12-10,2024,Q4,December,12,Standard Class,CUST-1003,Noah Williams,Corporate,United States,North America,New York,New York,PROD-OFF-135,Office Supplies,Paper,Heavyweight Cardstock Reams,10,16,32,320,0.15,48.0,272.0,160,112.0,41.18,Wire Transfer,3
ORD-2025-10556,2024-12-08,2024-12-10,2024,Q4,December,12,Standard Class,CUST-1010,Charlotte Martinez,Home Office,India,Asia Pacific,Karnataka,Bangalore,PROD-OFF-180,Office Supplies,Storage,Locking Security Storage Box,2,65,115,230,0.0,0.0,230.0,130,100.0,43.48,Credit Card,5
ORD-2026-13473,2024-12-08,2024-12-11,2024,Q4,December,12,Standard Class,CUST-1015,Daniel Anderson,Corporate,United States,North America,Texas,Houston,PROD-TEC-110,Technology,Laptops,MacBook Air M3,2,890,1199,2398,0.0,0.0,2398.0,1780,618.0,25.77,PayPal,5
ORD-2024-10681,2024-12-09,2024-12-11,2024,Q4,December,12,Standard Class,CUST-1002,Olivia Smith,Consumer,United States,North America,Illinois,Chicago,PROD-TEC-131,Technology,Phones,iPhone 15 Pro,1,850,1099,1099,0.1,109.9,989.1,850,139.1,14.06,Wire Transfer,4
ORD-2024-10432,2024-12-09,2024-12-12,2024,Q4,December,12,Standard Class,CUST-1004,Sophia Brown,Consumer,Germany,Europe,Bavaria,Munich,PROD-TEC-138,Technology,Laptops,Dell XPS 15,3,1100,1450,4350,0.05,217.5,4132.5,3300,832.5,20.15,Wire Transfer,4
ORD-2026-12300,2024-12-10,2024-12-13,2024,Q4,December,12,Standard Class,CUST-1016,Evelyn Thomas,Home Office,United States,North America,Illinois,Chicago,PROD-FUR-149,Furniture,Tables,Coffee Break Lounge Table,5,120,210,1050,0.15,157.5,892.5,600,292.5,32.77,Wire Transfer,5
ORD-2025-13439,2024-12-10,2024-12-12,2024,Q4,December,12,Second Class,CUST-1021,Sebastian Lee,Consumer,India,Asia Pacific,Karnataka,Bangalore,PROD-TEC-118,Technology,Accessories,Dell 4K UltraSharp Monitor,4,340,489,1956,0.0,0.0,1956.0,1360,596.0,30.47,PayPal,5
ORD-2025-11825,2024-12-11,2024-12-12,2024,Q4,December,12,Standard Class,CUST-1023,Jack Thompson,Corporate,United States,North America,New York,New York,PROD-TEC-177,Technology,Accessories,Logitech MX Master 3S,1,55,99,99,0.0,0.0,99.0,55,44.0,44.44,Wire Transfer,4
ORD-2024-10339,2024-12-12,2024-12-18,2024,Q4,December,12,Second Class,CUST-1001,Liam Johnson,Consumer,Canada,North America,Ontario,Toronto,PROD-OFF-130,Office Supplies,Storage,Rolling Mobile Utility Cart,2,45,85,170,0.0,0.0,170.0,90,80.0,47.06,Wire Transfer,5
ORD-2024-12640,2024-12-12,2024-12-17,2024,Q4,December,12,Second Class,CUST-1013,Alexander Gonzalez,Home Office,Canada,North America,Ontario,Toronto,PROD-TEC-115,Technology,Laptops,HP Spectre x360,3,920,1250,3750,0.0,0.0,3750.0,2760,990.0,26.4,Credit Card,5
ORD-2025-10559,2024-12-13,2024-12-16,2024,Q4,December,12,Standard Class,CUST-1016,Evelyn Thomas,Consumer,United States,North America,New York,New York,PROD-TEC-176,Technology,Accessories,Logitech MX Master 3S,4,55,99,396,0.0,0.0,396.0,220,176.0,44.44,Wire Transfer,4
ORD-2024-12583,2024-12-13,2024-12-15,2024,Q4,December,12,Standard Class,CUST-1028,Chloe Ramirez,Consumer,United Kingdom,Europe,England,Manchester,PROD-FUR-132,Furniture,Tables,Coffee Break Lounge Table,5,120,210,1050,0.1,105.0,945.0,600,345.0,36.51,Credit Card,5
ORD-2024-12499,2024-12-14,2024-12-20,2024,Q4,December,12,Standard Class,CUST-1022,Elizabeth Perez,Consumer,Mexico,Latin America,Federal District,Mexico City,PROD-FUR-168,Furniture,Bookcases,Modern 5-Tier Industrial Bookshelf,1,110,195,195,0.0,0.0,195.0,110,85.0,43.59,Credit Card,4
ORD-2026-12126,2024-12-14,2024-12-17,2024,Q4,December,12,Second Class,CUST-1001,Liam Johnson,Corporate,United States,North America,California,Los Angeles,PROD-OFF-141,Office Supplies,Appliances,Smart Office Air Purifier Pro,1,140,249,249,0.05,12.45,236.55,140,96.55,40.82,Credit Card,4
ORD-2025-10046,2024-12-14,2024-12-17,2024,Q4,December,12,First Class,CUST-1017,Matthew Taylor,Consumer,Brazil,Latin America,São Paulo,São Paulo,PROD-TEC-172,Technology,Laptops,HP Spectre x360,4,920,1250,5000,0.05,250.0,4750.0,3680,1070.0,22.53,Wire Transfer,5
ORD-2025-10685,2024-12-15,2024-12-17,2024,Q4,December,12,Standard Class,CUST-1019,Henry Jackson,Home Office,France,Europe,Auvergne-Rhône-Alpes,Lyon,PROD-OFF-127,Office Supplies,Paper,Premium Multipurpose Laser Paper 5000ct,10,28,48,480,0.15,72.0,408.0,280,128.0,31.37,Direct Debit,4
ORD-2025-12650,2024-12-15,2024-12-16,2024,Q4,December,12,Standard Class,CUST-1022,Elizabeth Perez,Corporate,United States,North America,California,Los Angeles,PROD-OFF-188,Office Supplies,Appliances,Commercial Espresso Barista Machine,4,620,950,3800,0.1,380.0,3420.0,2480,940.0,27.49,Wire Transfer,4
ORD-2024-12001,2024-12-15,2024-12-19,2024,Q4,December,12,Standard Class,CUST-1004,Sophia Brown,Corporate,Canada,North America,Ontario,Toronto,PROD-TEC-105,Technology,Laptops,MacBook Air M3,4,890,1199,4796,0.1,479.6,4316.4,3560,756.4,17.52,Credit Card,5
ORD-2026-10782,2024-12-15,2024-12-16,2024,Q4,December,12,Standard Class,CUST-1004,Sophia Brown,Corporate,United Kingdom,Europe,England,Manchester,PROD-OFF-122,Office Supplies,Paper,Premium Multipurpose Laser Paper 5000ct,1,28,48,48,0.0,0.0,48.0,28,20.0,41.67,Wire Transfer,2
ORD-2025-11924,2024-12-15,2024-12-18,2024,Q4,December,12,Second Class,CUST-1029,Joseph Lewis,Corporate,Japan,Asia Pacific,Kanto,Tokyo,PROD-TEC-183,Technology,Phones,OnePlus 12,2,480,649,1298,0.05,64.9,1233.1,960,273.1,22.15,Credit Card,3
ORD-2026-11142,2024-12-15,2024-12-19,2024,Q4,December,12,Second Class,CUST-1012,Amelia Lopez,Corporate,Canada,North America,British Columbia,Vancouver,PROD-TEC-112,Technology,Accessories,Dell 4K UltraSharp Monitor,4,340,489,1956,0.0,0.0,1956.0,1360,596.0,30.47,Credit Card,5
ORD-2025-10268,2024-12-15,2024-12-16,2024,Q4,December,12,Standard Class,CUST-1014,Harper Wilson,Consumer,India,Asia Pacific,Karnataka,Bangalore,PROD-FUR-192,Furniture,Bookcases,Solid Wood Library Cabinet,2,450,720,1440,0.0,0.0,1440.0,900,540.0,37.5,Wire Transfer,5
ORD-2025-11528,2024-12-16,2024-12-21,2024,Q4,December,12,Standard Class,CUST-1006,Isabella Garcia,Consumer,United States,North America,Texas,Houston,PROD-TEC-174,Technology,Laptops,HP Spectre x360,1,920,1250,1250,0.0,0.0,1250.0,920,330.0,26.4,PayPal,5
ORD-2024-10255,2024-12-16,2024-12-19,2024,Q4,December,12,Second Class,CUST-1005,James Jones,Home Office,Mexico,Latin America,Jalisco,Guadalajara,PROD-TEC-128,Technology,Phones,Samsung Galaxy S24,4,720,950,3800,0.0,0.0,3800.0,2880,920.0,24.21,Credit Card,5
ORD-2024-10609,2024-12-16,2024-12-18,2024,Q4,December,12,Standard Class,CUST-1024,Avery White,Consumer,United States,North America,New York,New York,PROD-FUR-128,Furniture,Chairs,Herman Miller Aeron Chair,2,750,1195,2390,0.0,0.0,2390.0,1500,890.0,37.24,Wire Transfer,1
ORD-2024-12934,2024-12-16,2024-12-19,2024,Q4,December,12,Standard Class,CUST-1014,Harper Wilson,Consumer,United Kingdom,Europe,England,London,PROD-FUR-197,Furniture,Tables,Coffee Break Lounge Table,5,120,210,1050,0.1,105.0,945.0,600,345.0,36.51,Credit Card,4
ORD-2025-13106,2024-12-17,2024-12-23,2024,Q4,December,12,Standard Class,CUST-1005,James Jones,Consumer,Mexico,Latin America,Jalisco,Guadalajara,PROD-FUR-152,Furniture,Chairs,Steelcase Gesture Chair,1,820,1250,1250,0.0,0.0,1250.0,820,430.0,34.4,Credit Card,5
ORD-2024-10405,2024-12-17,2024-12-18,2024,Q4,December,12,Standard Class,CUST-1028,Chloe Ramirez,Consumer,India,Asia Pacific,Maharashtra,Mumbai,PROD-TEC-122,Technology,Laptops,ThinkPad X1 Carbon,1,1050,1399,1399,0.1,139.9,1259.1,1050,209.1,16.61,PayPal,4
ORD-2025-11894,2024-12-17,2024-12-19,2024,Q4,December,12,Second Class,CUST-1028,Chloe Ramirez,Consumer,Canada,North America,Ontario,Toronto,PROD-FUR-143,Furniture,Tables,Solid Oak Conference Table,4,980,1480,5920,0.0,0.0,5920.0,3920,2000.0,33.78,Direct Debit,3
ORD-2025-12944,2024-12-17,2024-12-19,2024,Q4,December,12,Standard Class,CUST-1019,Henry Jackson,Consumer,Germany,Europe,Bavaria,Munich,PROD-FUR-127,Furniture,Tables,Solid Oak Conference Table,1,980,1480,1480,0.05,74.0,1406.0,980,426.0,30.3,Credit Card,5
ORD-2026-10527,2024-12-18,2024-12-20,2024,Q4,December,12,Standard Class,CUST-1029,Joseph Lewis,Consumer,Canada,North America,British Columbia,Vancouver,PROD-TEC-190,Technology,Accessories,Anker USB-C Docking Hub,2,45,79,158,0.05,7.9,150.1,90,60.1,40.04,Wire Transfer,4
ORD-2026-11523,2024-12-18,2024-12-21,2024,Q4,December,12,Standard Class,CUST-1022,Elizabeth Perez,Home Office,Canada,North America,Ontario,Toronto,PROD-TEC-127,Technology,Phones,OnePlus 12,5,480,649,3245,0.15,486.75,2758.25,2400,358.25,12.99,Credit Card,4
ORD-2026-10254,2024-12-18,2024-12-20,2024,Q4,December,12,Standard Class,CUST-1009,Benjamin Rodriguez,Consumer,Australia,Asia Pacific,Victoria,Melbourne,PROD-OFF-167,Office Supplies,Paper,Executive Recycled Notepad Pack,3,12,24,72,0.0,0.0,72.0,36,36.0,50.0,PayPal,1
ORD-2024-10234,2024-12-18,2024-12-21,2024,Q4,December,12,Second Class,CUST-1007,Lucas Miller,Corporate,India,Asia Pacific,Karnataka,Bangalore,PROD-FUR-161,Furniture,Bookcases,Glass Display Credenza,3,310,520,1560,0.0,0.0,1560.0,930,630.0,40.38,Credit Card,5
ORD-2025-10238,2024-12-18,2024-12-20,2024,Q4,December,12,Second Class,CUST-1018,Abigail Moore,Corporate,United States,North America,Illinois,Chicago,PROD-FUR-188,Furniture,Bookcases,Glass Display Credenza,3,310,520,1560,0.0,0.0,1560.0,930,630.0,40.38,PayPal,5
ORD-2026-12213,2024-12-19,2024-12-22,2024,Q4,December,12,Standard Class,CUST-1001,Liam Johnson,Consumer,United States,North America,Illinois,Chicago,PROD-TEC-196,Technology,Phones,iPhone 15 Pro,4,850,1099,4396,0.0,0.0,4396.0,3400,996.0,22.66,Credit Card,5
ORD-2026-11034,2024-12-19,2024-12-20,2024,Q4,December,12,Standard Class,CUST-1014,Harper Wilson,Home Office,United States,North America,Illinois,Chicago,PROD-TEC-134,Technology,Laptops,ThinkPad X1 Carbon,2,1050,1399,2798,0.0,0.0,2798.0,2100,698.0,24.95,PayPal,4
ORD-2025-11381,2024-12-20,2024-12-23,2024,Q4,December,12,First Class,CUST-1023,Jack Thompson,Corporate,United Kingdom,Europe,England,London,PROD-FUR-138,Furniture,Chairs,Executive Leather Recliner,3,260,420,1260,0.1,126.0,1134.0,780,354.0,31.22,Direct Debit,4
ORD-2025-10265,2024-12-20,2024-12-23,2024,Q4,December,12,Standard Class,CUST-1026,Ella Sanchez,Corporate,Brazil,Latin America,São Paulo,São Paulo,PROD-TEC-164,Technology,Phones,OnePlus 12,5,480,649,3245,0.1,324.5,2920.5,2400,520.5,17.82,Wire Transfer,5
ORD-2025-13064,2024-12-21,2024-12-24,2024,Q4,December,12,Standard Class,CUST-1019,Henry Jackson,Corporate,United Kingdom,Europe,England,Manchester,PROD-FUR-191,Furniture,Bookcases,Modern 5-Tier Industrial Bookshelf,3,110,195,585,0.0,0.0,585.0,330,255.0,43.59,Direct Debit,5
ORD-2024-11293,2024-12-21,2024-12-24,2024,Q4,December,12,Second Class,CUST-1008,Mia Davis,Consumer,Australia,Asia Pacific,Victoria,Melbourne,PROD-TEC-164,Technology,Laptops,MacBook Air M3,1,890,1199,1199,0.0,0.0,1199.0,890,309.0,25.77,Credit Card,5
ORD-2025-10313,2024-12-21,2024-12-23,2024,Q4,December,12,Second Class,CUST-1006,Isabella Garcia,Consumer,United States,North America,New York,New York,PROD-TEC-172,Technology,Laptops,MacBook Air M3,1,890,1199,1199,0.0,0.0,1199.0,890,309.0,25.77,Direct Debit,4
ORD-2025-11738,2024-12-21,2024-12-25,2024,Q4,December,12,Same Day,CUST-1010,Charlotte Martinez,Consumer,Mexico,Latin America,Jalisco,Guadalajara,PROD-OFF-168,Office Supplies,Storage,Locking Security Storage Box,3,65,115,345,0.1,34.5,310.5,195,115.5,37.2,Credit Card,3
ORD-2026-13440,2024-12-22,2024-12-24,2024,Q4,December,12,Standard Class,CUST-1010,Charlotte Martinez,Corporate,Germany,Europe,Bavaria,Munich,PROD-TEC-187,Technology,Laptops,ThinkPad X1 Carbon,2,1050,1399,2798,0.0,0.0,2798.0,2100,698.0,24.95,Credit Card,3
ORD-2024-10603,2024-12-22,2024-12-25,2024,Q4,December,12,Second Class,CUST-1022,Elizabeth Perez,Consumer,United States,North America,Texas,Houston,PROD-FUR-105,Furniture,Chairs,Executive Leather Recliner,5,260,420,2100,0.1,210.0,1890.0,1300,590.0,31.22,PayPal,5
ORD-2025-10394,2024-12-22,2024-12-24,2024,Q4,December,12,Standard Class,CUST-1026,Ella Sanchez,Corporate,Canada,North America,Ontario,Toronto,PROD-FUR-152,Furniture,Tables,Coffee Break Lounge Table,3,120,210,630,0.0,0.0,630.0,360,270.0,42.86,Credit Card,5
ORD-2025-13490,2024-12-23,2024-12-27,2024,Q4,December,12,Second Class,CUST-1016,Evelyn Thomas,Consumer,France,Europe,Île-de-France,Paris,PROD-FUR-103,Furniture,Chairs,Steelcase Gesture Chair,3,820,1250,3750,0.0,0.0,3750.0,2460,1290.0,34.4,PayPal,2
ORD-2025-11960,2024-12-23,2024-12-27,2024,Q4,December,12,Second Class,CUST-1018,Abigail Moore,Corporate,India,Asia Pacific,Maharashtra,Mumbai,PROD-FUR-147,Furniture,Tables,Coffee Break Lounge Table,5,120,210,1050,0.1,105.0,945.0,600,345.0,36.51,Credit Card,5
ORD-2026-10245,2024-12-23,2024-12-25,2024,Q4,December,12,Standard Class,CUST-1016,Evelyn Thomas,Home Office,United States,North America,New York,New York,PROD-TEC-172,Technology,Accessories,Dell 4K UltraSharp Monitor,3,340,489,1467,0.05,73.35,1393.65,1020,373.65,26.81,Credit Card,5
ORD-2026-11793,2024-12-24,2024-12-27,2024,Q4,December,12,Standard Class,CUST-1009,Benjamin Rodriguez,Consumer,France,Europe,Auvergne-Rhône-Alpes,Lyon,PROD-TEC-137,Technology,Phones,Samsung Galaxy S24,4,720,950,3800,0.0,0.0,3800.0,2880,920.0,24.21,Wire Transfer,5
ORD-2024-12400,2024-12-24,2024-12-28,2024,Q4,December,12,Standard Class,CUST-1027,Samuel Clark,Consumer,Canada,North America,British Columbia,Vancouver,PROD-TEC-160,Technology,Phones,Google Pixel 8,1,540,699,699,0.0,0.0,699.0,540,159.0,22.75,Direct Debit,5
ORD-2024-12262,2024-12-24,2024-12-28,2024,Q4,December,12,Second Class,CUST-1013,Alexander Gonzalez,Consumer,Germany,Europe,Berlin,Berlin,PROD-TEC-189,Technology,Laptops,Dell XPS 15,6,1100,1450,8700,0.1,870.0,7830.0,6600,1230.0,15.71,Credit Card,5
ORD-2026-12258,2024-12-25,2024-12-28,2024,Q4,December,12,Standard Class,CUST-1023,Jack Thompson,Corporate,Canada,North America,British Columbia,Vancouver,PROD-TEC-135,Technology,Accessories,Anker USB-C Docking Hub,3,45,79,237,0.05,11.85,225.15,135,90.15,40.04,Credit Card,4
ORD-2026-11736,2024-12-25,2024-12-28,2024,Q4,December,12,Standard Class,CUST-1004,Sophia Brown,Corporate,Canada,North America,Ontario,Toronto,PROD-TEC-161,Technology,Phones,Google Pixel 8,2,540,699,1398,0.0,0.0,1398.0,1080,318.0,22.75,Credit Card,1
ORD-2025-13325,2024-12-25,2024-12-30,2024,Q4,December,12,First Class,CUST-1029,Joseph Lewis,Consumer,India,Asia Pacific,Karnataka,Bangalore,PROD-FUR-117,Furniture,Tables,Smart Motorized Standing Desk,1,320,560,560,0.0,0.0,560.0,320,240.0,42.86,Credit Card,5
ORD-2024-13219,2024-12-25,2024-12-29,2024,Q4,December,12,Second Class,CUST-1012,Amelia Lopez,Corporate,United Kingdom,Europe,England,Manchester,PROD-TEC-163,Technology,Phones,Google Pixel 8,5,540,699,3495,0.1,349.5,3145.5,2700,445.5,14.16,PayPal,5
ORD-2025-10850,2024-12-26,2024-12-29,2024,Q4,December,12,Second Class,CUST-1024,Avery White,Home Office,Germany,Europe,Bavaria,Munich,PROD-OFF-117,Office Supplies,Paper,Executive Recycled Notepad Pack,2,12,24,48,0.1,4.8,43.2,24,19.2,44.44,Credit Card,5
ORD-2026-11382,2024-12-26,2025-01-01,2024,Q4,December,12,Second Class,CUST-1022,Elizabeth Perez,Consumer,France,Europe,Auvergne-Rhône-Alpes,Lyon,PROD-OFF-114,Office Supplies,Storage,Rolling Mobile Utility Cart,1,45,85,85,0.0,0.0,85.0,45,40.0,47.06,Wire Transfer,5
ORD-2025-10781,2024-12-26,2024-12-27,2024,Q4,December,12,Standard Class,CUST-1015,Daniel Anderson,Corporate,Germany,Europe,Bavaria,Munich,PROD-TEC-153,Technology,Phones,Samsung Galaxy S24,3,720,950,2850,0.05,142.5,2707.5,2160,547.5,20.22,Wire Transfer,4
ORD-2024-12118,2024-12-27,2024-12-29,2024,Q4,December,12,Standard Class,CUST-1020,Emily Martin,Home Office,France,Europe,Île-de-France,Paris,PROD-FUR-114,Furniture,Bookcases,Glass Display Credenza,2,310,520,1040,0.05,52.0,988.0,620,368.0,37.25,PayPal,2
ORD-2026-11214,2024-12-27,2024-12-30,2024,Q4,December,12,First Class,CUST-1022,Elizabeth Perez,Home Office,United States,North America,New York,New York,PROD-OFF-155,Office Supplies,Paper,Heavyweight Cardstock Reams,1,16,32,32,0.1,3.2,28.8,16,12.8,44.44,Wire Transfer,5
ORD-2024-12802,2024-12-27,2024-12-28,2024,Q4,December,12,Standard Class,CUST-1029,Joseph Lewis,Corporate,Canada,North America,British Columbia,Vancouver,PROD-TEC-196,Technology,Laptops,MacBook Air M3,3,890,1199,3597,0.05,179.85,3417.15,2670,747.15,21.86,Wire Transfer,5
ORD-2024-12610,2024-12-28,2024-12-30,2024,Q4,December,12,Second Class,CUST-1026,Ella Sanchez,Consumer,France,Europe,Île-de-France,Paris,PROD-TEC-190,Technology,Laptops,HP Spectre x360,2,920,1250,2500,0.1,250.0,2250.0,1840,410.0,18.22,PayPal,4
ORD-2026-10791,2024-12-28,2024-12-31,2024,Q4,December,12,Standard Class,CUST-1002,Olivia Smith,Consumer,Germany,Europe,Berlin,Berlin,PROD-FUR-187,Furniture,Bookcases,Glass Display Credenza,4,310,520,2080,0.05,104.0,1976.0,1240,736.0,37.25,Credit Card,3
ORD-2024-13333,2024-12-28,2024-12-31,2024,Q4,December,12,Standard Class,CUST-1000,Emma Watson,Consumer,United States,North America,Illinois,Chicago,PROD-TEC-136,Technology,Accessories,Logitech MX Master 3S,1,55,99,99,0.0,0.0,99.0,55,44.0,44.44,PayPal,4
ORD-2024-12892,2024-12-28,2024-12-30,2024,Q4,December,12,First Class,CUST-1004,Sophia Brown,Corporate,Germany,Europe,Bavaria,Munich,PROD-FUR-165,Furniture,Tables,Coffee Break Lounge Table,1,120,210,210,0.15,31.5,178.5,120,58.5,32.77,PayPal,4
ORD-2025-12398,2024-12-29,2025-01-01,2024,Q4,December,12,Second Class,CUST-1022,Elizabeth Perez,Corporate,Canada,North America,British Columbia,Vancouver,PROD-TEC-193,Technology,Phones,Google Pixel 8,2,540,699,1398,0.1,139.8,1258.2,1080,178.2,14.16,Credit Card,5
ORD-2026-10269,2024-12-29,2025-01-03,2024,Q4,December,12,Standard Class,CUST-1016,Evelyn Thomas,Consumer,United States,North America,California,Los Angeles,PROD-FUR-193,Furniture,Bookcases,Glass Display Credenza,2,310,520,1040,0.0,0.0,1040.0,620,420.0,40.38,Credit Card,5
ORD-2026-10887,2024-12-29,2025-01-02,2024,Q4,December,12,Same Day,CUST-1003,Noah Williams,Home Office,United States,North America,Texas,Houston,PROD-OFF-149,Office Supplies,Appliances,Commercial Espresso Barista Machine,1,620,950,950,0.0,0.0,950.0,620,330.0,34.74,Credit Card,4
ORD-2026-10611,2024-12-30,2025-01-03,2024,Q4,December,12,Standard Class,CUST-1027,Samuel Clark,Corporate,Australia,Asia Pacific,New South Wales,Sydney,PROD-TEC-190,Technology,Phones,Google Pixel 8,4,540,699,2796,0.0,0.0,2796.0,2160,636.0,22.75,Wire Transfer,4
ORD-2025-13022,2024-12-30,2025-01-01,2024,Q4,December,12,Standard Class,CUST-1015,Daniel Anderson,Home Office,Germany,Europe,Berlin,Berlin,PROD-TEC-121,Technology,Laptops,MacBook Air M3,2,890,1199,2398,0.05,119.9,2278.1,1780,498.1,21.86,PayPal,5
ORD-2025-11315,2024-12-30,2025-01-02,2024,Q4,December,12,Second Class,CUST-1007,Lucas Miller,Consumer,United States,North America,New York,New York,PROD-FUR-154,Furniture,Bookcases,Modern 5-Tier Industrial Bookshelf,3,110,195,585,0.05,29.25,555.75,330,225.75,40.62,Direct Debit,5
ORD-2026-12510,2024-12-30,2025-01-02,2024,Q4,December,12,Same Day,CUST-1029,Joseph Lewis,Home Office,Mexico,Latin America,Jalisco,Guadalajara,PROD-FUR-101,Furniture,Tables,Coffee Break Lounge Table,1,120,210,210,0.0,0.0,210.0,120,90.0,42.86,Wire Transfer,5
ORD-2026-13029,2024-12-30,2025-01-04,2024,Q4,December,12,Standard Class,CUST-1024,Avery White,Consumer,Brazil,Latin America,Rio de Janeiro,Rio de Janeiro,PROD-TEC-101,Technology,Accessories,Logitech MX Master 3S,2,55,99,198,0.0,0.0,198.0,110,88.0,44.44,Wire Transfer,4
ORD-2024-11869,2024-12-31,2025-01-02,2024,Q4,December,12,Second Class,CUST-1016,Evelyn Thomas,Consumer,United Kingdom,Europe,England,Manchester,PROD-FUR-198,Furniture,Bookcases,Glass Display Credenza,4,310,520,2080,0.0,0.0,2080.0,1240,840.0,40.38,PayPal,1
ORD-2025-13415,2024-12-31,2025-01-03,2024,Q4,December,12,Standard Class,CUST-1028,Chloe Ramirez,Home Office,India,Asia Pacific,Karnataka,Bangalore,PROD-TEC-107,Technology,Laptops,ThinkPad X1 Carbon,1,1050,1399,1399,0.05,69.95,1329.05,1050,279.05,21.0,PayPal,4
ORD-2025-10910,2024-12-31,2025-01-02,2024,Q4,December,12,First Class,CUST-1007,Lucas Miller,Corporate,United States,North America,Texas,Houston,PROD-FUR-172,Furniture,Chairs,Executive Leather Recliner,3,260,420,1260,0.05,63.0,1197.0,780,417.0,34.84,Wire Transfer,3
ORD-2025-11606,2024-12-31,2025-01-03,2024,Q4,December,12,Same Day,CUST-1005,James Jones,Home Office,United Kingdom,Europe,England,London,PROD-TEC-133,Technology,Laptops,Dell XPS 15,1,1100,1450,1450,0.05,72.5,1377.5,1100,277.5,20.15,Wire Transfer,5
ORD-2025-11690,2025-01-01,2025-01-04,2025,Q1,January,1,Standard Class,CUST-1015,Daniel Anderson,Home Office,Germany,Europe,Berlin,Berlin,PROD-TEC-152,Technology,Laptops,ThinkPad X1 Carbon,1,1050,1399,1399,0.0,0.0,1399.0,1050,349.0,24.95,Wire Transfer,5
ORD-2024-10588,2025-01-01,2025-01-03,2025,Q1,January,1,Second Class,CUST-1028,Chloe Ramirez,Corporate,Canada,North America,British Columbia,Vancouver,PROD-TEC-150,Technology,Accessories,Logitech MX Master 3S,3,55,99,297,0.05,14.85,282.15,165,117.15,41.52,Wire Transfer,5
ORD-2026-10347,2025-01-01,2025-01-04,2025,Q1,January,1,Second Class,CUST-1013,Alexander Gonzalez,Home Office,United States,North America,California,Los Angeles,PROD-FUR-185,Furniture,Bookcases,Solid Wood Library Cabinet,1,450,720,720,0.1,72.0,648.0,450,198.0,30.56,Credit Card,5
ORD-2025-11204,2025-01-02,2025-01-05,2025,Q1,January,1,Standard Class,CUST-1012,Amelia Lopez,Consumer,Brazil,Latin America,Rio de Janeiro,Rio de Janeiro,PROD-OFF-196,Office Supplies,Paper,Premium Multipurpose Laser Paper 5000ct,4,28,48,192,0.0,0.0,192.0,112,80.0,41.67,Direct Debit,2
ORD-2025-12446,2025-01-02,2025-01-04,2025,Q1,January,1,Standard Class,CUST-1028,Chloe Ramirez,Consumer,United States,North America,New York,New York,PROD-TEC-196,Technology,Phones,iPhone 15 Pro,2,850,1099,2198,0.0,0.0,2198.0,1700,498.0,22.66,Credit Card,4
ORD-2024-11272,2025-01-02,2025-01-05,2025,Q1,January,1,Same Day,CUST-1016,Evelyn Thomas,Corporate,Australia,Asia Pacific,New South Wales,Sydney,PROD-TEC-171,Technology,Laptops,MacBook Air M3,5,890,1199,5995,0.15,899.25,5095.75,4450,645.75,12.67,Direct Debit,4
ORD-2025-11312,2025-01-03,2025-01-06,2025,Q1,January,1,Second Class,CUST-1022,Elizabeth Perez,Consumer,Canada,North America,British Columbia,Vancouver,PROD-FUR-182,Furniture,Chairs,Herman Miller Aeron Chair,1,750,1195,1195,0.0,0.0,1195.0,750,445.0,37.24,Direct Debit,4
ORD-2024-12073,2025-01-03,2025-01-05,2025,Q1,January,1,Standard Class,CUST-1029,Joseph Lewis,Corporate,Canada,North America,British Columbia,Vancouver,PROD-OFF-150,Office Supplies,Appliances,Commercial Espresso Barista Machine,3,620,950,2850,0.15,427.5,2422.5,1860,562.5,23.22,Credit Card,5
ORD-2024-11257,2025-01-03,2025-01-05,2025,Q1,January,1,Standard Class,CUST-1026,Ella Sanchez,Corporate,Australia,Asia Pacific,Victoria,Melbourne,PROD-FUR-158,Furniture,Tables,Solid Oak Conference Table,3,980,1480,4440,0.05,222.0,4218.0,2940,1278.0,30.3,Credit Card,4
ORD-2024-12508,2025-01-03,2025-01-06,2025,Q1,January,1,Standard Class,CUST-1019,Henry Jackson,Consumer,Japan,Asia Pacific,Kanto,Tokyo,PROD-TEC-183,Technology,Laptops,HP Spectre x360,1,920,1250,1250,0.0,0.0,1250.0,920,330.0,26.4,Direct Debit,5
ORD-2024-10675,2025-01-04,2025-01-08,2025,Q1,January,1,First Class,CUST-1026,Ella Sanchez,Consumer,France,Europe,Île-de-France,Paris,PROD-OFF-127,Office Supplies,Paper,Premium Multipurpose Laser Paper 5000ct,4,28,48,192,0.0,0.0,192.0,112,80.0,41.67,Credit Card,2
ORD-2024-12334,2025-01-04,2025-01-07,2025,Q1,January,1,First Class,CUST-1014,Harper Wilson,Corporate,United Kingdom,Europe,England,Manchester,PROD-OFF-136,Office Supplies,Paper,Heavyweight Cardstock Reams,3,16,32,96,0.0,0.0,96.0,48,48.0,50.0,Direct Debit,4
ORD-2026-13104,2025-01-04,2025-01-07,2025,Q1,January,1,Second Class,CUST-1022,Elizabeth Perez,Home Office,Canada,North America,British Columbia,Vancouver,PROD-TEC-113,Technology,Phones,iPhone 15 Pro,2,850,1099,2198,0.05,109.9,2088.1,1700,388.1,18.59,Direct Debit,5
ORD-2026-10818,2025-01-04,2025-01-07,2025,Q1,January,1,Standard Class,CUST-1009,Benjamin Rodriguez,Consumer,Mexico,Latin America,Federal District,Mexico City,PROD-FUR-105,Furniture,Chairs,Steelcase Gesture Chair,3,820,1250,3750,0.05,187.5,3562.5,2460,1102.5,30.95,Credit Card,1
ORD-2026-12927,2025-01-05,2025-01-07,2025,Q1,January,1,Standard Class,CUST-1013,Alexander Gonzalez,Corporate,Mexico,Latin America,Federal District,Mexico City,PROD-TEC-147,Technology,Laptops,ThinkPad X1 Carbon,4,1050,1399,5596,0.05,279.8,5316.2,4200,1116.2,21.0,Wire Transfer,4
ORD-2024-11821,2025-01-05,2025-01-08,2025,Q1,January,1,Standard Class,CUST-1011,Elijah Hernandez,Consumer,United States,North America,New York,New York,PROD-TEC-171,Technology,Accessories,Anker USB-C Docking Hub,8,45,79,632,0.15,94.8,537.2,360,177.2,32.99,Credit Card,3
ORD-2025-10004,2025-01-05,2025-01-08,2025,Q1,January,1,Second Class,CUST-1001,Liam Johnson,Corporate,Japan,Asia Pacific,Kanto,Tokyo,PROD-OFF-136,Office Supplies,Storage,Rolling Mobile Utility Cart,2,45,85,170,0.1,17.0,153.0,90,63.0,41.18,Credit Card,5
ORD-2024-12316,2025-01-05,2025-01-08,2025,Q1,January,1,First Class,CUST-1025,David Harris,Corporate,United States,North America,Illinois,Chicago,PROD-TEC-164,Technology,Accessories,Bose QuietComfort Headphones,3,180,279,837,0.0,0.0,837.0,540,297.0,35.48,Credit Card,4
ORD-2026-12498,2025-01-05,2025-01-06,2025,Q1,January,1,Second Class,CUST-1026,Ella Sanchez,Consumer,United Kingdom,Europe,England,Manchester,PROD-TEC-125,Technology,Phones,OnePlus 12,5,480,649,3245,0.1,324.5,2920.5,2400,520.5,17.82,Credit Card,5
ORD-2024-13030,2025-01-05,2025-01-09,2025,Q1,January,1,First Class,CUST-1023,Jack Thompson,Consumer,United States,North America,Illinois,Chicago,PROD-OFF-184,Office Supplies,Paper,Premium Multipurpose Laser Paper 5000ct,1,28,48,48,0.05,2.4,45.6,28,17.6,38.6,Credit Card,3
ORD-2025-11072,2025-01-05,2025-01-06,2025,Q1,January,1,First Class,CUST-1009,Benjamin Rodriguez,Home Office,France,Europe,Auvergne-Rhône-Alpes,Lyon,PROD-TEC-101,Technology,Phones,iPhone 15 Pro,6,850,1099,6594,0.1,659.4,5934.6,5100,834.6,14.06,PayPal,4
ORD-2024-13102,2025-01-05,2025-01-08,2025,Q1,January,1,Standard Class,CUST-1019,Henry Jackson,Consumer,Canada,North America,Ontario,Toronto,PROD-TEC-171,Technology,Phones,iPhone 15 Pro,1,850,1099,1099,0.0,0.0,1099.0,850,249.0,22.66,Wire Transfer,5
ORD-2024-10852,2025-01-06,2025-01-09,2025,Q1,January,1,Second Class,CUST-1021,Sebastian Lee,Home Office,Australia,Asia Pacific,Victoria,Melbourne,PROD-FUR-129,Furniture,Bookcases,Solid Wood Library Cabinet,5,450,720,3600,0.1,360.0,3240.0,2250,990.0,30.56,Wire Transfer,4
ORD-2025-11426,2025-01-06,2025-01-08,2025,Q1,January,1,Standard Class,CUST-1014,Harper Wilson,Consumer,United States,North America,California,Los Angeles,PROD-OFF-146,Office Supplies,Appliances,Commercial Espresso Barista Machine,4,620,950,3800,0.0,0.0,3800.0,2480,1320.0,34.74,PayPal,4
ORD-2024-13099,2025-01-06,2025-01-07,2025,Q1,January,1,Same Day,CUST-1022,Elizabeth Perez,Consumer,United States,North America,New York,New York,PROD-TEC-149,Technology,Accessories,Dell 4K UltraSharp Monitor,6,340,489,2934,0.1,293.4,2640.6,2040,600.6,22.74,Credit Card,3
ORD-2025-13070,2025-01-06,2025-01-07,2025,Q1,January,1,Standard Class,CUST-1002,Olivia Smith,Consumer,India,Asia Pacific,Maharashtra,Mumbai,PROD-TEC-119,Technology,Laptops,Dell XPS 15,2,1100,1450,2900,0.05,145.0,2755.0,2200,555.0,20.15,Wire Transfer,5
ORD-2025-12251,2025-01-06,2025-01-09,2025,Q1,January,1,Standard Class,CUST-1004,Sophia Brown,Corporate,France,Europe,Auvergne-Rhône-Alpes,Lyon,PROD-OFF-178,Office Supplies,Storage,Heavy Duty 4-Drawer File Cabinet,2,130,220,440,0.15,66.0,374.0,260,114.0,30.48,Wire Transfer,3
ORD-2024-13441,2025-01-07,2025-01-11,2025,Q1,January,1,First Class,CUST-1016,Evelyn Thomas,Home Office,India,Asia Pacific,Maharashtra,Mumbai,PROD-FUR-131,Furniture,Tables,Solid Oak Conference Table,10,980,1480,14800,0.1,1480.0,13320.0,9800,3520.0,26.43,Wire Transfer,4
ORD-2026-10725,2025-01-07,2025-01-09,2025,Q1,January,1,Standard Class,CUST-1019,Henry Jackson,Corporate,Australia,Asia Pacific,New South Wales,Sydney,PROD-TEC-188,Technology,Laptops,Dell XPS 15,2,1100,1450,2900,0.1,290.0,2610.0,2200,410.0,15.71,Wire Transfer,5
ORD-2025-11618,2025-01-07,2025-01-09,2025,Q1,January,1,Standard Class,CUST-1023,Jack Thompson,Consumer,Australia,Asia Pacific,Victoria,Melbourne,PROD-TEC-172,Technology,Laptops,HP Spectre x360,5,920,1250,6250,0.1,625.0,5625.0,4600,1025.0,18.22,Direct Debit,5
ORD-2025-11243,2025-01-07,2025-01-10,2025,Q1,January,1,Standard Class,CUST-1017,Matthew Taylor,Home Office,Germany,Europe,Berlin,Berlin,PROD-OFF-165,Office Supplies,Storage,Heavy Duty 4-Drawer File Cabinet,4,130,220,880,0.0,0.0,880.0,520,360.0,40.91,Credit Card,3
ORD-2024-10393,2025-01-07,2025-01-09,2025,Q1,January,1,Second Class,CUST-1021,Sebastian Lee,Consumer,Australia,Asia Pacific,Victoria,Melbourne,PROD-FUR-161,Furniture,Chairs,Herman Miller Aeron Chair,1,750,1195,1195,0.0,0.0,1195.0,750,445.0,37.24,PayPal,5
ORD-2025-12629,2025-01-08,2025-01-11,2025,Q1,January,1,Same Day,CUST-1009,Benjamin Rodriguez,Home Office,Germany,Europe,Berlin,Berlin,PROD-FUR-103,Furniture,Chairs,Executive Leather Recliner,1,260,420,420,0.0,0.0,420.0,260,160.0,38.1,Credit Card,4
ORD-2026-12330,2025-01-08,2025-01-10,2025,Q1,January,1,Standard Class,CUST-1019,Henry Jackson,Corporate,Germany,Europe,Berlin,Berlin,PROD-FUR-179,Furniture,Bookcases,Glass Display Credenza,2,310,520,1040,0.1,104.0,936.0,620,316.0,33.76,Wire Transfer,5
ORD-2025-10298,2025-01-09,2025-01-12,2025,Q1,January,1,First Class,CUST-1002,Olivia Smith,Corporate,United States,North America,California,Los Angeles,PROD-FUR-163,Furniture,Tables,Modular Team Workstation,4,640,990,3960,0.1,396.0,3564.0,2560,1004.0,28.17,Credit Card,3
ORD-2026-10356,2025-01-09,2025-01-11,2025,Q1,January,1,Standard Class,CUST-1019,Henry Jackson,Corporate,Australia,Asia Pacific,New South Wales,Sydney,PROD-OFF-180,Office Supplies,Appliances,Smart Office Air Purifier Pro,1,140,249,249,0.0,0.0,249.0,140,109.0,43.78,PayPal,5
ORD-2024-10129,2025-01-09,2025-01-10,2025,Q1,January,1,Standard Class,CUST-1017,Matthew Taylor,Consumer,United Kingdom,Europe,England,London,PROD-TEC-180,Technology,Laptops,ThinkPad X1 Carbon,3,1050,1399,4197,0.0,0.0,4197.0,3150,1047.0,24.95,Direct Debit,5
ORD-2024-12058,2025-01-10,2025-01-11,2025,Q1,January,1,Same Day,CUST-1026,Ella Sanchez,Home Office,Canada,North America,Ontario,Toronto,PROD-TEC-187,Technology,Phones,OnePlus 12,2,480,649,1298,0.0,0.0,1298.0,960,338.0,26.04,Credit Card,5
ORD-2025-10403,2025-01-10,2025-01-11,2025,Q1,January,1,Standard Class,CUST-1015,Daniel Anderson,Corporate,United States,North America,Texas,Houston,PROD-OFF-194,Office Supplies,Storage,Heavy Duty 4-Drawer File Cabinet,4,130,220,880,0.15,132.0,748.0,520,228.0,30.48,Direct Debit,4
ORD-2025-11102,2025-01-10,2025-01-13,2025,Q1,January,1,First Class,CUST-1009,Benjamin Rodriguez,Home Office,France,Europe,Auvergne-Rhône-Alpes,Lyon,PROD-TEC-149,Technology,Phones,OnePlus 12,1,480,649,649,0.0,0.0,649.0,480,169.0,26.04,Wire Transfer,4
ORD-2026-10998,2025-01-11,2025-01-14,2025,Q1,January,1,Standard Class,CUST-1005,James Jones,Consumer,Brazil,Latin America,Rio de Janeiro,Rio de Janeiro,PROD-TEC-153,Technology,Accessories,Dell 4K UltraSharp Monitor,1,340,489,489,0.0,0.0,489.0,340,149.0,30.47,Wire Transfer,5
ORD-2026-10572,2025-01-11,2025-01-15,2025,Q1,January,1,Standard Class,CUST-1012,Amelia Lopez,Consumer,Germany,Europe,Berlin,Berlin,PROD-FUR-138,Furniture,Tables,Smart Motorized Standing Desk,4,320,560,2240,0.0,0.0,2240.0,1280,960.0,42.86,Wire Transfer,4
ORD-2025-11042,2025-01-11,2025-01-15,2025,Q1,January,1,Standard Class,CUST-1028,Chloe Ramirez,Consumer,United States,North America,Illinois,Chicago,PROD-TEC-197,Technology,Laptops,Dell XPS 15,1,1100,1450,1450,0.0,0.0,1450.0,1100,350.0,24.14,Wire Transfer,5
ORD-2025-10988,2025-01-11,2025-01-14,2025,Q1,January,1,First Class,CUST-1012,Amelia Lopez,Consumer,France,Europe,Auvergne-Rhône-Alpes,Lyon,PROD-FUR-172,Furniture,Tables,Modular Team Workstation,2,640,990,1980,0.0,0.0,1980.0,1280,700.0,35.35,PayPal,4
ORD-2025-12401,2025-01-12,2025-01-13,2025,Q1,January,1,Standard Class,CUST-1005,James Jones,Home Office,France,Europe,Auvergne-Rhône-Alpes,Lyon,PROD-TEC-158,Technology,Phones,Samsung Galaxy S24,1,720,950,950,0.05,47.5,902.5,720,182.5,20.22,Credit Card,5
ORD-2026-11331,2025-01-12,2025-01-15,2025,Q1,January,1,Standard Class,CUST-1029,Joseph Lewis,Home Office,United States,North America,California,Los Angeles,PROD-TEC-195,Technology,Accessories,Dell 4K UltraSharp Monitor,5,340,489,2445,0.1,244.5,2200.5,1700,500.5,22.74,Direct Debit,4
ORD-2025-11756,2025-01-12,2025-01-14,2025,Q1,January,1,Second Class,CUST-1000,Emma Watson,Corporate,France,Europe,Île-de-France,Paris,PROD-OFF-101,Office Supplies,Storage,Heavy Duty 4-Drawer File Cabinet,1,130,220,220,0.1,22.0,198.0,130,68.0,34.34,PayPal,1
ORD-2025-10805,2025-01-13,2025-01-16,2025,Q1,January,1,Standard Class,CUST-1009,Benjamin Rodriguez,Consumer,Japan,Asia Pacific,Kanto,Tokyo,PROD-TEC-163,Technology,Phones,Samsung Galaxy S24,3,720,950,2850,0.0,0.0,2850.0,2160,690.0,24.21,Credit Card,3
ORD-2026-11244,2025-01-13,2025-01-15,2025,Q1,January,1,Standard Class,CUST-1012,Amelia Lopez,Corporate,Australia,Asia Pacific,New South Wales,Sydney,PROD-OFF-138,Office Supplies,Paper,Executive Recycled Notepad Pack,1,12,24,24,0.0,0.0,24.0,12,12.0,50.0,Credit Card,4
ORD-2024-12919,2025-01-13,2025-01-18,2025,Q1,January,1,Second Class,CUST-1013,Alexander Gonzalez,Consumer,Brazil,Latin America,São Paulo,São Paulo,PROD-FUR-115,Furniture,Chairs,Herman Miller Aeron Chair,3,750,1195,3585,0.05,179.25,3405.75,2250,1155.75,33.94,PayPal,4
ORD-2025-12758,2025-01-13,2025-01-16,2025,Q1,January,1,Second Class,CUST-1015,Daniel Anderson,Corporate,India,Asia Pacific,Maharashtra,Mumbai,PROD-TEC-128,Technology,Laptops,MacBook Air M3,1,890,1199,1199,0.15,179.85,1019.15,890,129.15,12.67,Wire Transfer,3
ORD-2025-12422,2025-01-13,2025-01-15,2025,Q1,January,1,Second Class,CUST-1027,Samuel Clark,Home Office,Canada,North America,British Columbia,Vancouver,PROD-TEC-143,Technology,Phones,Google Pixel 8,5,540,699,3495,0.1,349.5,3145.5,2700,445.5,14.16,Direct Debit,5
ORD-2026-13311,2025-01-13,2025-01-16,2025,Q1,January,1,Standard Class,CUST-1001,Liam Johnson,Consumer,Germany,Europe,Bavaria,Munich,PROD-OFF-133,Office Supplies,Storage,Locking Security Storage Box,6,65,115,690,0.2,138.0,552.0,390,162.0,29.35,Credit Card,5
ORD-2024-11788,2025-01-14,2025-01-18,2025,Q1,January,1,Second Class,CUST-1005,James Jones,Consumer,Australia,Asia Pacific,Victoria,Melbourne,PROD-OFF-131,Office Supplies,Paper,Premium Multipurpose Laser Paper 5000ct,1,28,48,48,0.0,0.0,48.0,28,20.0,41.67,PayPal,2
ORD-2026-11358,2025-01-14,2025-01-17,2025,Q1,January,1,Second Class,CUST-1005,James Jones,Consumer,Canada,North America,Ontario,Toronto,PROD-TEC-155,Technology,Laptops,Dell XPS 15,1,1100,1450,1450,0.1,145.0,1305.0,1100,205.0,15.71,PayPal,4
ORD-2025-10937,2025-01-14,2025-01-17,2025,Q1,January,1,Standard Class,CUST-1006,Isabella Garcia,Consumer,Brazil,Latin America,Rio de Janeiro,Rio de Janeiro,PROD-FUR-164,Furniture,Chairs,Ergonomic Mesh Task Chair,1,160,289,289,0.05,14.45,274.55,160,114.55,41.72,Credit Card,3
ORD-2024-11953,2025-01-14,2025-01-15,2025,Q1,January,1,Standard Class,CUST-1022,Elizabeth Perez,Consumer,United States,North America,Illinois,Chicago,PROD-FUR-127,Furniture,Chairs,Steelcase Gesture Chair,3,820,1250,3750,0.0,0.0,3750.0,2460,1290.0,34.4,Credit Card,5
ORD-2025-12530,2025-01-15,2025-01-17,2025,Q1,January,1,Standard Class,CUST-1004,Sophia Brown,Corporate,United States,North America,New York,New York,PROD-TEC-133,Technology,Laptops,HP Spectre x360,2,920,1250,2500,0.1,250.0,2250.0,1840,410.0,18.22,Wire Transfer,5
ORD-2024-10810,2025-01-15,2025-01-18,2025,Q1,January,1,Standard Class,CUST-1014,Harper Wilson,Consumer,Canada,North America,British Columbia,Vancouver,PROD-FUR-168,Furniture,Chairs,Ergonomic Mesh Task Chair,3,160,289,867,0.0,0.0,867.0,480,387.0,44.64,Credit Card,5
ORD-2026-12378,2025-01-15,2025-01-19,2025,Q1,January,1,Standard Class,CUST-1012,Amelia Lopez,Corporate,United States,North America,Illinois,Chicago,PROD-TEC-151,Technology,Accessories,Bose QuietComfort Headphones,3,180,279,837,0.05,41.85,795.15,540,255.15,32.09,Credit Card,4
ORD-2026-12015,2025-01-15,2025-01-20,2025,Q1,January,1,First Class,CUST-1002,Olivia Smith,Consumer,Canada,North America,Ontario,Toronto,PROD-FUR-177,Furniture,Chairs,Steelcase Gesture Chair,1,820,1250,1250,0.0,0.0,1250.0,820,430.0,34.4,PayPal,5
ORD-2024-13405,2025-01-16,2025-01-18,2025,Q1,January,1,Standard Class,CUST-1028,Chloe Ramirez,Consumer,Australia,Asia Pacific,New South Wales,Sydney,PROD-TEC-127,Technology,Phones,iPhone 15 Pro,1,850,1099,1099,0.0,0.0,1099.0,850,249.0,22.66,PayPal,5
ORD-2026-10440,2025-01-16,2025-01-18,2025,Q1,January,1,Standard Class,CUST-1016,Evelyn Thomas,Home Office,France,Europe,Île-de-France,Paris,PROD-FUR-158,Furniture,Bookcases,Solid Wood Library Cabinet,3,450,720,2160,0.05,108.0,2052.0,1350,702.0,34.21,Direct Debit,4
ORD-2024-11392,2025-01-16,2025-01-19,2025,Q1,January,1,Standard Class,CUST-1029,Joseph Lewis,Home Office,India,Asia Pacific,Karnataka,Bangalore,PROD-TEC-169,Technology,Laptops,HP Spectre x360,2,920,1250,2500,0.0,0.0,2500.0,1840,660.0,26.4,PayPal,5
ORD-2025-10106,2025-01-17,2025-01-19,2025,Q1,January,1,Same Day,CUST-1011,Elijah Hernandez,Consumer,United States,North America,New York,New York,PROD-OFF-119,Office Supplies,Appliances,Smart Office Air Purifier Pro,1,140,249,249,0.0,0.0,249.0,140,109.0,43.78,PayPal,4
ORD-2026-13425,2025-01-17,2025-01-18,2025,Q1,January,1,Standard Class,CUST-1005,James Jones,Home Office,Australia,Asia Pacific,Victoria,Melbourne,PROD-TEC-123,Technology,Accessories,Bose QuietComfort Headphones,1,180,279,279,0.05,13.95,265.05,180,85.05,32.09,Credit Card,5
ORD-2024-10357,2025-01-17,2025-01-19,2025,Q1,January,1,Second Class,CUST-1002,Olivia Smith,Consumer,Canada,North America,Ontario,Toronto,PROD-OFF-144,Office Supplies,Paper,Premium Multipurpose Laser Paper 5000ct,3,28,48,144,0.0,0.0,144.0,84,60.0,41.67,Wire Transfer,5
ORD-2025-11135,2025-01-18,2025-01-21,2025,Q1,January,1,Standard Class,CUST-1003,Noah Williams,Corporate,France,Europe,Auvergne-Rhône-Alpes,Lyon,PROD-TEC-173,Technology,Phones,Google Pixel 8,3,540,699,2097,0.0,0.0,2097.0,1620,477.0,22.75,Credit Card,4
ORD-2024-11902,2025-01-18,2025-01-21,2025,Q1,January,1,Second Class,CUST-1020,Emily Martin,Consumer,Canada,North America,Ontario,Toronto,PROD-FUR-125,Furniture,Chairs,Steelcase Gesture Chair,2,820,1250,2500,0.0,0.0,2500.0,1640,860.0,34.4,Credit Card,4
ORD-2024-12352,2025-01-18,2025-01-22,2025,Q1,January,1,Standard Class,CUST-1015,Daniel Anderson,Consumer,France,Europe,Île-de-France,Paris,PROD-OFF-117,Office Supplies,Paper,Heavyweight Cardstock Reams,3,16,32,96,0.1,9.6,86.4,48,38.4,44.44,Credit Card,5
ORD-2025-13187,2025-01-18,2025-01-21,2025,Q1,January,1,Standard Class,CUST-1004,Sophia Brown,Corporate,United States,North America,Illinois,Chicago,PROD-FUR-154,Furniture,Tables,Modular Team Workstation,3,640,990,2970,0.0,0.0,2970.0,1920,1050.0,35.35,Credit Card,4
ORD-2026-11631,2025-01-18,2025-01-21,2025,Q1,January,1,Standard Class,CUST-1005,James Jones,Home Office,Mexico,Latin America,Jalisco,Guadalajara,PROD-OFF-170,Office Supplies,Appliances,Commercial Espresso Barista Machine,1,620,950,950,0.1,95.0,855.0,620,235.0,27.49,PayPal,5
ORD-2025-10595,2025-01-18,2025-01-21,2025,Q1,January,1,Standard Class,CUST-1012,Amelia Lopez,Consumer,Canada,North America,British Columbia,Vancouver,PROD-FUR-118,Furniture,Tables,Modular Team Workstation,1,640,990,990,0.05,49.5,940.5,640,300.5,31.95,PayPal,5
ORD-2025-11693,2025-01-19,2025-01-23,2025,Q1,January,1,Standard Class,CUST-1002,Olivia Smith,Consumer,United States,North America,California,Los Angeles,PROD-OFF-101,Office Supplies,Appliances,Smart Office Air Purifier Pro,8,140,249,1992,0.15,298.8,1693.2,1120,573.2,33.85,Credit Card,5
ORD-2024-11446,2025-01-19,2025-01-21,2025,Q1,January,1,Standard Class,CUST-1005,James Jones,Consumer,Japan,Asia Pacific,Kanto,Tokyo,PROD-TEC-151,Technology,Laptops,Dell XPS 15,6,1100,1450,8700,0.15,1305.0,7395.0,6600,795.0,10.75,Wire Transfer,3
ORD-2025-10088,2025-01-20,2025-01-23,2025,Q1,January,1,Standard Class,CUST-1011,Elijah Hernandez,Consumer,Canada,North America,Ontario,Toronto,PROD-FUR-121,Furniture,Chairs,Ergonomic Mesh Task Chair,4,160,289,1156,0.0,0.0,1156.0,640,516.0,44.64,Credit Card,5
ORD-2024-13084,2025-01-20,2025-01-21,2025,Q1,January,1,Second Class,CUST-1018,Abigail Moore,Corporate,France,Europe,Île-de-France,Paris,PROD-FUR-105,Furniture,Tables,Smart Motorized Standing Desk,6,320,560,3360,0.15,504.0,2856.0,1920,936.0,32.77,Wire Transfer,5
ORD-2026-12837,2025-01-20,2025-01-22,2025,Q1,January,1,Standard Class,CUST-1018,Abigail Moore,Corporate,Brazil,Latin America,Rio de Janeiro,Rio de Janeiro,PROD-TEC-151,Technology,Phones,iPhone 15 Pro,6,850,1099,6594,0.2,1318.8,5275.2,5100,175.2,3.32,Direct Debit,5
ORD-2026-11475,2025-01-20,2025-01-22,2025,Q1,January,1,Standard Class,CUST-1022,Elizabeth Perez,Home Office,France,Europe,Île-de-France,Paris,PROD-TEC-167,Technology,Phones,iPhone 15 Pro,2,850,1099,2198,0.05,109.9,2088.1,1700,388.1,18.59,Wire Transfer,5
ORD-2024-13492,2025-01-20,2025-01-23,2025,Q1,January,1,Second Class,CUST-1007,Lucas Miller,Corporate,United Kingdom,Europe,England,London,PROD-TEC-129,Technology,Accessories,Anker USB-C Docking Hub,1,45,79,79,0.15,11.85,67.15,45,22.15,32.99,Credit Card,5
ORD-2025-11918,2025-01-20,2025-01-23,2025,Q1,January,1,Second Class,CUST-1005,James Jones,Consumer,United States,North America,New York,New York,PROD-FUR-171,Furniture,Tables,Smart Motorized Standing Desk,5,320,560,2800,0.15,420.0,2380.0,1600,780.0,32.77,PayPal,1
ORD-2024-10102,2025-01-20,2025-01-22,2025,Q1,January,1,Standard Class,CUST-1022,Elizabeth Perez,Corporate,Australia,Asia Pacific,New South Wales,Sydney,PROD-FUR-147,Furniture,Chairs,Executive Leather Recliner,3,260,420,1260,0.0,0.0,1260.0,780,480.0,38.1,Credit Card,5
ORD-2025-10589,2025-01-21,2025-01-25,2025,Q1,January,1,First Class,CUST-1011,Elijah Hernandez,Home Office,United States,North America,New York,New York,PROD-FUR-125,Furniture,Chairs,Steelcase Gesture Chair,3,820,1250,3750,0.0,0.0,3750.0,2460,1290.0,34.4,Direct Debit,5
ORD-2024-12445,2025-01-21,2025-01-24,2025,Q1,January,1,Second Class,CUST-1013,Alexander Gonzalez,Consumer,Canada,North America,Ontario,Toronto,PROD-OFF-146,Office Supplies,Paper,Executive Recycled Notepad Pack,1,12,24,24,0.05,1.2,22.8,12,10.8,47.37,Credit Card,5
ORD-2026-12507,2025-01-21,2025-01-24,2025,Q1,January,1,Same Day,CUST-1014,Harper Wilson,Corporate,France,Europe,Auvergne-Rhône-Alpes,Lyon,PROD-OFF-166,Office Supplies,Paper,Executive Recycled Notepad Pack,4,12,24,96,0.1,9.6,86.4,48,38.4,44.44,Wire Transfer,3
ORD-2024-12808,2025-01-21,2025-01-22,2025,Q1,January,1,Standard Class,CUST-1023,Jack Thompson,Home Office,France,Europe,Île-de-France,Paris,PROD-FUR-163,Furniture,Tables,Modular Team Workstation,8,640,990,7920,0.1,792.0,7128.0,5120,2008.0,28.17,Credit Card,5
ORD-2026-12144,2025-01-21,2025-01-23,2025,Q1,January,1,Standard Class,CUST-1000,Emma Watson,Consumer,Japan,Asia Pacific,Kanto,Tokyo,PROD-FUR-143,Furniture,Tables,Smart Motorized Standing Desk,2,320,560,1120,0.05,56.0,1064.0,640,424.0,39.85,Wire Transfer,5
ORD-2026-11448,2025-01-21,2025-01-25,2025,Q1,January,1,Standard Class,CUST-1026,Ella Sanchez,Corporate,United States,North America,New York,New York,PROD-OFF-160,Office Supplies,Appliances,Heavy Duty Cross-Cut Shredder,6,90,165,990,0.1,99.0,891.0,540,351.0,39.39,PayPal,5
ORD-2025-11519,2025-01-21,2025-01-24,2025,Q1,January,1,Standard Class,CUST-1002,Olivia Smith,Home Office,Australia,Asia Pacific,Victoria,Melbourne,PROD-TEC-161,Technology,Accessories,Anker USB-C Docking Hub,2,45,79,158,0.0,0.0,158.0,90,68.0,43.04,Wire Transfer,5
ORD-2026-11745,2025-01-21,2025-01-22,2025,Q1,January,1,Standard Class,CUST-1010,Charlotte Martinez,Consumer,United States,North America,Texas,Houston,PROD-OFF-106,Office Supplies,Paper,Heavyweight Cardstock Reams,1,16,32,32,0.0,0.0,32.0,16,16.0,50.0,Credit Card,5
ORD-2024-11494,2025-01-22,2025-01-25,2025,Q1,January,1,Same Day,CUST-1004,Sophia Brown,Consumer,India,Asia Pacific,Maharashtra,Mumbai,PROD-OFF-197,Office Supplies,Appliances,Heavy Duty Cross-Cut Shredder,2,90,165,330,0.0,0.0,330.0,180,150.0,45.45,Wire Transfer,5
ORD-2024-11614,2025-01-22,2025-01-24,2025,Q1,January,1,Standard Class,CUST-1008,Mia Davis,Corporate,Germany,Europe,Berlin,Berlin,PROD-TEC-124,Technology,Laptops,Dell XPS 15,3,1100,1450,4350,0.0,0.0,4350.0,3300,1050.0,24.14,Wire Transfer,5
ORD-2024-11089,2025-01-22,2025-01-25,2025,Q1,January,1,Second Class,CUST-1014,Harper Wilson,Corporate,Australia,Asia Pacific,New South Wales,Sydney,PROD-TEC-186,Technology,Laptops,Dell XPS 15,5,1100,1450,7250,0.15,1087.5,6162.5,5500,662.5,10.75,Wire Transfer,2
ORD-2026-12672,2025-01-22,2025-01-25,2025,Q1,January,1,Standard Class,CUST-1004,Sophia Brown,Consumer,Mexico,Latin America,Federal District,Mexico City,PROD-TEC-184,Technology,Accessories,Dell 4K UltraSharp Monitor,4,340,489,1956,0.0,0.0,1956.0,1360,596.0,30.47,Wire Transfer,5
ORD-2024-13189,2025-01-22,2025-01-24,2025,Q1,January,1,Same Day,CUST-1019,Henry Jackson,Corporate,United States,North America,California,Los Angeles,PROD-FUR-133,Furniture,Bookcases,Solid Wood Library Cabinet,3,450,720,2160,0.0,0.0,2160.0,1350,810.0,37.5,Direct Debit,4
ORD-2024-11884,2025-01-22,2025-01-25,2025,Q1,January,1,Standard Class,CUST-1023,Jack Thompson,Consumer,United States,North America,California,Los Angeles,PROD-OFF-169,Office Supplies,Appliances,Heavy Duty Cross-Cut Shredder,3,90,165,495,0.1,49.5,445.5,270,175.5,39.39,Credit Card,5
ORD-2026-13455,2025-01-22,2025-01-24,2025,Q1,January,1,Standard Class,CUST-1022,Elizabeth Perez,Corporate,Singapore,Asia Pacific,Central,Singapore,PROD-TEC-158,Technology,Laptops,Dell XPS 15,3,1100,1450,4350,0.1,435.0,3915.0,3300,615.0,15.71,Credit Card,4
ORD-2026-12702,2025-01-23,2025-01-27,2025,Q1,January,1,Standard Class,CUST-1009,Benjamin Rodriguez,Consumer,Mexico,Latin America,Jalisco,Guadalajara,PROD-TEC-141,Technology,Laptops,ThinkPad X1 Carbon,8,1050,1399,11192,0.2,2238.4,8953.6,8400,553.6,6.18,Credit Card,4
ORD-2026-10017,2025-01-23,2025-01-24,2025,Q1,January,1,Standard Class,CUST-1029,Joseph Lewis,Corporate,Germany,Europe,Bavaria,Munich,PROD-FUR-185,Furniture,Bookcases,Glass Display Credenza,3,310,520,1560,0.0,0.0,1560.0,930,630.0,40.38,Credit Card,2
ORD-2026-10410,2025-01-23,2025-01-26,2025,Q1,January,1,Standard Class,CUST-1008,Mia Davis,Consumer,Japan,Asia Pacific,Kanto,Tokyo,PROD-TEC-187,Technology,Laptops,HP Spectre x360,2,920,1250,2500,0.0,0.0,2500.0,1840,660.0,26.4,Direct Debit,5
ORD-2025-13217,2025-01-23,2025-01-26,2025,Q1,January,1,First Class,CUST-1020,Emily Martin,Corporate,Australia,Asia Pacific,New South Wales,Sydney,PROD-FUR-112,Furniture,Bookcases,Solid Wood Library Cabinet,2,450,720,1440,0.15,216.0,1224.0,900,324.0,26.47,Credit Card,4
ORD-2024-11764,2025-01-24,2025-01-27,2025,Q1,January,1,Standard Class,CUST-1015,Daniel Anderson,Corporate,Germany,Europe,Berlin,Berlin,PROD-TEC-188,Technology,Accessories,Bose QuietComfort Headphones,2,180,279,558,0.0,0.0,558.0,360,198.0,35.48,Credit Card,1
ORD-2026-10251,2025-01-25,2025-01-28,2025,Q1,January,1,Standard Class,CUST-1027,Samuel Clark,Home Office,United States,North America,California,Los Angeles,PROD-TEC-119,Technology,Accessories,Anker USB-C Docking Hub,2,45,79,158,0.05,7.9,150.1,90,60.1,40.04,PayPal,5
ORD-2025-11645,2025-01-25,2025-01-27,2025,Q1,January,1,Standard Class,CUST-1022,Elizabeth Perez,Corporate,India,Asia Pacific,Karnataka,Bangalore,PROD-OFF-114,Office Supplies,Storage,Locking Security Storage Box,2,65,115,230,0.0,0.0,230.0,130,100.0,43.48,Direct Debit,5
ORD-2026-10578,2025-01-25,2025-01-27,2025,Q1,January,1,Standard Class,CUST-1017,Matthew Taylor,Consumer,Germany,Europe,Berlin,Berlin,PROD-FUR-112,Furniture,Tables,Modular Team Workstation,1,640,990,990,0.05,49.5,940.5,640,300.5,31.95,Credit Card,4
ORD-2026-10617,2025-01-25,2025-01-28,2025,Q1,January,1,Second Class,CUST-1027,Samuel Clark,Consumer,United States,North America,Illinois,Chicago,PROD-TEC-112,Technology,Phones,iPhone 15 Pro,2,850,1099,2198,0.0,0.0,2198.0,1700,498.0,22.66,Credit Card,2
ORD-2026-12894,2025-01-25,2025-01-27,2025,Q1,January,1,Standard Class,CUST-1020,Emily Martin,Home Office,France,Europe,Île-de-France,Paris,PROD-OFF-184,Office Supplies,Appliances,Heavy Duty Cross-Cut Shredder,1,90,165,165,0.0,0.0,165.0,90,75.0,45.45,Credit Card,4
ORD-2024-11611,2025-01-26,2025-01-28,2025,Q1,January,1,Standard Class,CUST-1019,Henry Jackson,Consumer,United States,North America,California,Los Angeles,PROD-TEC-126,Technology,Laptops,Dell XPS 15,1,1100,1450,1450,0.0,0.0,1450.0,1100,350.0,24.14,Direct Debit,5
ORD-2026-10104,2025-01-26,2025-01-29,2025,Q1,January,1,Standard Class,CUST-1005,James Jones,Corporate,Australia,Asia Pacific,New South Wales,Sydney,PROD-OFF-162,Office Supplies,Storage,Locking Security Storage Box,5,65,115,575,0.15,86.25,488.75,325,163.75,33.5,Credit Card,3
ORD-2024-12970,2025-01-26,2025-01-29,2025,Q1,January,1,Standard Class,CUST-1020,Emily Martin,Consumer,United Kingdom,Europe,England,London,PROD-OFF-147,Office Supplies,Storage,Rolling Mobile Utility Cart,3,45,85,255,0.0,0.0,255.0,135,120.0,47.06,Direct Debit,4
ORD-2026-12021,2025-01-26,2025-01-29,2025,Q1,January,1,Same Day,CUST-1026,Ella Sanchez,Consumer,Canada,North America,Ontario,Toronto,PROD-TEC-153,Technology,Phones,Samsung Galaxy S24,4,720,950,3800,0.0,0.0,3800.0,2880,920.0,24.21,Wire Transfer,5
ORD-2026-13116,2025-01-26,2025-01-28,2025,Q1,January,1,Standard Class,CUST-1013,Alexander Gonzalez,Home Office,Mexico,Latin America,Jalisco,Guadalajara,PROD-TEC-149,Technology,Accessories,Dell 4K UltraSharp Monitor,1,340,489,489,0.1,48.9,440.1,340,100.1,22.74,Wire Transfer,3
ORD-2026-11910,2025-01-27,2025-01-30,2025,Q1,January,1,Standard Class,CUST-1019,Henry Jackson,Consumer,United States,North America,California,Los Angeles,PROD-TEC-103,Technology,Laptops,ThinkPad X1 Carbon,2,1050,1399,2798,0.05,139.9,2658.1,2100,558.1,21.0,Credit Card,5
ORD-2024-11029,2025-01-27,2025-01-29,2025,Q1,January,1,Second Class,CUST-1005,James Jones,Consumer,Australia,Asia Pacific,Victoria,Melbourne,PROD-OFF-132,Office Supplies,Storage,Heavy Duty 4-Drawer File Cabinet,4,130,220,880,0.0,0.0,880.0,520,360.0,40.91,Wire Transfer,5
ORD-2026-10602,2025-01-28,2025-01-31,2025,Q1,January,1,Second Class,CUST-1018,Abigail Moore,Consumer,Japan,Asia Pacific,Kanto,Tokyo,PROD-TEC-125,Technology,Accessories,Bose QuietComfort Headphones,4,180,279,1116,0.1,111.6,1004.4,720,284.4,28.32,PayPal,4
ORD-2024-12916,2025-01-28,2025-02-01,2025,Q1,January,1,Same Day,CUST-1019,Henry Jackson,Corporate,United States,North America,Texas,Houston,PROD-OFF-105,Office Supplies,Appliances,Heavy Duty Cross-Cut Shredder,3,90,165,495,0.05,24.75,470.25,270,200.25,42.58,PayPal,2
ORD-2025-10769,2025-01-28,2025-01-31,2025,Q1,January,1,Standard Class,CUST-1012,Amelia Lopez,Consumer,United Kingdom,Europe,England,London,PROD-FUR-104,Furniture,Chairs,Steelcase Gesture Chair,5,820,1250,6250,0.15,937.5,5312.5,4100,1212.5,22.82,Credit Card,4
ORD-2025-11540,2025-01-28,2025-01-30,2025,Q1,January,1,Second Class,CUST-1008,Mia Davis,Corporate,Germany,Europe,Bavaria,Munich,PROD-TEC-124,Technology,Phones,Samsung Galaxy S24,2,720,950,1900,0.0,0.0,1900.0,1440,460.0,24.21,Credit Card,5
ORD-2024-10069,2025-01-28,2025-02-01,2025,Q1,January,1,Standard Class,CUST-1012,Amelia Lopez,Corporate,France,Europe,Auvergne-Rhône-Alpes,Lyon,PROD-TEC-136,Technology,Accessories,Anker USB-C Docking Hub,1,45,79,79,0.1,7.9,71.1,45,26.1,36.71,PayPal,1
ORD-2025-12695,2025-01-30,2025-01-31,2025,Q1,January,1,Second Class,CUST-1026,Ella Sanchez,Home Office,United Kingdom,Europe,England,Manchester,PROD-TEC-170,Technology,Phones,Google Pixel 8,2,540,699,1398,0.0,0.0,1398.0,1080,318.0,22.75,PayPal,4
ORD-2026-10113,2025-01-30,2025-02-01,2025,Q1,January,1,Standard Class,CUST-1022,Elizabeth Perez,Consumer,Mexico,Latin America,Federal District,Mexico City,PROD-OFF-111,Office Supplies,Appliances,Smart Office Air Purifier Pro,2,140,249,498,0.1,49.8,448.2,280,168.2,37.53,Credit Card,5
ORD-2026-10098,2025-01-31,2025-02-03,2025,Q1,January,1,Standard Class,CUST-1019,Henry Jackson,Consumer,Germany,Europe,Berlin,Berlin,PROD-TEC-137,Technology,Phones,OnePlus 12,1,480,649,649,0.1,64.9,584.1,480,104.1,17.82,Direct Debit,4
ORD-2025-12533,2025-01-31,2025-02-05,2025,Q1,January,1,Second Class,CUST-1019,Henry Jackson,Corporate,United Kingdom,Europe,England,London,PROD-OFF-117,Office Supplies,Appliances,Smart Office Air Purifier Pro,1,140,249,249,0.05,12.45,236.55,140,96.55,40.82,Wire Transfer,4
ORD-2026-10233,2025-01-31,2025-02-02,2025,Q1,January,1,First Class,CUST-1011,Elijah Hernandez,Consumer,United States,North America,Texas,Houston,PROD-FUR-173,Furniture,Chairs,Steelcase Gesture Chair,1,820,1250,1250,0.05,62.5,1187.5,820,367.5,30.95,Wire Transfer,5
ORD-2025-12926,2025-01-31,2025-02-04,2025,Q1,January,1,First Class,CUST-1026,Ella Sanchez,Corporate,France,Europe,Auvergne-Rhône-Alpes,Lyon,PROD-OFF-190,Office Supplies,Storage,Heavy Duty 4-Drawer File Cabinet,1,130,220,220,0.05,11.0,209.0,130,79.0,37.8,Credit Card,5
ORD-2024-11317,2025-01-31,2025-02-02,2025,Q1,January,1,Standard Class,CUST-1002,Olivia Smith,Corporate,United States,North America,New York,New York,PROD-FUR-147,Furniture,Chairs,Herman Miller Aeron Chair,2,750,1195,2390,0.1,239.0,2151.0,1500,651.0,30.26,Direct Debit,5
ORD-2026-11367,2025-02-01,2025-02-03,2025,Q1,February,2,Standard Class,CUST-1029,Joseph Lewis,Corporate,United States,North America,California,Los Angeles,PROD-TEC-153,Technology,Phones,Samsung Galaxy S24,1,720,950,950,0.05,47.5,902.5,720,182.5,20.22,Credit Card,3
ORD-2025-10286,2025-02-01,2025-02-04,2025,Q1,February,2,Standard Class,CUST-1010,Charlotte Martinez,Consumer,France,Europe,Île-de-France,Paris,PROD-TEC-197,Technology,Accessories,Logitech MX Master 3S,4,55,99,396,0.0,0.0,396.0,220,176.0,44.44,PayPal,5
ORD-2024-13378,2025-02-01,2025-02-04,2025,Q1,February,2,Same Day,CUST-1001,Liam Johnson,Consumer,Brazil,Latin America,São Paulo,São Paulo,PROD-TEC-154,Technology,Laptops,ThinkPad X1 Carbon,2,1050,1399,2798,0.0,0.0,2798.0,2100,698.0,24.95,PayPal,5
ORD-2024-11290,2025-02-01,2025-02-02,2025,Q1,February,2,Same Day,CUST-1000,Emma Watson,Consumer,Singapore,Asia Pacific,Central,Singapore,PROD-OFF-107,Office Supplies,Appliances,Smart Office Air Purifier Pro,3,140,249,747,0.0,0.0,747.0,420,327.0,43.78,Wire Transfer,5
ORD-2025-10949,2025-02-01,2025-02-07,2025,Q1,February,2,First Class,CUST-1011,Elijah Hernandez,Corporate,Germany,Europe,Berlin,Berlin,PROD-TEC-191,Technology,Laptops,HP Spectre x360,5,920,1250,6250,0.2,1250.0,5000.0,4600,400.0,8.0,Direct Debit,5
ORD-2024-12076,2025-02-01,2025-02-04,2025,Q1,February,2,Second Class,CUST-1008,Mia Davis,Corporate,Brazil,Latin America,Rio de Janeiro,Rio de Janeiro,PROD-TEC-198,Technology,Phones,iPhone 15 Pro,2,850,1099,2198,0.05,109.9,2088.1,1700,388.1,18.59,Credit Card,5
ORD-2026-11508,2025-02-02,2025-02-06,2025,Q1,February,2,Second Class,CUST-1011,Elijah Hernandez,Consumer,United Kingdom,Europe,England,London,PROD-TEC-112,Technology,Laptops,Dell XPS 15,2,1100,1450,2900,0.05,145.0,2755.0,2200,555.0,20.15,PayPal,3
ORD-2025-13349,2025-02-02,2025-02-03,2025,Q1,February,2,Standard Class,CUST-1008,Mia Davis,Consumer,United States,North America,Illinois,Chicago,PROD-OFF-195,Office Supplies,Storage,Rolling Mobile Utility Cart,1,45,85,85,0.05,4.25,80.75,45,35.75,44.27,Credit Card,4
ORD-2024-12484,2025-02-03,2025-02-05,2025,Q1,February,2,Standard Class,CUST-1023,Jack Thompson,Corporate,United States,North America,Illinois,Chicago,PROD-OFF-176,Office Supplies,Paper,Heavyweight Cardstock Reams,1,16,32,32,0.1,3.2,28.8,16,12.8,44.44,Direct Debit,5
ORD-2025-12302,2025-02-03,2025-02-06,2025,Q1,February,2,Second Class,CUST-1003,Noah Williams,Consumer,Australia,Asia Pacific,New South Wales,Sydney,PROD-TEC-162,Technology,Phones,iPhone 15 Pro,4,850,1099,4396,0.05,219.8,4176.2,3400,776.2,18.59,Direct Debit,5
ORD-2026-12432,2025-02-04,2025-02-07,2025,Q1,February,2,Second Class,CUST-1017,Matthew Taylor,Consumer,Germany,Europe,Bavaria,Munich,PROD-TEC-132,Technology,Accessories,Logitech MX Master 3S,3,55,99,297,0.0,0.0,297.0,165,132.0,44.44,Wire Transfer,2
ORD-2024-11563,2025-02-04,2025-02-07,2025,Q1,February,2,Standard Class,CUST-1024,Avery White,Corporate,United States,North America,New York,New York,PROD-FUR-169,Furniture,Chairs,Executive Leather Recliner,1,260,420,420,0.05,21.0,399.0,260,139.0,34.84,Credit Card,5
ORD-2025-11483,2025-02-04,2025-02-06,2025,Q1,February,2,Standard Class,CUST-1016,Evelyn Thomas,Home Office,France,Europe,Auvergne-Rhône-Alpes,Lyon,PROD-TEC-130,Technology,Phones,OnePlus 12,4,480,649,2596,0.0,0.0,2596.0,1920,676.0,26.04,Direct Debit,5
ORD-2026-11058,2025-02-04,2025-02-08,2025,Q1,February,2,Standard Class,CUST-1008,Mia Davis,Corporate,France,Europe,Île-de-France,Paris,PROD-TEC-118,Technology,Accessories,Dell 4K UltraSharp Monitor,1,340,489,489,0.05,24.45,464.55,340,124.55,26.81,Credit Card,4
ORD-2024-12337,2025-02-05,2025-02-07,2025,Q1,February,2,Standard Class,CUST-1018,Abigail Moore,Home Office,France,Europe,Auvergne-Rhône-Alpes,Lyon,PROD-FUR-131,Furniture,Bookcases,Modern 5-Tier Industrial Bookshelf,5,110,195,975,0.1,97.5,877.5,550,327.5,37.32,Credit Card,5
ORD-2025-11948,2025-02-06,2025-02-07,2025,Q1,February,2,First Class,CUST-1015,Daniel Anderson,Home Office,Mexico,Latin America,Jalisco,Guadalajara,PROD-FUR-118,Furniture,Chairs,Executive Leather Recliner,1,260,420,420,0.0,0.0,420.0,260,160.0,38.1,Credit Card,3
ORD-2025-10712,2025-02-06,2025-02-08,2025,Q1,February,2,Second Class,CUST-1018,Abigail Moore,Consumer,Singapore,Asia Pacific,Central,Singapore,PROD-FUR-177,Furniture,Tables,Coffee Break Lounge Table,4,120,210,840,0.05,42.0,798.0,480,318.0,39.85,Wire Transfer,4
ORD-2025-11318,2025-02-06,2025-02-09,2025,Q1,February,2,Second Class,CUST-1028,Chloe Ramirez,Consumer,United States,North America,Texas,Houston,PROD-OFF-166,Office Supplies,Storage,Locking Security Storage Box,4,65,115,460,0.0,0.0,460.0,260,200.0,43.48,Credit Card,4
ORD-2024-12412,2025-02-06,2025-02-09,2025,Q1,February,2,Standard Class,CUST-1023,Jack Thompson,Corporate,United Kingdom,Europe,England,Manchester,PROD-TEC-155,Technology,Laptops,Dell XPS 15,3,1100,1450,4350,0.0,0.0,4350.0,3300,1050.0,24.14,Wire Transfer,5
ORD-2026-10875,2025-02-06,2025-02-10,2025,Q1,February,2,Standard Class,CUST-1012,Amelia Lopez,Consumer,Canada,North America,British Columbia,Vancouver,PROD-OFF-103,Office Supplies,Paper,Heavyweight Cardstock Reams,4,16,32,128,0.0,0.0,128.0,64,64.0,50.0,Wire Transfer,5
ORD-2026-10488,2025-02-06,2025-02-11,2025,Q1,February,2,First Class,CUST-1009,Benjamin Rodriguez,Consumer,Australia,Asia Pacific,New South Wales,Sydney,PROD-TEC-181,Technology,Phones,OnePlus 12,2,480,649,1298,0.05,64.9,1233.1,960,273.1,22.15,Wire Transfer,4
ORD-2024-11419,2025-02-06,2025-02-09,2025,Q1,February,2,Second Class,CUST-1013,Alexander Gonzalez,Corporate,Mexico,Latin America,Federal District,Mexico City,PROD-TEC-119,Technology,Phones,OnePlus 12,4,480,649,2596,0.0,0.0,2596.0,1920,676.0,26.04,Credit Card,5
ORD-2024-13033,2025-02-06,2025-02-08,2025,Q1,February,2,Standard Class,CUST-1021,Sebastian Lee,Corporate,United States,North America,Illinois,Chicago,PROD-OFF-175,Office Supplies,Appliances,Heavy Duty Cross-Cut Shredder,1,90,165,165,0.05,8.25,156.75,90,66.75,42.58,Direct Debit,5
ORD-2026-10416,2025-02-06,2025-02-08,2025,Q1,February,2,Standard Class,CUST-1004,Sophia Brown,Corporate,France,Europe,Île-de-France,Paris,PROD-FUR-114,Furniture,Tables,Modular Team Workstation,1,640,990,990,0.0,0.0,990.0,640,350.0,35.35,PayPal,4
ORD-2025-11678,2025-02-06,2025-02-10,2025,Q1,February,2,Second Class,CUST-1019,Henry Jackson,Consumer,Canada,North America,British Columbia,Vancouver,PROD-FUR-169,Furniture,Tables,Coffee Break Lounge Table,1,120,210,210,0.1,21.0,189.0,120,69.0,36.51,Credit Card,1
ORD-2026-12321,2025-02-07,2025-02-08,2025,Q1,February,2,First Class,CUST-1024,Avery White,Corporate,India,Asia Pacific,Maharashtra,Mumbai,PROD-FUR-181,Furniture,Chairs,Steelcase Gesture Chair,8,820,1250,10000,0.15,1500.0,8500.0,6560,1940.0,22.82,Wire Transfer,5
ORD-2024-11173,2025-02-07,2025-02-09,2025,Q1,February,2,Standard Class,CUST-1014,Harper Wilson,Consumer,Australia,Asia Pacific,New South Wales,Sydney,PROD-TEC-147,Technology,Accessories,Bose QuietComfort Headphones,3,180,279,837,0.0,0.0,837.0,540,297.0,35.48,Credit Card,4
ORD-2025-12335,2025-02-07,2025-02-11,2025,Q1,February,2,Second Class,CUST-1007,Lucas Miller,Consumer,Australia,Asia Pacific,New South Wales,Sydney,PROD-OFF-180,Office Supplies,Storage,Locking Security Storage Box,2,65,115,230,0.0,0.0,230.0,130,100.0,43.48,Wire Transfer,4
ORD-2026-12093,2025-02-08,2025-02-11,2025,Q1,February,2,Standard Class,CUST-1006,Isabella Garcia,Consumer,Canada,North America,Ontario,Toronto,PROD-OFF-141,Office Supplies,Storage,Locking Security Storage Box,2,65,115,230,0.05,11.5,218.5,130,88.5,40.5,Wire Transfer,5
ORD-2024-11872,2025-02-08,2025-02-10,2025,Q1,February,2,Second Class,CUST-1011,Elijah Hernandez,Consumer,Singapore,Asia Pacific,Central,Singapore,PROD-OFF-130,Office Supplies,Paper,Heavyweight Cardstock Reams,1,16,32,32,0.0,0.0,32.0,16,16.0,50.0,PayPal,4
ORD-2026-12696,2025-02-08,2025-02-11,2025,Q1,February,2,First Class,CUST-1006,Isabella Garcia,Consumer,United States,North America,California,Los Angeles,PROD-TEC-150,Technology,Accessories,Dell 4K UltraSharp Monitor,1,340,489,489,0.0,0.0,489.0,340,149.0,30.47,PayPal,2
ORD-2025-11753,2025-02-09,2025-02-11,2025,Q1,February,2,Standard Class,CUST-1011,Elijah Hernandez,Corporate,Brazil,Latin America,São Paulo,São Paulo,PROD-OFF-165,Office Supplies,Appliances,Commercial Espresso Barista Machine,1,620,950,950,0.05,47.5,902.5,620,282.5,31.3,Direct Debit,5
ORD-2026-13131,2025-02-09,2025-02-12,2025,Q1,February,2,Standard Class,CUST-1005,James Jones,Consumer,Canada,North America,British Columbia,Vancouver,PROD-FUR-129,Furniture,Chairs,Steelcase Gesture Chair,2,820,1250,2500,0.0,0.0,2500.0,1640,860.0,34.4,Credit Card,4
ORD-2026-11055,2025-02-09,2025-02-12,2025,Q1,February,2,Standard Class,CUST-1027,Samuel Clark,Consumer,United States,North America,California,Los Angeles,PROD-TEC-176,Technology,Accessories,Dell 4K UltraSharp Monitor,2,340,489,978,0.0,0.0,978.0,680,298.0,30.47,Credit Card,4
ORD-2025-11399,2025-02-09,2025-02-11,2025,Q1,February,2,Standard Class,CUST-1010,Charlotte Martinez,Corporate,United States,North America,California,Los Angeles,PROD-TEC-171,Technology,Accessories,Bose QuietComfort Headphones,3,180,279,837,0.15,125.55,711.45,540,171.45,24.1,Wire Transfer,5
ORD-2024-13330,2025-02-09,2025-02-12,2025,Q1,February,2,Standard Class,CUST-1006,Isabella Garcia,Corporate,United States,North America,New York,New York,PROD-OFF-185,Office Supplies,Storage,Rolling Mobile Utility Cart,3,45,85,255,0.15,38.25,216.75,135,81.75,37.72,Credit Card,4
ORD-2025-11369,2025-02-09,2025-02-13,2025,Q1,February,2,Standard Class,CUST-1000,Emma Watson,Consumer,Singapore,Asia Pacific,Central,Singapore,PROD-TEC-173,Technology,Accessories,Bose QuietComfort Headphones,5,180,279,1395,0.1,139.5,1255.5,900,355.5,28.32,Wire Transfer,5
ORD-2024-12313,2025-02-10,2025-02-11,2025,Q1,February,2,Standard Class,CUST-1011,Elijah Hernandez,Home Office,United States,North America,California,Los Angeles,PROD-TEC-144,Technology,Laptops,Dell XPS 15,2,1100,1450,2900,0.05,145.0,2755.0,2200,555.0,20.15,Wire Transfer,1
ORD-2024-13426,2025-02-10,2025-02-14,2025,Q1,February,2,Standard Class,CUST-1020,Emily Martin,Consumer,Australia,Asia Pacific,Victoria,Melbourne,PROD-OFF-135,Office Supplies,Appliances,Smart Office Air Purifier Pro,3,140,249,747,0.0,0.0,747.0,420,327.0,43.78,Credit Card,4
ORD-2026-11340,2025-02-10,2025-02-11,2025,Q1,February,2,Standard Class,CUST-1014,Harper Wilson,Consumer,Canada,North America,Ontario,Toronto,PROD-FUR-126,Furniture,Chairs,Ergonomic Mesh Task Chair,2,160,289,578,0.0,0.0,578.0,320,258.0,44.64,Wire Transfer,5
ORD-2025-11843,2025-02-10,2025-02-13,2025,Q1,February,2,Standard Class,CUST-1010,Charlotte Martinez,Consumer,Germany,Europe,Bavaria,Munich,PROD-OFF-146,Office Supplies,Storage,Heavy Duty 4-Drawer File Cabinet,1,130,220,220,0.0,0.0,220.0,130,90.0,40.91,Wire Transfer,5
ORD-2025-11150,2025-02-10,2025-02-15,2025,Q1,February,2,Second Class,CUST-1008,Mia Davis,Consumer,United States,North America,California,Los Angeles,PROD-FUR-141,Furniture,Chairs,Ergonomic Mesh Task Chair,2,160,289,578,0.1,57.8,520.2,320,200.2,38.49,Credit Card,3
ORD-2025-11810,2025-02-10,2025-02-14,2025,Q1,February,2,Second Class,CUST-1005,James Jones,Consumer,Canada,North America,Ontario,Toronto,PROD-TEC-156,Technology,Laptops,HP Spectre x360,2,920,1250,2500,0.05,125.0,2375.0,1840,535.0,22.53,Wire Transfer,4
ORD-2026-10164,2025-02-10,2025-02-11,2025,Q1,February,2,Same Day,CUST-1014,Harper Wilson,Corporate,Brazil,Latin America,Rio de Janeiro,Rio de Janeiro,PROD-TEC-112,Technology,Phones,iPhone 15 Pro,2,850,1099,2198,0.0,0.0,2198.0,1700,498.0,22.66,Wire Transfer,4
ORD-2025-12080,2025-02-11,2025-02-16,2025,Q1,February,2,Second Class,CUST-1004,Sophia Brown,Consumer,Canada,North America,British Columbia,Vancouver,PROD-TEC-150,Technology,Phones,Samsung Galaxy S24,8,720,950,7600,0.1,760.0,6840.0,5760,1080.0,15.79,Wire Transfer,4
ORD-2024-11809,2025-02-11,2025-02-15,2025,Q1,February,2,Standard Class,CUST-1016,Evelyn Thomas,Corporate,Mexico,Latin America,Jalisco,Guadalajara,PROD-OFF-168,Office Supplies,Paper,Executive Recycled Notepad Pack,5,12,24,120,0.15,18.0,102.0,60,42.0,41.18,Credit Card,4
ORD-2024-10801,2025-02-11,2025-02-15,2025,Q1,February,2,Standard Class,CUST-1009,Benjamin Rodriguez,Consumer,Canada,North America,British Columbia,Vancouver,PROD-TEC-149,Technology,Laptops,MacBook Air M3,3,890,1199,3597,0.0,0.0,3597.0,2670,927.0,25.77,PayPal,5
ORD-2026-11592,2025-02-11,2025-02-12,2025,Q1,February,2,Standard Class,CUST-1029,Joseph Lewis,Corporate,United States,North America,California,Los Angeles,PROD-OFF-176,Office Supplies,Paper,Executive Recycled Notepad Pack,5,12,24,120,0.2,24.0,96.0,60,36.0,37.5,Wire Transfer,5
ORD-2024-11647,2025-02-11,2025-02-14,2025,Q1,February,2,Second Class,CUST-1022,Elizabeth Perez,Consumer,India,Asia Pacific,Karnataka,Bangalore,PROD-FUR-158,Furniture,Chairs,Ergonomic Mesh Task Chair,2,160,289,578,0.0,0.0,578.0,320,258.0,44.64,Wire Transfer,5
ORD-2026-10917,2025-02-11,2025-02-14,2025,Q1,February,2,Standard Class,CUST-1002,Olivia Smith,Consumer,France,Europe,Auvergne-Rhône-Alpes,Lyon,PROD-FUR-192,Furniture,Tables,Solid Oak Conference Table,2,980,1480,2960,0.0,0.0,2960.0,1960,1000.0,33.78,Credit Card,5
ORD-2024-10174,2025-02-11,2025-02-16,2025,Q1,February,2,Standard Class,CUST-1022,Elizabeth Perez,Corporate,Brazil,Latin America,Rio de Janeiro,Rio de Janeiro,PROD-TEC-147,Technology,Laptops,HP Spectre x360,1,920,1250,1250,0.05,62.5,1187.5,920,267.5,22.53,Wire Transfer,5
ORD-2026-10575,2025-02-11,2025-02-13,2025,Q1,February,2,Second Class,CUST-1006,Isabella Garcia,Consumer,France,Europe,Île-de-France,Paris,PROD-OFF-144,Office Supplies,Appliances,Smart Office Air Purifier Pro,4,140,249,996,0.0,0.0,996.0,560,436.0,43.78,Credit Card,4
ORD-2026-11277,2025-02-12,2025-02-14,2025,Q1,February,2,Second Class,CUST-1010,Charlotte Martinez,Consumer,Mexico,Latin America,Jalisco,Guadalajara,PROD-TEC-161,Technology,Phones,Google Pixel 8,10,540,699,6990,0.15,1048.5,5941.5,5400,541.5,9.11,Direct Debit,4
ORD-2026-11940,2025-02-12,2025-02-14,2025,Q1,February,2,First Class,CUST-1007,Lucas Miller,Consumer,United States,North America,Illinois,Chicago,PROD-FUR-143,Furniture,Bookcases,Solid Wood Library Cabinet,1,450,720,720,0.0,0.0,720.0,450,270.0,37.5,Wire Transfer,5
ORD-2025-11495,2025-02-13,2025-02-16,2025,Q1,February,2,Standard Class,CUST-1009,Benjamin Rodriguez,Corporate,United States,North America,New York,New York,PROD-TEC-126,Technology,Accessories,Anker USB-C Docking Hub,2,45,79,158,0.0,0.0,158.0,90,68.0,43.04,Credit Card,5
ORD-2024-13018,2025-02-13,2025-02-15,2025,Q1,February,2,Second Class,CUST-1015,Daniel Anderson,Corporate,Singapore,Asia Pacific,Central,Singapore,PROD-FUR-124,Furniture,Chairs,Steelcase Gesture Chair,4,820,1250,5000,0.0,0.0,5000.0,3280,1720.0,34.4,Wire Transfer,5
ORD-2024-13453,2025-02-13,2025-02-15,2025,Q1,February,2,Standard Class,CUST-1001,Liam Johnson,Corporate,Mexico,Latin America,Jalisco,Guadalajara,PROD-FUR-144,Furniture,Bookcases,Glass Display Credenza,10,310,520,5200,0.15,780.0,4420.0,3100,1320.0,29.86,Direct Debit,5
ORD-2024-12778,2025-02-14,2025-02-17,2025,Q1,February,2,Standard Class,CUST-1025,David Harris,Corporate,Australia,Asia Pacific,Victoria,Melbourne,PROD-TEC-187,Technology,Accessories,Anker USB-C Docking Hub,2,45,79,158,0.0,0.0,158.0,90,68.0,43.04,Wire Transfer,4
ORD-2026-11862,2025-02-14,2025-02-17,2025,Q1,February,2,First Class,CUST-1015,Daniel Anderson,Consumer,France,Europe,Île-de-France,Paris,PROD-FUR-184,Furniture,Bookcases,Glass Display Credenza,1,310,520,520,0.0,0.0,520.0,310,210.0,40.38,PayPal,4
ORD-2024-11212,2025-02-14,2025-02-16,2025,Q1,February,2,Second Class,CUST-1000,Emma Watson,Consumer,Germany,Europe,Berlin,Berlin,PROD-FUR-146,Furniture,Bookcases,Glass Display Credenza,2,310,520,1040,0.05,52.0,988.0,620,368.0,37.25,Wire Transfer,5
ORD-2024-10216,2025-02-14,2025-02-16,2025,Q1,February,2,Second Class,CUST-1020,Emily Martin,Consumer,United Kingdom,Europe,England,London,PROD-TEC-183,Technology,Phones,Samsung Galaxy S24,2,720,950,1900,0.0,0.0,1900.0,1440,460.0,24.21,Direct Debit,4
ORD-2026-10419,2025-02-14,2025-02-15,2025,Q1,February,2,Same Day,CUST-1020,Emily Martin,Consumer,Germany,Europe,Berlin,Berlin,PROD-TEC-183,Technology,Laptops,ThinkPad X1 Carbon,1,1050,1399,1399,0.0,0.0,1399.0,1050,349.0,24.95,Direct Debit,4
ORD-2026-11013,2025-02-14,2025-02-17,2025,Q1,February,2,Standard Class,CUST-1029,Joseph Lewis,Home Office,United States,North America,California,Los Angeles,PROD-TEC-158,Technology,Phones,Samsung Galaxy S24,3,720,950,2850,0.0,0.0,2850.0,2160,690.0,24.21,Wire Transfer,5
ORD-2026-11151,2025-02-14,2025-02-16,2025,Q1,February,2,Standard Class,CUST-1002,Olivia Smith,Consumer,United States,North America,California,Los Angeles,PROD-FUR-101,Furniture,Chairs,Ergonomic Mesh Task Chair,2,160,289,578,0.0,0.0,578.0,320,258.0,44.64,Credit Card,4
ORD-2025-10493,2025-02-14,2025-02-17,2025,Q1,February,2,Second Class,CUST-1004,Sophia Brown,Consumer,Canada,North America,Ontario,Toronto,PROD-TEC-199,Technology,Accessories,Anker USB-C Docking Hub,5,45,79,395,0.1,39.5,355.5,225,130.5,36.71,Wire Transfer,5
ORD-2024-13477,2025-02-15,2025-02-18,2025,Q1,February,2,Standard Class,CUST-1009,Benjamin Rodriguez,Home Office,Germany,Europe,Berlin,Berlin,PROD-FUR-103,Furniture,Chairs,Steelcase Gesture Chair,6,820,1250,7500,0.1,750.0,6750.0,4920,1830.0,27.11,PayPal,4
ORD-2025-10202,2025-02-15,2025-02-16,2025,Q1,February,2,Standard Class,CUST-1019,Henry Jackson,Consumer,United States,North America,New York,New York,PROD-FUR-169,Furniture,Chairs,Ergonomic Mesh Task Chair,2,160,289,578,0.0,0.0,578.0,320,258.0,44.64,PayPal,4
ORD-2025-12332,2025-02-16,2025-02-19,2025,Q1,February,2,Standard Class,CUST-1019,Henry Jackson,Consumer,United States,North America,Texas,Houston,PROD-TEC-190,Technology,Accessories,Logitech MX Master 3S,5,55,99,495,0.2,99.0,396.0,275,121.0,30.56,Credit Card,5
ORD-2024-11005,2025-02-16,2025-02-17,2025,Q1,February,2,Second Class,CUST-1010,Charlotte Martinez,Consumer,United States,North America,Texas,Houston,PROD-FUR-187,Furniture,Tables,Smart Motorized Standing Desk,2,320,560,1120,0.0,0.0,1120.0,640,480.0,42.86,Credit Card,5
ORD-2025-11798,2025-02-16,2025-02-19,2025,Q1,February,2,Standard Class,CUST-1008,Mia Davis,Consumer,Mexico,Latin America,Jalisco,Guadalajara,PROD-OFF-187,Office Supplies,Paper,Heavyweight Cardstock Reams,4,16,32,128,0.05,6.4,121.6,64,57.6,47.37,Credit Card,5
ORD-2024-11416,2025-02-16,2025-02-18,2025,Q1,February,2,First Class,CUST-1024,Avery White,Corporate,United Kingdom,Europe,England,London,PROD-OFF-138,Office Supplies,Paper,Heavyweight Cardstock Reams,1,16,32,32,0.0,0.0,32.0,16,16.0,50.0,Wire Transfer,4
ORD-2026-13173,2025-02-16,2025-02-18,2025,Q1,February,2,Standard Class,CUST-1014,Harper Wilson,Corporate,India,Asia Pacific,Maharashtra,Mumbai,PROD-TEC-198,Technology,Phones,Samsung Galaxy S24,3,720,950,2850,0.0,0.0,2850.0,2160,690.0,24.21,Wire Transfer,5
ORD-2025-11633,2025-02-18,2025-02-20,2025,Q1,February,2,Standard Class,CUST-1027,Samuel Clark,Corporate,United States,North America,California,Los Angeles,PROD-OFF-149,Office Supplies,Paper,Heavyweight Cardstock Reams,3,16,32,96,0.05,4.8,91.2,48,43.2,47.37,Credit Card,5
ORD-2026-10512,2025-02-18,2025-02-22,2025,Q1,February,2,Same Day,CUST-1019,Henry Jackson,Corporate,Canada,North America,Ontario,Toronto,PROD-TEC-139,Technology,Accessories,Anker USB-C Docking Hub,1,45,79,79,0.0,0.0,79.0,45,34.0,43.04,Credit Card,4
ORD-2025-12968,2025-02-18,2025-02-21,2025,Q1,February,2,Second Class,CUST-1016,Evelyn Thomas,Corporate,United Kingdom,Europe,England,London,PROD-TEC-157,Technology,Phones,Samsung Galaxy S24,3,720,950,2850,0.05,142.5,2707.5,2160,547.5,20.22,Direct Debit,3
ORD-2025-12404,2025-02-19,2025-02-22,2025,Q1,February,2,Standard Class,CUST-1011,Elijah Hernandez,Home Office,Singapore,Asia Pacific,Central,Singapore,PROD-FUR-163,Furniture,Tables,Coffee Break Lounge Table,5,120,210,1050,0.15,157.5,892.5,600,292.5,32.77,Credit Card,4
ORD-2025-11780,2025-02-19,2025-02-21,2025,Q1,February,2,Standard Class,CUST-1002,Olivia Smith,Corporate,Australia,Asia Pacific,New South Wales,Sydney,PROD-FUR-136,Furniture,Bookcases,Modern 5-Tier Industrial Bookshelf,2,110,195,390,0.0,0.0,390.0,220,170.0,43.59,Credit Card,5
ORD-2025-10400,2025-02-19,2025-02-21,2025,Q1,February,2,Standard Class,CUST-1021,Sebastian Lee,Consumer,Canada,North America,Ontario,Toronto,PROD-TEC-120,Technology,Laptops,HP Spectre x360,1,920,1250,1250,0.1,125.0,1125.0,920,205.0,18.22,Credit Card,5
ORD-2025-13424,2025-02-19,2025-02-20,2025,Q1,February,2,Standard Class,CUST-1010,Charlotte Martinez,Consumer,Canada,North America,British Columbia,Vancouver,PROD-TEC-154,Technology,Laptops,HP Spectre x360,1,920,1250,1250,0.0,0.0,1250.0,920,330.0,26.4,Direct Debit,5
ORD-2025-11999,2025-02-20,2025-02-23,2025,Q1,February,2,First Class,CUST-1029,Joseph Lewis,Consumer,United States,North America,California,Los Angeles,PROD-TEC-119,Technology,Phones,iPhone 15 Pro,1,850,1099,1099,0.0,0.0,1099.0,850,249.0,22.66,Credit Card,5
ORD-2025-12167,2025-02-20,2025-02-22,2025,Q1,February,2,First Class,CUST-1011,Elijah Hernandez,Consumer,Australia,Asia Pacific,New South Wales,Sydney,PROD-FUR-108,Furniture,Bookcases,Modern 5-Tier Industrial Bookshelf,6,110,195,1170,0.2,234.0,936.0,660,276.0,29.49,Credit Card,5
ORD-2026-11760,2025-02-20,2025-02-23,2025,Q1,February,2,Second Class,CUST-1019,Henry Jackson,Consumer,United States,North America,New York,New York,PROD-FUR-181,Furniture,Tables,Coffee Break Lounge Table,2,120,210,420,0.1,42.0,378.0,240,138.0,36.51,Credit Card,4
ORD-2024-12244,2025-02-21,2025-02-24,2025,Q1,February,2,Standard Class,CUST-1004,Sophia Brown,Consumer,United States,North America,Illinois,Chicago,PROD-TEC-190,Technology,Accessories,Dell 4K UltraSharp Monitor,2,340,489,978,0.05,48.9,929.1,680,249.1,26.81,PayPal,5
ORD-2026-12132,2025-02-21,2025-02-23,2025,Q1,February,2,Standard Class,CUST-1000,Emma Watson,Consumer,France,Europe,Île-de-France,Paris,PROD-FUR-128,Furniture,Bookcases,Solid Wood Library Cabinet,1,450,720,720,0.0,0.0,720.0,450,270.0,37.5,Credit Card,1
ORD-2024-12775,2025-02-21,2025-02-22,2025,Q1,February,2,Standard Class,CUST-1021,Sebastian Lee,Corporate,Germany,Europe,Berlin,Berlin,PROD-FUR-168,Furniture,Tables,Coffee Break Lounge Table,3,120,210,630,0.0,0.0,630.0,360,270.0,42.86,Direct Debit,4
ORD-2025-10541,2025-02-21,2025-02-24,2025,Q1,February,2,Standard Class,CUST-1010,Charlotte Martinez,Consumer,Australia,Asia Pacific,Victoria,Melbourne,PROD-TEC-153,Technology,Laptops,Dell XPS 15,5,1100,1450,7250,0.1,725.0,6525.0,5500,1025.0,15.71,Direct Debit,3
ORD-2025-10652,2025-02-21,2025-02-24,2025,Q1,February,2,Second Class,CUST-1007,Lucas Miller,Consumer,United Kingdom,Europe,England,London,PROD-FUR-139,Furniture,Bookcases,Modern 5-Tier Industrial Bookshelf,1,110,195,195,0.0,0.0,195.0,110,85.0,43.59,Direct Debit,4
ORD-2024-12805,2025-02-22,2025-02-28,2025,Q1,February,2,Standard Class,CUST-1015,Daniel Anderson,Corporate,Australia,Asia Pacific,New South Wales,Sydney,PROD-OFF-122,Office Supplies,Appliances,Smart Office Air Purifier Pro,2,140,249,498,0.05,24.9,473.1,280,193.1,40.82,Credit Card,5
ORD-2025-11486,2025-02-22,2025-02-23,2025,Q1,February,2,Standard Class,CUST-1017,Matthew Taylor,Consumer,United States,North America,New York,New York,PROD-TEC-126,Technology,Accessories,Bose QuietComfort Headphones,8,180,279,2232,0.1,223.2,2008.8,1440,568.8,28.32,PayPal,3
ORD-2025-10307,2025-02-22,2025-02-24,2025,Q1,February,2,Standard Class,CUST-1020,Emily Martin,Corporate,Canada,North America,Ontario,Toronto,PROD-FUR-188,Furniture,Tables,Modular Team Workstation,2,640,990,1980,0.0,0.0,1980.0,1280,700.0,35.35,Wire Transfer,4
ORD-2025-11735,2025-02-22,2025-02-25,2025,Q1,February,2,Standard Class,CUST-1008,Mia Davis,Home Office,Japan,Asia Pacific,Kanto,Tokyo,PROD-FUR-101,Furniture,Bookcases,Modern 5-Tier Industrial Bookshelf,2,110,195,390,0.0,0.0,390.0,220,170.0,43.59,Wire Transfer,5
ORD-2025-12941,2025-02-23,2025-02-28,2025,Q1,February,2,First Class,CUST-1017,Matthew Taylor,Consumer,Germany,Europe,Bavaria,Munich,PROD-FUR-170,Furniture,Tables,Modular Team Workstation,1,640,990,990,0.1,99.0,891.0,640,251.0,28.17,Wire Transfer,4
ORD-2025-12317,2025-02-23,2025-02-25,2025,Q1,February,2,Second Class,CUST-1010,Charlotte Martinez,Corporate,United States,North America,Texas,Houston,PROD-FUR-161,Furniture,Bookcases,Solid Wood Library Cabinet,2,450,720,1440,0.05,72.0,1368.0,900,468.0,34.21,Credit Card,4
ORD-2024-11434,2025-02-23,2025-02-26,2025,Q1,February,2,Standard Class,CUST-1009,Benjamin Rodriguez,Consumer,United States,North America,Illinois,Chicago,PROD-FUR-139,Furniture,Bookcases,Glass Display Credenza,3,310,520,1560,0.1,156.0,1404.0,930,474.0,33.76,PayPal,4
ORD-2025-11741,2025-02-23,2025-02-27,2025,Q1,February,2,Standard Class,CUST-1028,Chloe Ramirez,Corporate,United Kingdom,Europe,England,Manchester,PROD-TEC-103,Technology,Accessories,Bose QuietComfort Headphones,2,180,279,558,0.1,55.8,502.2,360,142.2,28.32,Wire Transfer,3
ORD-2026-10734,2025-02-24,2025-02-28,2025,Q1,February,2,Second Class,CUST-1004,Sophia Brown,Consumer,Canada,North America,Ontario,Toronto,PROD-FUR-127,Furniture,Tables,Modular Team Workstation,4,640,990,3960,0.0,0.0,3960.0,2560,1400.0,35.35,Direct Debit,4
ORD-2026-12969,2025-02-24,2025-02-27,2025,Q1,February,2,First Class,CUST-1014,Harper Wilson,Consumer,United States,North America,New York,New York,PROD-FUR-165,Furniture,Bookcases,Glass Display Credenza,1,310,520,520,0.0,0.0,520.0,310,210.0,40.38,Direct Debit,5
ORD-2025-13409,2025-02-24,2025-02-27,2025,Q1,February,2,Same Day,CUST-1014,Harper Wilson,Consumer,United States,North America,Illinois,Chicago,PROD-FUR-182,Furniture,Chairs,Steelcase Gesture Chair,1,820,1250,1250,0.0,0.0,1250.0,820,430.0,34.4,Credit Card,3
ORD-2026-10854,2025-02-24,2025-02-26,2025,Q1,February,2,Standard Class,CUST-1007,Lucas Miller,Consumer,United Kingdom,Europe,England,London,PROD-FUR-103,Furniture,Bookcases,Solid Wood Library Cabinet,2,450,720,1440,0.0,0.0,1440.0,900,540.0,37.5,Wire Transfer,5
ORD-2024-11956,2025-02-24,2025-02-28,2025,Q1,February,2,Standard Class,CUST-1004,Sophia Brown,Corporate,Australia,Asia Pacific,Victoria,Melbourne,PROD-OFF-152,Office Supplies,Storage,Rolling Mobile Utility Cart,6,45,85,510,0.15,76.5,433.5,270,163.5,37.72,Credit Card,5
ORD-2025-10580,2025-02-24,2025-02-26,2025,Q1,February,2,Same Day,CUST-1004,Sophia Brown,Corporate,United Kingdom,Europe,England,London,PROD-TEC-127,Technology,Phones,Samsung Galaxy S24,2,720,950,1900,0.1,190.0,1710.0,1440,270.0,15.79,Wire Transfer,5
ORD-2026-11718,2025-02-25,2025-02-28,2025,Q1,February,2,Standard Class,CUST-1006,Isabella Garcia,Consumer,United Kingdom,Europe,England,London,PROD-TEC-122,Technology,Laptops,MacBook Air M3,2,890,1199,2398,0.05,119.9,2278.1,1780,498.1,21.86,Credit Card,5
ORD-2026-13374,2025-02-26,2025-03-02,2025,Q1,February,2,Second Class,CUST-1018,Abigail Moore,Consumer,Canada,North America,British Columbia,Vancouver,PROD-OFF-175,Office Supplies,Paper,Premium Multipurpose Laser Paper 5000ct,1,28,48,48,0.05,2.4,45.6,28,17.6,38.6,PayPal,4
ORD-2024-12199,2025-02-26,2025-02-28,2025,Q1,February,2,Standard Class,CUST-1006,Isabella Garcia,Consumer,France,Europe,Auvergne-Rhône-Alpes,Lyon,PROD-FUR-166,Furniture,Bookcases,Modern 5-Tier Industrial Bookshelf,1,110,195,195,0.05,9.75,185.25,110,75.25,40.62,Credit Card,5
ORD-2024-13111,2025-02-26,2025-03-01,2025,Q1,February,2,Standard Class,CUST-1025,David Harris,Corporate,United Kingdom,Europe,England,Manchester,PROD-TEC-134,Technology,Phones,iPhone 15 Pro,3,850,1099,3297,0.05,164.85,3132.15,2550,582.15,18.59,Credit Card,5
ORD-2024-13327,2025-02-26,2025-03-01,2025,Q1,February,2,Standard Class,CUST-1000,Emma Watson,Consumer,Japan,Asia Pacific,Kanto,Tokyo,PROD-FUR-116,Furniture,Tables,Smart Motorized Standing Desk,4,320,560,2240,0.0,0.0,2240.0,1280,960.0,42.86,Credit Card,5
ORD-2025-12605,2025-02-27,2025-03-01,2025,Q1,February,2,Standard Class,CUST-1009,Benjamin Rodriguez,Corporate,Australia,Asia Pacific,New South Wales,Sydney,PROD-OFF-163,Office Supplies,Storage,Locking Security Storage Box,3,65,115,345,0.1,34.5,310.5,195,115.5,37.2,Credit Card,5
ORD-2024-11182,2025-02-27,2025-03-01,2025,Q1,February,2,Standard Class,CUST-1011,Elijah Hernandez,Home Office,Brazil,Latin America,Rio de Janeiro,Rio de Janeiro,PROD-OFF-109,Office Supplies,Paper,Premium Multipurpose Laser Paper 5000ct,2,28,48,96,0.05,4.8,91.2,56,35.2,38.6,Credit Card,5
ORD-2025-12827,2025-02-27,2025-02-28,2025,Q1,February,2,Standard Class,CUST-1015,Daniel Anderson,Consumer,Mexico,Latin America,Federal District,Mexico City,PROD-FUR-138,Furniture,Chairs,Steelcase Gesture Chair,1,820,1250,1250,0.0,0.0,1250.0,820,430.0,34.4,Direct Debit,4
ORD-2024-11377,2025-02-27,2025-03-04,2025,Q1,February,2,Standard Class,CUST-1028,Chloe Ramirez,Corporate,Japan,Asia Pacific,Kanto,Tokyo,PROD-OFF-182,Office Supplies,Paper,Executive Recycled Notepad Pack,3,12,24,72,0.0,0.0,72.0,36,36.0,50.0,Credit Card,5
ORD-2024-11017,2025-02-27,2025-03-03,2025,Q1,February,2,Standard Class,CUST-1007,Lucas Miller,Home Office,United States,North America,Texas,Houston,PROD-TEC-104,Technology,Laptops,HP Spectre x360,1,920,1250,1250,0.05,62.5,1187.5,920,267.5,22.53,Credit Card,5
ORD-2026-10722,2025-02-27,2025-03-02,2025,Q1,February,2,Second Class,CUST-1016,Evelyn Thomas,Corporate,France,Europe,Auvergne-Rhône-Alpes,Lyon,PROD-FUR-199,Furniture,Tables,Modular Team Workstation,4,640,990,3960,0.0,0.0,3960.0,2560,1400.0,35.35,Credit Card,5
ORD-2024-12229,2025-02-28,2025-03-04,2025,Q1,February,2,Standard Class,CUST-1020,Emily Martin,Consumer,Japan,Asia Pacific,Kanto,Tokyo,PROD-OFF-172,Office Supplies,Paper,Executive Recycled Notepad Pack,1,12,24,24,0.05,1.2,22.8,12,10.8,47.37,Direct Debit,3
ORD-2024-12655,2025-02-28,2025-03-03,2025,Q1,February,2,Standard Class,CUST-1020,Emily Martin,Consumer,Singapore,Asia Pacific,Central,Singapore,PROD-TEC-165,Technology,Laptops,HP Spectre x360,2,920,1250,2500,0.0,0.0,2500.0,1840,660.0,26.4,PayPal,5
ORD-2026-10596,2025-02-28,2025-03-03,2025,Q1,February,2,Standard Class,CUST-1000,Emma Watson,Consumer,Australia,Asia Pacific,Victoria,Melbourne,PROD-TEC-186,Technology,Accessories,Logitech MX Master 3S,8,55,99,792,0.2,158.4,633.6,440,193.6,30.56,Wire Transfer,5
ORD-2026-12528,2025-02-28,2025-03-04,2025,Q1,February,2,Standard Class,CUST-1018,Abigail Moore,Consumer,United States,North America,New York,New York,PROD-TEC-112,Technology,Phones,Samsung Galaxy S24,2,720,950,1900,0.0,0.0,1900.0,1440,460.0,24.21,Wire Transfer,3
ORD-2025-11462,2025-02-28,2025-03-03,2025,Q1,February,2,Standard Class,CUST-1011,Elijah Hernandez,Consumer,Brazil,Latin America,São Paulo,São Paulo,PROD-TEC-178,Technology,Laptops,HP Spectre x360,2,920,1250,2500,0.0,0.0,2500.0,1840,660.0,26.4,Wire Transfer,5
ORD-2025-10892,2025-02-28,2025-03-04,2025,Q1,February,2,Standard Class,CUST-1005,James Jones,Home Office,Brazil,Latin America,Rio de Janeiro,Rio de Janeiro,PROD-TEC-104,Technology,Phones,Samsung Galaxy S24,2,720,950,1900,0.0,0.0,1900.0,1440,460.0,24.21,Wire Transfer,3
ORD-2025-12626,2025-03-01,2025-03-04,2025,Q1,March,3,Same Day,CUST-1029,Joseph Lewis,Consumer,Mexico,Latin America,Jalisco,Guadalajara,PROD-FUR-198,Furniture,Tables,Modular Team Workstation,6,640,990,5940,0.1,594.0,5346.0,3840,1506.0,28.17,Credit Card,5
ORD-2026-10281,2025-03-01,2025-03-04,2025,Q1,March,3,Standard Class,CUST-1011,Elijah Hernandez,Consumer,United States,North America,Illinois,Chicago,PROD-TEC-197,Technology,Laptops,Dell XPS 15,3,1100,1450,4350,0.0,0.0,4350.0,3300,1050.0,24.14,Wire Transfer,4
ORD-2025-11858,2025-03-01,2025-03-03,2025,Q1,March,3,Standard Class,CUST-1008,Mia Davis,Consumer,Canada,North America,Ontario,Toronto,PROD-TEC-103,Technology,Accessories,Anker USB-C Docking Hub,1,45,79,79,0.0,0.0,79.0,45,34.0,43.04,PayPal,5
ORD-2026-10761,2025-03-02,2025-03-05,2025,Q1,March,3,Second Class,CUST-1002,Olivia Smith,Home Office,United Kingdom,Europe,England,Manchester,PROD-TEC-105,Technology,Phones,iPhone 15 Pro,2,850,1099,2198,0.0,0.0,2198.0,1700,498.0,22.66,Credit Card,5
ORD-2025-10109,2025-03-02,2025-03-04,2025,Q1,March,3,Second Class,CUST-1016,Evelyn Thomas,Home Office,Canada,North America,Ontario,Toronto,PROD-FUR-103,Furniture,Bookcases,Glass Display Credenza,2,310,520,1040,0.0,0.0,1040.0,620,420.0,40.38,Wire Transfer,1
ORD-2025-10874,2025-03-02,2025-03-06,2025,Q1,March,3,Standard Class,CUST-1029,Joseph Lewis,Consumer,Mexico,Latin America,Federal District,Mexico City,PROD-TEC-194,Technology,Laptops,ThinkPad X1 Carbon,2,1050,1399,2798,0.05,139.9,2658.1,2100,558.1,21.0,Credit Card,5
ORD-2025-10985,2025-03-02,2025-03-05,2025,Q1,March,3,Standard Class,CUST-1004,Sophia Brown,Corporate,United States,North America,California,Los Angeles,PROD-FUR-130,Furniture,Chairs,Steelcase Gesture Chair,1,820,1250,1250,0.05,62.5,1187.5,820,367.5,30.95,Wire Transfer,5
ORD-2026-12729,2025-03-02,2025-03-04,2025,Q1,March,3,Standard Class,CUST-1011,Elijah Hernandez,Corporate,Brazil,Latin America,São Paulo,São Paulo,PROD-FUR-197,Furniture,Chairs,Executive Leather Recliner,3,260,420,1260,0.0,0.0,1260.0,780,480.0,38.1,Wire Transfer,3
ORD-2025-12845,2025-03-02,2025-03-03,2025,Q1,March,3,First Class,CUST-1009,Benjamin Rodriguez,Corporate,United States,North America,Texas,Houston,PROD-TEC-122,Technology,Laptops,MacBook Air M3,2,890,1199,2398,0.0,0.0,2398.0,1780,618.0,25.77,Credit Card,5
ORD-2025-12689,2025-03-03,2025-03-06,2025,Q1,March,3,Standard Class,CUST-1028,Chloe Ramirez,Home Office,United Kingdom,Europe,England,London,PROD-TEC-184,Technology,Accessories,Dell 4K UltraSharp Monitor,10,340,489,4890,0.1,489.0,4401.0,3400,1001.0,22.74,PayPal,4
ORD-2024-11065,2025-03-03,2025-03-04,2025,Q1,March,3,Standard Class,CUST-1011,Elijah Hernandez,Corporate,Australia,Asia Pacific,Victoria,Melbourne,PROD-TEC-199,Technology,Phones,OnePlus 12,4,480,649,2596,0.05,129.8,2466.2,1920,546.2,22.15,Credit Card,5
ORD-2026-11400,2025-03-03,2025-03-07,2025,Q1,March,3,Second Class,CUST-1021,Sebastian Lee,Corporate,Japan,Asia Pacific,Kanto,Tokyo,PROD-TEC-121,Technology,Laptops,HP Spectre x360,4,920,1250,5000,0.1,500.0,4500.0,3680,820.0,18.22,Direct Debit,3
ORD-2026-12873,2025-03-03,2025-03-09,2025,Q1,March,3,Standard Class,CUST-1011,Elijah Hernandez,Consumer,Australia,Asia Pacific,New South Wales,Sydney,PROD-TEC-131,Technology,Laptops,MacBook Air M3,3,890,1199,3597,0.0,0.0,3597.0,2670,927.0,25.77,PayPal,4
ORD-2025-12722,2025-03-03,2025-03-06,2025,Q1,March,3,Standard Class,CUST-1009,Benjamin Rodriguez,Consumer,Australia,Asia Pacific,Victoria,Melbourne,PROD-FUR-179,Furniture,Tables,Solid Oak Conference Table,2,980,1480,2960,0.05,148.0,2812.0,1960,852.0,30.3,Credit Card,5
ORD-2026-11049,2025-03-04,2025-03-07,2025,Q1,March,3,Standard Class,CUST-1026,Ella Sanchez,Home Office,France,Europe,Île-de-France,Paris,PROD-TEC-109,Technology,Phones,iPhone 15 Pro,1,850,1099,1099,0.0,0.0,1099.0,850,249.0,22.66,PayPal,4
ORD-2026-11916,2025-03-04,2025-03-08,2025,Q1,March,3,Standard Class,CUST-1002,Olivia Smith,Consumer,Mexico,Latin America,Federal District,Mexico City,PROD-FUR-163,Furniture,Bookcases,Modern 5-Tier Industrial Bookshelf,3,110,195,585,0.0,0.0,585.0,330,255.0,43.59,PayPal,4
ORD-2025-11060,2025-03-04,2025-03-08,2025,Q1,March,3,Standard Class,CUST-1027,Samuel Clark,Consumer,United States,North America,California,Los Angeles,PROD-FUR-105,Furniture,Bookcases,Modern 5-Tier Industrial Bookshelf,1,110,195,195,0.0,0.0,195.0,110,85.0,43.59,Credit Card,5
ORD-2026-11583,2025-03-05,2025-03-08,2025,Q1,March,3,Standard Class,CUST-1018,Abigail Moore,Corporate,India,Asia Pacific,Maharashtra,Mumbai,PROD-OFF-152,Office Supplies,Storage,Rolling Mobile Utility Cart,2,45,85,170,0.0,0.0,170.0,90,80.0,47.06,Credit Card,5
ORD-2025-10694,2025-03-05,2025-03-08,2025,Q1,March,3,Standard Class,CUST-1025,David Harris,Consumer,Germany,Europe,Berlin,Berlin,PROD-OFF-102,Office Supplies,Appliances,Smart Office Air Purifier Pro,3,140,249,747,0.1,74.7,672.3,420,252.3,37.53,Credit Card,4
ORD-2025-10076,2025-03-05,2025-03-08,2025,Q1,March,3,Second Class,CUST-1028,Chloe Ramirez,Consumer,United States,North America,Texas,Houston,PROD-FUR-189,Furniture,Tables,Smart Motorized Standing Desk,2,320,560,1120,0.0,0.0,1120.0,640,480.0,42.86,Direct Debit,3
ORD-2025-11279,2025-03-05,2025-03-06,2025,Q1,March,3,Same Day,CUST-1017,Matthew Taylor,Home Office,Australia,Asia Pacific,Victoria,Melbourne,PROD-TEC-145,Technology,Phones,iPhone 15 Pro,6,850,1099,6594,0.15,989.1,5604.9,5100,504.9,9.01,PayPal,5
ORD-2024-12631,2025-03-06,2025-03-11,2025,Q1,March,3,Standard Class,CUST-1007,Lucas Miller,Corporate,United States,North America,California,Los Angeles,PROD-FUR-132,Furniture,Bookcases,Solid Wood Library Cabinet,1,450,720,720,0.05,36.0,684.0,450,234.0,34.21,Credit Card,4
ORD-2026-11103,2025-03-06,2025-03-08,2025,Q1,March,3,Second Class,CUST-1006,Isabella Garcia,Consumer,United States,North America,Texas,Houston,PROD-TEC-192,Technology,Phones,Google Pixel 8,2,540,699,1398,0.0,0.0,1398.0,1080,318.0,22.75,Wire Transfer,2
ORD-2024-13237,2025-03-06,2025-03-08,2025,Q1,March,3,Standard Class,CUST-1013,Alexander Gonzalez,Corporate,United Kingdom,Europe,England,Manchester,PROD-FUR-171,Furniture,Chairs,Ergonomic Mesh Task Chair,5,160,289,1445,0.1,144.5,1300.5,800,500.5,38.49,Credit Card,5
ORD-2026-11853,2025-03-06,2025-03-09,2025,Q1,March,3,Standard Class,CUST-1012,Amelia Lopez,Consumer,United States,North America,New York,New York,PROD-FUR-164,Furniture,Tables,Coffee Break Lounge Table,1,120,210,210,0.0,0.0,210.0,120,90.0,42.86,PayPal,4
ORD-2025-10742,2025-03-06,2025-03-11,2025,Q1,March,3,Standard Class,CUST-1029,Joseph Lewis,Corporate,Mexico,Latin America,Jalisco,Guadalajara,PROD-TEC-132,Technology,Phones,Google Pixel 8,3,540,699,2097,0.0,0.0,2097.0,1620,477.0,22.75,Wire Transfer,3
ORD-2024-11362,2025-03-06,2025-03-08,2025,Q1,March,3,Second Class,CUST-1023,Jack Thompson,Home Office,Mexico,Latin America,Federal District,Mexico City,PROD-TEC-102,Technology,Phones,iPhone 15 Pro,10,850,1099,10990,0.15,1648.5,9341.5,8500,841.5,9.01,Credit Card,5
ORD-2024-11302,2025-03-07,2025-03-11,2025,Q1,March,3,Standard Class,CUST-1007,Lucas Miller,Consumer,India,Asia Pacific,Karnataka,Bangalore,PROD-FUR-132,Furniture,Tables,Modular Team Workstation,1,640,990,990,0.1,99.0,891.0,640,251.0,28.17,Credit Card,5
ORD-2026-12534,2025-03-07,2025-03-10,2025,Q1,March,3,Standard Class,CUST-1006,Isabella Garcia,Consumer,India,Asia Pacific,Karnataka,Bangalore,PROD-TEC-115,Technology,Laptops,ThinkPad X1 Carbon,2,1050,1399,2798,0.0,0.0,2798.0,2100,698.0,24.95,Credit Card,5
ORD-2026-10476,2025-03-07,2025-03-09,2025,Q1,March,3,Second Class,CUST-1018,Abigail Moore,Consumer,Canada,North America,Ontario,Toronto,PROD-TEC-163,Technology,Accessories,Logitech MX Master 3S,1,55,99,99,0.05,4.95,94.05,55,39.05,41.52,Credit Card,5
ORD-2026-11490,2025-03-07,2025-03-08,2025,Q1,March,3,Same Day,CUST-1017,Matthew Taylor,Consumer,Brazil,Latin America,São Paulo,São Paulo,PROD-FUR-186,Furniture,Chairs,Executive Leather Recliner,6,260,420,2520,0.1,252.0,2268.0,1560,708.0,31.22,Direct Debit,5
ORD-2026-13080,2025-03-07,2025-03-09,2025,Q1,March,3,Standard Class,CUST-1007,Lucas Miller,Home Office,Mexico,Latin America,Jalisco,Guadalajara,PROD-TEC-132,Technology,Phones,Google Pixel 8,2,540,699,1398,0.0,0.0,1398.0,1080,318.0,22.75,Wire Transfer,4
ORD-2026-12630,2025-03-08,2025-03-09,2025,Q1,March,3,Standard Class,CUST-1022,Elizabeth Perez,Consumer,United Kingdom,Europe,England,London,PROD-FUR-165,Furniture,Tables,Modular Team Workstation,2,640,990,1980,0.0,0.0,1980.0,1280,700.0,35.35,Direct Debit,3
ORD-2024-11785,2025-03-08,2025-03-10,2025,Q1,March,3,Second Class,CUST-1017,Matthew Taylor,Consumer,United States,North America,California,Los Angeles,PROD-OFF-176,Office Supplies,Appliances,Heavy Duty Cross-Cut Shredder,4,90,165,660,0.0,0.0,660.0,360,300.0,45.45,Credit Card,5
ORD-2025-10562,2025-03-08,2025-03-10,2025,Q1,March,3,Same Day,CUST-1020,Emily Martin,Home Office,Australia,Asia Pacific,Victoria,Melbourne,PROD-TEC-177,Technology,Laptops,HP Spectre x360,3,920,1250,3750,0.1,375.0,3375.0,2760,615.0,18.22,Wire Transfer,5
ORD-2026-11205,2025-03-08,2025-03-10,2025,Q1,March,3,Second Class,CUST-1015,Daniel Anderson,Consumer,United Kingdom,Europe,England,London,PROD-TEC-157,Technology,Accessories,Logitech MX Master 3S,3,55,99,297,0.1,29.7,267.3,165,102.3,38.27,Credit Card,3
ORD-2024-10633,2025-03-08,2025-03-09,2025,Q1,March,3,Standard Class,CUST-1012,Amelia Lopez,Corporate,United States,North America,Texas,Houston,PROD-TEC-189,Technology,Laptops,HP Spectre x360,1,920,1250,1250,0.0,0.0,1250.0,920,330.0,26.4,Wire Transfer,5
ORD-2026-11808,2025-03-08,2025-03-11,2025,Q1,March,3,Standard Class,CUST-1013,Alexander Gonzalez,Corporate,United States,North America,New York,New York,PROD-OFF-163,Office Supplies,Storage,Rolling Mobile Utility Cart,2,45,85,170,0.05,8.5,161.5,90,71.5,44.27,Credit Card,5
ORD-2025-12731,2025-03-08,2025-03-10,2025,Q1,March,3,Second Class,CUST-1014,Harper Wilson,Corporate,United Kingdom,Europe,England,Manchester,PROD-FUR-121,Furniture,Bookcases,Glass Display Credenza,1,310,520,520,0.05,26.0,494.0,310,184.0,37.25,Wire Transfer,5
ORD-2025-10085,2025-03-09,2025-03-13,2025,Q1,March,3,Second Class,CUST-1009,Benjamin Rodriguez,Corporate,Canada,North America,Ontario,Toronto,PROD-FUR-129,Furniture,Chairs,Executive Leather Recliner,4,260,420,1680,0.0,0.0,1680.0,1040,640.0,38.1,Wire Transfer,5
ORD-2026-10023,2025-03-09,2025-03-13,2025,Q1,March,3,Standard Class,CUST-1010,Charlotte Martinez,Corporate,Germany,Europe,Berlin,Berlin,PROD-TEC-172,Technology,Laptops,HP Spectre x360,1,920,1250,1250,0.0,0.0,1250.0,920,330.0,26.4,PayPal,3
ORD-2026-11556,2025-03-09,2025-03-10,2025,Q1,March,3,First Class,CUST-1021,Sebastian Lee,Consumer,United States,North America,New York,New York,PROD-TEC-115,Technology,Phones,OnePlus 12,1,480,649,649,0.1,64.9,584.1,480,104.1,17.82,Wire Transfer,5
ORD-2026-12354,2025-03-09,2025-03-12,2025,Q1,March,3,First Class,CUST-1019,Henry Jackson,Consumer,Canada,North America,British Columbia,Vancouver,PROD-FUR-187,Furniture,Tables,Smart Motorized Standing Desk,4,320,560,2240,0.0,0.0,2240.0,1280,960.0,42.86,PayPal,5
ORD-2025-11210,2025-03-09,2025-03-12,2025,Q1,March,3,Standard Class,CUST-1016,Evelyn Thomas,Consumer,Australia,Asia Pacific,Victoria,Melbourne,PROD-FUR-193,Furniture,Chairs,Herman Miller Aeron Chair,1,750,1195,1195,0.0,0.0,1195.0,750,445.0,37.24,Credit Card,5
ORD-2025-12134,2025-03-10,2025-03-14,2025,Q1,March,3,Standard Class,CUST-1005,James Jones,Home Office,United States,North America,New York,New York,PROD-FUR-187,Furniture,Tables,Modular Team Workstation,1,640,990,990,0.0,0.0,990.0,640,350.0,35.35,PayPal,5
ORD-2024-10465,2025-03-10,2025-03-12,2025,Q1,March,3,Standard Class,CUST-1003,Noah Williams,Corporate,United States,North America,Texas,Houston,PROD-TEC-198,Technology,Phones,OnePlus 12,2,480,649,1298,0.0,0.0,1298.0,960,338.0,26.04,PayPal,5
ORD-2025-10835,2025-03-10,2025-03-13,2025,Q1,March,3,Standard Class,CUST-1011,Elijah Hernandez,Consumer,India,Asia Pacific,Karnataka,Bangalore,PROD-TEC-199,Technology,Accessories,Bose QuietComfort Headphones,1,180,279,279,0.0,0.0,279.0,180,99.0,35.48,Wire Transfer,5
ORD-2025-13232,2025-03-10,2025-03-13,2025,Q1,March,3,Standard Class,CUST-1013,Alexander Gonzalez,Consumer,United States,North America,New York,New York,PROD-FUR-114,Furniture,Bookcases,Glass Display Credenza,1,310,520,520,0.0,0.0,520.0,310,210.0,40.38,Wire Transfer,5
ORD-2026-10089,2025-03-10,2025-03-13,2025,Q1,March,3,Standard Class,CUST-1008,Mia Davis,Consumer,Germany,Europe,Berlin,Berlin,PROD-FUR-168,Furniture,Tables,Coffee Break Lounge Table,3,120,210,630,0.0,0.0,630.0,360,270.0,42.86,Credit Card,4
ORD-2024-12328,2025-03-10,2025-03-14,2025,Q1,March,3,Second Class,CUST-1011,Elijah Hernandez,Corporate,Australia,Asia Pacific,Victoria,Melbourne,PROD-FUR-184,Furniture,Bookcases,Solid Wood Library Cabinet,4,450,720,2880,0.0,0.0,2880.0,1800,1080.0,37.5,Credit Card,4
ORD-2026-12606,2025-03-10,2025-03-11,2025,Q1,March,3,Second Class,CUST-1014,Harper Wilson,Consumer,United Kingdom,Europe,England,London,PROD-TEC-101,Technology,Phones,Google Pixel 8,1,540,699,699,0.1,69.9,629.1,540,89.1,14.16,Credit Card,5
ORD-2026-11724,2025-03-11,2025-03-12,2025,Q1,March,3,Standard Class,CUST-1021,Sebastian Lee,Consumer,India,Asia Pacific,Karnataka,Bangalore,PROD-TEC-108,Technology,Accessories,Anker USB-C Docking Hub,1,45,79,79,0.05,3.95,75.05,45,30.05,40.04,Credit Card,4
ORD-2025-10532,2025-03-11,2025-03-15,2025,Q1,March,3,Standard Class,CUST-1014,Harper Wilson,Consumer,Germany,Europe,Bavaria,Munich,PROD-FUR-134,Furniture,Bookcases,Solid Wood Library Cabinet,3,450,720,2160,0.05,108.0,2052.0,1350,702.0,34.21,Direct Debit,4
ORD-2025-12884,2025-03-11,2025-03-15,2025,Q1,March,3,First Class,CUST-1004,Sophia Brown,Corporate,India,Asia Pacific,Maharashtra,Mumbai,PROD-OFF-108,Office Supplies,Paper,Heavyweight Cardstock Reams,1,16,32,32,0.1,3.2,28.8,16,12.8,44.44,Direct Debit,4
ORD-2025-11909,2025-03-11,2025-03-16,2025,Q1,March,3,Standard Class,CUST-1024,Avery White,Corporate,France,Europe,Auvergne-Rhône-Alpes,Lyon,PROD-TEC-194,Technology,Accessories,Anker USB-C Docking Hub,3,45,79,237,0.0,0.0,237.0,135,102.0,43.04,Wire Transfer,4
ORD-2026-12141,2025-03-12,2025-03-16,2025,Q1,March,3,Same Day,CUST-1014,Harper Wilson,Consumer,Germany,Europe,Berlin,Berlin,PROD-TEC-158,Technology,Laptops,Dell XPS 15,3,1100,1450,4350,0.05,217.5,4132.5,3300,832.5,20.15,Wire Transfer,5
ORD-2026-11091,2025-03-12,2025-03-16,2025,Q1,March,3,Standard Class,CUST-1024,Avery White,Corporate,Germany,Europe,Berlin,Berlin,PROD-TEC-126,Technology,Phones,OnePlus 12,3,480,649,1947,0.0,0.0,1947.0,1440,507.0,26.04,Wire Transfer,5
ORD-2024-11026,2025-03-13,2025-03-16,2025,Q1,March,3,Standard Class,CUST-1003,Noah Williams,Consumer,United States,North America,New York,New York,PROD-TEC-198,Technology,Phones,Google Pixel 8,4,540,699,2796,0.0,0.0,2796.0,2160,636.0,22.75,PayPal,5
ORD-2026-11487,2025-03-13,2025-03-14,2025,Q1,March,3,Standard Class,CUST-1000,Emma Watson,Corporate,Canada,North America,Ontario,Toronto,PROD-FUR-195,Furniture,Chairs,Executive Leather Recliner,2,260,420,840,0.1,84.0,756.0,520,236.0,31.22,Credit Card,4
ORD-2026-10881,2025-03-13,2025-03-15,2025,Q1,March,3,Standard Class,CUST-1001,Liam Johnson,Home Office,Canada,North America,Ontario,Toronto,PROD-TEC-105,Technology,Accessories,Anker USB-C Docking Hub,6,45,79,474,0.2,94.8,379.2,270,109.2,28.8,Credit Card,5
ORD-2025-12296,2025-03-13,2025-03-18,2025,Q1,March,3,Standard Class,CUST-1002,Olivia Smith,Consumer,France,Europe,Île-de-France,Paris,PROD-OFF-111,Office Supplies,Appliances,Heavy Duty Cross-Cut Shredder,2,90,165,330,0.05,16.5,313.5,180,133.5,42.58,Direct Debit,4
ORD-2025-10292,2025-03-14,2025-03-16,2025,Q1,March,3,Standard Class,CUST-1025,David Harris,Consumer,India,Asia Pacific,Maharashtra,Mumbai,PROD-TEC-187,Technology,Laptops,Dell XPS 15,4,1100,1450,5800,0.1,580.0,5220.0,4400,820.0,15.71,Wire Transfer,5
ORD-2026-12888,2025-03-14,2025-03-17,2025,Q1,March,3,Second Class,CUST-1010,Charlotte Martinez,Consumer,United States,North America,New York,New York,PROD-FUR-102,Furniture,Bookcases,Modern 5-Tier Industrial Bookshelf,1,110,195,195,0.05,9.75,185.25,110,75.25,40.62,Credit Card,3
ORD-2026-10713,2025-03-15,2025-03-17,2025,Q1,March,3,Standard Class,CUST-1028,Chloe Ramirez,Corporate,United States,North America,California,Los Angeles,PROD-OFF-176,Office Supplies,Appliances,Smart Office Air Purifier Pro,2,140,249,498,0.05,24.9,473.1,280,193.1,40.82,PayPal,2
ORD-2024-11620,2025-03-15,2025-03-17,2025,Q1,March,3,Standard Class,CUST-1017,Matthew Taylor,Corporate,United States,North America,California,Los Angeles,PROD-FUR-122,Furniture,Bookcases,Modern 5-Tier Industrial Bookshelf,1,110,195,195,0.1,19.5,175.5,110,65.5,37.32,Wire Transfer,5
ORD-2024-12448,2025-03-15,2025-03-17,2025,Q1,March,3,Second Class,CUST-1023,Jack Thompson,Corporate,Mexico,Latin America,Federal District,Mexico City,PROD-FUR-163,Furniture,Tables,Smart Motorized Standing Desk,1,320,560,560,0.1,56.0,504.0,320,184.0,36.51,Direct Debit,5
ORD-2026-12123,2025-03-15,2025-03-17,2025,Q1,March,3,First Class,CUST-1014,Harper Wilson,Corporate,Canada,North America,British Columbia,Vancouver,PROD-FUR-149,Furniture,Tables,Smart Motorized Standing Desk,2,320,560,1120,0.0,0.0,1120.0,640,480.0,42.86,PayPal,1
ORD-2025-10253,2025-03-15,2025-03-20,2025,Q1,March,3,Standard Class,CUST-1001,Liam Johnson,Corporate,Japan,Asia Pacific,Kanto,Tokyo,PROD-OFF-103,Office Supplies,Appliances,Commercial Espresso Barista Machine,3,620,950,2850,0.05,142.5,2707.5,1860,847.5,31.3,Credit Card,4
ORD-2025-10052,2025-03-15,2025-03-17,2025,Q1,March,3,Second Class,CUST-1019,Henry Jackson,Home Office,United States,North America,California,Los Angeles,PROD-FUR-121,Furniture,Tables,Smart Motorized Standing Desk,1,320,560,560,0.0,0.0,560.0,320,240.0,42.86,Credit Card,5
ORD-2025-10703,2025-03-16,2025-03-18,2025,Q1,March,3,Same Day,CUST-1006,Isabella Garcia,Corporate,United States,North America,New York,New York,PROD-OFF-117,Office Supplies,Appliances,Smart Office Air Purifier Pro,6,140,249,1494,0.1,149.4,1344.6,840,504.6,37.53,PayPal,5
ORD-2026-12708,2025-03-16,2025-03-18,2025,Q1,March,3,Same Day,CUST-1027,Samuel Clark,Consumer,Canada,North America,British Columbia,Vancouver,PROD-TEC-136,Technology,Accessories,Bose QuietComfort Headphones,4,180,279,1116,0.05,55.8,1060.2,720,340.2,32.09,Credit Card,4
ORD-2025-11570,2025-03-17,2025-03-19,2025,Q1,March,3,Standard Class,CUST-1010,Charlotte Martinez,Corporate,Japan,Asia Pacific,Kanto,Tokyo,PROD-TEC-127,Technology,Phones,OnePlus 12,2,480,649,1298,0.1,129.8,1168.2,960,208.2,17.82,Wire Transfer,4
ORD-2026-12747,2025-03-17,2025-03-18,2025,Q1,March,3,Standard Class,CUST-1005,James Jones,Consumer,United States,North America,Illinois,Chicago,PROD-TEC-189,Technology,Accessories,Anker USB-C Docking Hub,6,45,79,474,0.1,47.4,426.6,270,156.6,36.71,Wire Transfer,5
ORD-2024-12772,2025-03-18,2025-03-24,2025,Q1,March,3,Standard Class,CUST-1012,Amelia Lopez,Consumer,United States,North America,Texas,Houston,PROD-FUR-170,Furniture,Bookcases,Solid Wood Library Cabinet,4,450,720,2880,0.1,288.0,2592.0,1800,792.0,30.56,Credit Card,4
ORD-2025-13055,2025-03-18,2025-03-20,2025,Q1,March,3,Standard Class,CUST-1001,Liam Johnson,Consumer,India,Asia Pacific,Maharashtra,Mumbai,PROD-TEC-135,Technology,Accessories,Logitech MX Master 3S,1,55,99,99,0.0,0.0,99.0,55,44.0,44.44,PayPal,4
ORD-2026-10506,2025-03-18,2025-03-21,2025,Q1,March,3,First Class,CUST-1028,Chloe Ramirez,Corporate,Canada,North America,British Columbia,Vancouver,PROD-TEC-163,Technology,Laptops,Dell XPS 15,2,1100,1450,2900,0.0,0.0,2900.0,2200,700.0,24.14,Credit Card,4
ORD-2024-10792,2025-03-19,2025-03-21,2025,Q1,March,3,Second Class,CUST-1016,Evelyn Thomas,Consumer,Singapore,Asia Pacific,Central,Singapore,PROD-OFF-182,Office Supplies,Appliances,Commercial Espresso Barista Machine,3,620,950,2850,0.0,0.0,2850.0,1860,990.0,34.74,Wire Transfer,3
ORD-2024-11683,2025-03-19,2025-03-23,2025,Q1,March,3,Standard Class,CUST-1014,Harper Wilson,Home Office,United States,North America,Texas,Houston,PROD-OFF-150,Office Supplies,Appliances,Smart Office Air Purifier Pro,1,140,249,249,0.0,0.0,249.0,140,109.0,43.78,PayPal,4
ORD-2026-10845,2025-03-19,2025-03-24,2025,Q1,March,3,Second Class,CUST-1018,Abigail Moore,Consumer,Canada,North America,Ontario,Toronto,PROD-FUR-148,Furniture,Chairs,Herman Miller Aeron Chair,3,750,1195,3585,0.0,0.0,3585.0,2250,1335.0,37.24,Direct Debit,5
ORD-2024-12850,2025-03-20,2025-03-24,2025,Q1,March,3,Standard Class,CUST-1016,Evelyn Thomas,Corporate,India,Asia Pacific,Karnataka,Bangalore,PROD-FUR-169,Furniture,Tables,Coffee Break Lounge Table,6,120,210,1260,0.15,189.0,1071.0,720,351.0,32.77,Wire Transfer,5
ORD-2024-12685,2025-03-20,2025-03-22,2025,Q1,March,3,Standard Class,CUST-1024,Avery White,Consumer,Germany,Europe,Bavaria,Munich,PROD-TEC-196,Technology,Accessories,Dell 4K UltraSharp Monitor,4,340,489,1956,0.0,0.0,1956.0,1360,596.0,30.47,Credit Card,5
ORD-2026-10983,2025-03-20,2025-03-23,2025,Q1,March,3,Standard Class,CUST-1010,Charlotte Martinez,Corporate,Singapore,Asia Pacific,Central,Singapore,PROD-TEC-166,Technology,Accessories,Logitech MX Master 3S,1,55,99,99,0.1,9.9,89.1,55,34.1,38.27,Credit Card,5
ORD-2026-11697,2025-03-21,2025-03-24,2025,Q1,March,3,Standard Class,CUST-1001,Liam Johnson,Corporate,India,Asia Pacific,Karnataka,Bangalore,PROD-TEC-132,Technology,Phones,OnePlus 12,1,480,649,649,0.0,0.0,649.0,480,169.0,26.04,Credit Card,5
ORD-2025-11342,2025-03-21,2025-03-26,2025,Q1,March,3,Second Class,CUST-1017,Matthew Taylor,Home Office,India,Asia Pacific,Maharashtra,Mumbai,PROD-TEC-117,Technology,Laptops,ThinkPad X1 Carbon,1,1050,1399,1399,0.1,139.9,1259.1,1050,209.1,16.61,Direct Debit,1
ORD-2024-12103,2025-03-21,2025-03-25,2025,Q1,March,3,Standard Class,CUST-1017,Matthew Taylor,Consumer,Germany,Europe,Bavaria,Munich,PROD-FUR-155,Furniture,Chairs,Herman Miller Aeron Chair,4,750,1195,4780,0.05,239.0,4541.0,3000,1541.0,33.94,Wire Transfer,3
ORD-2024-12574,2025-03-21,2025-03-24,2025,Q1,March,3,Standard Class,CUST-1020,Emily Martin,Consumer,India,Asia Pacific,Karnataka,Bangalore,PROD-FUR-119,Furniture,Chairs,Executive Leather Recliner,2,260,420,840,0.0,0.0,840.0,520,320.0,38.1,Credit Card,5
ORD-2025-10172,2025-03-21,2025-03-23,2025,Q1,March,3,Standard Class,CUST-1025,David Harris,Consumer,United States,North America,California,Los Angeles,PROD-FUR-159,Furniture,Tables,Solid Oak Conference Table,1,980,1480,1480,0.0,0.0,1480.0,980,500.0,33.78,Direct Debit,5
ORD-2024-13180,2025-03-22,2025-03-27,2025,Q1,March,3,Second Class,CUST-1028,Chloe Ramirez,Consumer,United States,North America,Illinois,Chicago,PROD-TEC-151,Technology,Laptops,HP Spectre x360,6,920,1250,7500,0.1,750.0,6750.0,5520,1230.0,18.22,PayPal,4
ORD-2024-10699,2025-03-22,2025-03-24,2025,Q1,March,3,First Class,CUST-1022,Elizabeth Perez,Corporate,France,Europe,Auvergne-Rhône-Alpes,Lyon,PROD-FUR-114,Furniture,Chairs,Herman Miller Aeron Chair,1,750,1195,1195,0.0,0.0,1195.0,750,445.0,37.24,Direct Debit,5
ORD-2025-10418,2025-03-22,2025-03-25,2025,Q1,March,3,Second Class,CUST-1025,David Harris,Corporate,United Kingdom,Europe,England,London,PROD-TEC-116,Technology,Accessories,Anker USB-C Docking Hub,3,45,79,237,0.15,35.55,201.45,135,66.45,32.99,Credit Card,4
ORD-2024-12403,2025-03-22,2025-03-26,2025,Q1,March,3,Second Class,CUST-1002,Olivia Smith,Corporate,Japan,Asia Pacific,Kanto,Tokyo,PROD-OFF-160,Office Supplies,Storage,Locking Security Storage Box,1,65,115,115,0.1,11.5,103.5,65,38.5,37.2,Direct Debit,5
ORD-2024-13408,2025-03-22,2025-03-25,2025,Q1,March,3,Standard Class,CUST-1002,Olivia Smith,Consumer,United States,North America,Texas,Houston,PROD-FUR-158,Furniture,Tables,Coffee Break Lounge Table,1,120,210,210,0.0,0.0,210.0,120,90.0,42.86,Credit Card,5
ORD-2025-10517,2025-03-22,2025-03-23,2025,Q1,March,3,Standard Class,CUST-1006,Isabella Garcia,Consumer,France,Europe,Île-de-France,Paris,PROD-TEC-178,Technology,Accessories,Dell 4K UltraSharp Monitor,5,340,489,2445,0.15,366.75,2078.25,1700,378.25,18.2,Wire Transfer,3
ORD-2025-11267,2025-03-22,2025-03-25,2025,Q1,March,3,First Class,CUST-1012,Amelia Lopez,Consumer,United States,North America,New York,New York,PROD-OFF-139,Office Supplies,Paper,Heavyweight Cardstock Reams,5,16,32,160,0.15,24.0,136.0,80,56.0,41.18,PayPal,3
ORD-2026-10923,2025-03-22,2025-03-23,2025,Q1,March,3,Same Day,CUST-1000,Emma Watson,Corporate,United Kingdom,Europe,England,London,PROD-OFF-119,Office Supplies,Paper,Executive Recycled Notepad Pack,1,12,24,24,0.0,0.0,24.0,12,12.0,50.0,Direct Debit,5
ORD-2024-10540,2025-03-23,2025-03-25,2025,Q1,March,3,Standard Class,CUST-1016,Evelyn Thomas,Consumer,United States,North America,New York,New York,PROD-OFF-137,Office Supplies,Appliances,Commercial Espresso Barista Machine,1,620,950,950,0.0,0.0,950.0,620,330.0,34.74,Credit Card,5
ORD-2025-11090,2025-03-23,2025-03-24,2025,Q1,March,3,Standard Class,CUST-1014,Harper Wilson,Consumer,Japan,Asia Pacific,Kanto,Tokyo,PROD-FUR-127,Furniture,Bookcases,Solid Wood Library Cabinet,2,450,720,1440,0.1,144.0,1296.0,900,396.0,30.56,Credit Card,5
ORD-2024-12694,2025-03-23,2025-03-26,2025,Q1,March,3,Standard Class,CUST-1004,Sophia Brown,Corporate,Japan,Asia Pacific,Kanto,Tokyo,PROD-FUR-169,Furniture,Chairs,Executive Leather Recliner,2,260,420,840,0.0,0.0,840.0,520,320.0,38.1,Wire Transfer,5
ORD-2024-11473,2025-03-23,2025-03-25,2025,Q1,March,3,Same Day,CUST-1001,Liam Johnson,Corporate,Canada,North America,Ontario,Toronto,PROD-OFF-136,Office Supplies,Paper,Heavyweight Cardstock Reams,2,16,32,64,0.0,0.0,64.0,32,32.0,50.0,PayPal,5
ORD-2024-12973,2025-03-23,2025-03-25,2025,Q1,March,3,Second Class,CUST-1029,Joseph Lewis,Consumer,India,Asia Pacific,Maharashtra,Mumbai,PROD-FUR-178,Furniture,Chairs,Herman Miller Aeron Chair,3,750,1195,3585,0.05,179.25,3405.75,2250,1155.75,33.94,Credit Card,4
ORD-2025-12956,2025-03-24,2025-03-27,2025,Q1,March,3,Standard Class,CUST-1019,Henry Jackson,Consumer,Australia,Asia Pacific,Victoria,Melbourne,PROD-TEC-148,Technology,Accessories,Bose QuietComfort Headphones,1,180,279,279,0.0,0.0,279.0,180,99.0,35.48,Credit Card,3
ORD-2025-13226,2025-03-24,2025-03-27,2025,Q1,March,3,Standard Class,CUST-1003,Noah Williams,Home Office,Canada,North America,Ontario,Toronto,PROD-TEC-151,Technology,Accessories,Anker USB-C Docking Hub,8,45,79,632,0.1,63.2,568.8,360,208.8,36.71,Credit Card,4
ORD-2026-10263,2025-03-24,2025-03-26,2025,Q1,March,3,Standard Class,CUST-1011,Elijah Hernandez,Corporate,Singapore,Asia Pacific,Central,Singapore,PROD-OFF-163,Office Supplies,Storage,Rolling Mobile Utility Cart,1,45,85,85,0.05,4.25,80.75,45,35.75,44.27,Credit Card,5
ORD-2025-12620,2025-03-24,2025-03-25,2025,Q1,March,3,Standard Class,CUST-1024,Avery White,Consumer,United Kingdom,Europe,England,London,PROD-OFF-154,Office Supplies,Paper,Premium Multipurpose Laser Paper 5000ct,3,28,48,144,0.0,0.0,144.0,84,60.0,41.67,PayPal,5
ORD-2024-11200,2025-03-24,2025-03-29,2025,Q1,March,3,Standard Class,CUST-1019,Henry Jackson,Corporate,United States,North America,Illinois,Chicago,PROD-FUR-144,Furniture,Tables,Coffee Break Lounge Table,1,120,210,210,0.0,0.0,210.0,120,90.0,42.86,Credit Card,4
ORD-2025-12785,2025-03-24,2025-03-27,2025,Q1,March,3,Standard Class,CUST-1015,Daniel Anderson,Home Office,Canada,North America,British Columbia,Vancouver,PROD-FUR-153,Furniture,Bookcases,Modern 5-Tier Industrial Bookshelf,1,110,195,195,0.05,9.75,185.25,110,75.25,40.62,Wire Transfer,5
ORD-2024-11947,2025-03-25,2025-03-28,2025,Q1,March,3,Standard Class,CUST-1028,Chloe Ramirez,Corporate,Canada,North America,British Columbia,Vancouver,PROD-FUR-134,Furniture,Tables,Modular Team Workstation,1,640,990,990,0.1,99.0,891.0,640,251.0,28.17,Credit Card,4
ORD-2025-10340,2025-03-25,2025-03-28,2025,Q1,March,3,Standard Class,CUST-1012,Amelia Lopez,Consumer,United States,North America,New York,New York,PROD-FUR-170,Furniture,Tables,Modular Team Workstation,3,640,990,2970,0.0,0.0,2970.0,1920,1050.0,35.35,Credit Card,5
ORD-2026-10788,2025-03-25,2025-03-27,2025,Q1,March,3,Standard Class,CUST-1029,Joseph Lewis,Consumer,United Kingdom,Europe,England,London,PROD-OFF-119,Office Supplies,Appliances,Smart Office Air Purifier Pro,1,140,249,249,0.0,0.0,249.0,140,109.0,43.78,Wire Transfer,5
ORD-2026-10368,2025-03-25,2025-03-29,2025,Q1,March,3,Standard Class,CUST-1010,Charlotte Martinez,Home Office,India,Asia Pacific,Maharashtra,Mumbai,PROD-FUR-193,Furniture,Chairs,Executive Leather Recliner,2,260,420,840,0.05,42.0,798.0,520,278.0,34.84,PayPal,4
ORD-2026-10899,2025-03-26,2025-03-28,2025,Q1,March,3,Standard Class,CUST-1024,Avery White,Corporate,United States,North America,California,Los Angeles,PROD-TEC-185,Technology,Laptops,HP Spectre x360,1,920,1250,1250,0.1,125.0,1125.0,920,205.0,18.22,PayPal,5
ORD-2025-10064,2025-03-26,2025-03-27,2025,Q1,March,3,First Class,CUST-1000,Emma Watson,Corporate,Canada,North America,British Columbia,Vancouver,PROD-OFF-134,Office Supplies,Storage,Rolling Mobile Utility Cart,2,45,85,170,0.05,8.5,161.5,90,71.5,44.27,Wire Transfer,3
ORD-2025-11900,2025-03-26,2025-03-29,2025,Q1,March,3,Standard Class,CUST-1022,Elizabeth Perez,Home Office,Mexico,Latin America,Jalisco,Guadalajara,PROD-OFF-139,Office Supplies,Storage,Rolling Mobile Utility Cart,1,45,85,85,0.0,0.0,85.0,45,40.0,47.06,Wire Transfer,5
ORD-2026-12726,2025-03-26,2025-04-01,2025,Q1,March,3,First Class,CUST-1013,Alexander Gonzalez,Consumer,Brazil,Latin America,Rio de Janeiro,Rio de Janeiro,PROD-TEC-171,Technology,Laptops,Dell XPS 15,4,1100,1450,5800,0.0,0.0,5800.0,4400,1400.0,24.14,Credit Card,4
ORD-2026-10299,2025-03-26,2025-03-28,2025,Q1,March,3,Standard Class,CUST-1020,Emily Martin,Consumer,United States,North America,California,Los Angeles,PROD-TEC-185,Technology,Accessories,Logitech MX Master 3S,1,55,99,99,0.05,4.95,94.05,55,39.05,41.52,PayPal,5
ORD-2025-12068,2025-03-27,2025-03-29,2025,Q1,March,3,Standard Class,CUST-1014,Harper Wilson,Corporate,India,Asia Pacific,Maharashtra,Mumbai,PROD-OFF-167,Office Supplies,Appliances,Heavy Duty Cross-Cut Shredder,3,90,165,495,0.05,24.75,470.25,270,200.25,42.58,Wire Transfer,5
ORD-2025-11837,2025-03-27,2025-03-29,2025,Q1,March,3,First Class,CUST-1005,James Jones,Home Office,United States,North America,California,Los Angeles,PROD-OFF-168,Office Supplies,Appliances,Heavy Duty Cross-Cut Shredder,6,90,165,990,0.1,99.0,891.0,540,351.0,39.39,Credit Card,2
ORD-2025-12809,2025-03-27,2025-03-30,2025,Q1,March,3,Standard Class,CUST-1016,Evelyn Thomas,Consumer,Canada,North America,British Columbia,Vancouver,PROD-FUR-184,Furniture,Bookcases,Solid Wood Library Cabinet,5,450,720,3600,0.1,360.0,3240.0,2250,990.0,30.56,Credit Card,4
ORD-2026-10134,2025-03-27,2025-03-29,2025,Q1,March,3,Standard Class,CUST-1022,Elizabeth Perez,Consumer,France,Europe,Île-de-France,Paris,PROD-OFF-108,Office Supplies,Appliances,Heavy Duty Cross-Cut Shredder,3,90,165,495,0.0,0.0,495.0,270,225.0,45.45,Wire Transfer,1
ORD-2024-12658,2025-03-27,2025-03-30,2025,Q1,March,3,Standard Class,CUST-1016,Evelyn Thomas,Home Office,United States,North America,California,Los Angeles,PROD-FUR-173,Furniture,Tables,Smart Motorized Standing Desk,3,320,560,1680,0.05,84.0,1596.0,960,636.0,39.85,PayPal,4
ORD-2025-12494,2025-03-28,2025-04-01,2025,Q1,March,3,First Class,CUST-1015,Daniel Anderson,Consumer,United States,North America,California,Los Angeles,PROD-FUR-128,Furniture,Tables,Modular Team Workstation,5,640,990,4950,0.1,495.0,4455.0,3200,1255.0,28.17,Wire Transfer,3
ORD-2026-13128,2025-03-28,2025-03-30,2025,Q1,March,3,Second Class,CUST-1014,Harper Wilson,Consumer,United States,North America,California,Los Angeles,PROD-OFF-125,Office Supplies,Appliances,Smart Office Air Purifier Pro,1,140,249,249,0.0,0.0,249.0,140,109.0,43.78,PayPal,5
ORD-2024-12550,2025-03-28,2025-03-30,2025,Q1,March,3,Standard Class,CUST-1010,Charlotte Martinez,Consumer,France,Europe,Auvergne-Rhône-Alpes,Lyon,PROD-FUR-186,Furniture,Tables,Modular Team Workstation,2,640,990,1980,0.0,0.0,1980.0,1280,700.0,35.35,Direct Debit,5
ORD-2025-10754,2025-03-28,2025-04-01,2025,Q1,March,3,Second Class,CUST-1026,Ella Sanchez,Consumer,United States,North America,New York,New York,PROD-FUR-182,Furniture,Tables,Solid Oak Conference Table,3,980,1480,4440,0.0,0.0,4440.0,2940,1500.0,33.78,Credit Card,5
ORD-2024-12472,2025-03-28,2025-03-31,2025,Q1,March,3,First Class,CUST-1016,Evelyn Thomas,Home Office,Germany,Europe,Berlin,Berlin,PROD-FUR-137,Furniture,Bookcases,Modern 5-Tier Industrial Bookshelf,2,110,195,390,0.0,0.0,390.0,220,170.0,43.59,Wire Transfer,5
ORD-2025-13262,2025-03-28,2025-03-31,2025,Q1,March,3,Standard Class,CUST-1026,Ella Sanchez,Consumer,United States,North America,Illinois,Chicago,PROD-FUR-178,Furniture,Chairs,Steelcase Gesture Chair,1,820,1250,1250,0.0,0.0,1250.0,820,430.0,34.4,Credit Card,4
ORD-2024-10663,2025-03-28,2025-03-30,2025,Q1,March,3,Standard Class,CUST-1018,Abigail Moore,Corporate,India,Asia Pacific,Maharashtra,Mumbai,PROD-TEC-148,Technology,Phones,OnePlus 12,1,480,649,649,0.05,32.45,616.55,480,136.55,22.15,Wire Transfer,5
ORD-2026-11670,2025-03-29,2025-04-01,2025,Q1,March,3,Standard Class,CUST-1027,Samuel Clark,Consumer,United States,North America,Texas,Houston,PROD-TEC-176,Technology,Phones,Samsung Galaxy S24,2,720,950,1900,0.0,0.0,1900.0,1440,460.0,24.21,Credit Card,4
ORD-2026-10278,2025-03-29,2025-04-02,2025,Q1,March,3,First Class,CUST-1022,Elizabeth Perez,Corporate,Canada,North America,Ontario,Toronto,PROD-FUR-193,Furniture,Bookcases,Modern 5-Tier Industrial Bookshelf,6,110,195,1170,0.1,117.0,1053.0,660,393.0,37.32,Credit Card,4
ORD-2025-12149,2025-03-29,2025-04-01,2025,Q1,March,3,Standard Class,CUST-1004,Sophia Brown,Corporate,United States,North America,New York,New York,PROD-FUR-112,Furniture,Tables,Smart Motorized Standing Desk,1,320,560,560,0.1,56.0,504.0,320,184.0,36.51,Direct Debit,5
ORD-2025-12356,2025-03-30,2025-04-04,2025,Q1,March,3,Standard Class,CUST-1029,Joseph Lewis,Consumer,India,Asia Pacific,Karnataka,Bangalore,PROD-FUR-143,Furniture,Chairs,Steelcase Gesture Chair,2,820,1250,2500,0.0,0.0,2500.0,1640,860.0,34.4,Credit Card,4
ORD-2025-10766,2025-03-30,2025-04-02,2025,Q1,March,3,Same Day,CUST-1024,Avery White,Corporate,Australia,Asia Pacific,New South Wales,Sydney,PROD-FUR-190,Furniture,Tables,Modular Team Workstation,2,640,990,1980,0.0,0.0,1980.0,1280,700.0,35.35,Credit Card,5
ORD-2025-11303,2025-03-30,2025-04-01,2025,Q1,March,3,Standard Class,CUST-1029,Joseph Lewis,Consumer,Australia,Asia Pacific,Victoria,Melbourne,PROD-OFF-197,Office Supplies,Paper,Heavyweight Cardstock Reams,5,16,32,160,0.15,24.0,136.0,80,56.0,41.18,PayPal,5
ORD-2026-12351,2025-03-30,2025-04-03,2025,Q1,March,3,Standard Class,CUST-1014,Harper Wilson,Home Office,France,Europe,Île-de-France,Paris,PROD-OFF-192,Office Supplies,Storage,Rolling Mobile Utility Cart,2,45,85,170,0.05,8.5,161.5,90,71.5,44.27,Credit Card,4
ORD-2025-10196,2025-03-31,2025-04-01,2025,Q1,March,3,Second Class,CUST-1026,Ella Sanchez,Consumer,Singapore,Asia Pacific,Central,Singapore,PROD-TEC-150,Technology,Phones,Samsung Galaxy S24,1,720,950,950,0.05,47.5,902.5,720,182.5,20.22,Credit Card,5
ORD-2024-10549,2025-03-31,2025-04-03,2025,Q1,March,3,Standard Class,CUST-1026,Ella Sanchez,Consumer,Germany,Europe,Bavaria,Munich,PROD-TEC-116,Technology,Accessories,Logitech MX Master 3S,2,55,99,198,0.1,19.8,178.2,110,68.2,38.27,Credit Card,5
ORD-2026-12987,2025-03-31,2025-04-02,2025,Q1,March,3,Standard Class,CUST-1005,James Jones,Consumer,France,Europe,Île-de-France,Paris,PROD-TEC-108,Technology,Laptops,ThinkPad X1 Carbon,1,1050,1399,1399,0.0,0.0,1399.0,1050,349.0,24.95,Credit Card,5
ORD-2025-12959,2025-03-31,2025-04-02,2025,Q1,March,3,Standard Class,CUST-1026,Ella Sanchez,Corporate,Singapore,Asia Pacific,Central,Singapore,PROD-TEC-185,Technology,Phones,iPhone 15 Pro,5,850,1099,5495,0.1,549.5,4945.5,4250,695.5,14.06,Credit Card,5
ORD-2026-11952,2025-04-01,2025-04-04,2025,Q2,April,4,Second Class,CUST-1000,Emma Watson,Home Office,Japan,Asia Pacific,Kanto,Tokyo,PROD-FUR-173,Furniture,Bookcases,Glass Display Credenza,6,310,520,3120,0.15,468.0,2652.0,1860,792.0,29.86,Credit Card,5
ORD-2026-12552,2025-04-01,2025-04-05,2025,Q2,April,4,Standard Class,CUST-1011,Elijah Hernandez,Corporate,United States,North America,California,Los Angeles,PROD-FUR-184,Furniture,Tables,Coffee Break Lounge Table,1,120,210,210,0.0,0.0,210.0,120,90.0,42.86,PayPal,4
ORD-2025-10796,2025-04-02,2025-04-04,2025,Q2,April,4,Second Class,CUST-1003,Noah Williams,Consumer,Brazil,Latin America,São Paulo,São Paulo,PROD-TEC-162,Technology,Laptops,Dell XPS 15,4,1100,1450,5800,0.1,580.0,5220.0,4400,820.0,15.71,Wire Transfer,4
ORD-2024-13348,2025-04-02,2025-04-05,2025,Q2,April,4,Standard Class,CUST-1000,Emma Watson,Consumer,Canada,North America,British Columbia,Vancouver,PROD-TEC-192,Technology,Accessories,Anker USB-C Docking Hub,1,45,79,79,0.0,0.0,79.0,45,34.0,43.04,PayPal,5
ORD-2024-12004,2025-04-02,2025-04-05,2025,Q2,April,4,Standard Class,CUST-1005,James Jones,Consumer,Australia,Asia Pacific,New South Wales,Sydney,PROD-TEC-162,Technology,Phones,iPhone 15 Pro,1,850,1099,1099,0.1,109.9,989.1,850,139.1,14.06,Wire Transfer,4
ORD-2024-13039,2025-04-02,2025-04-06,2025,Q2,April,4,Standard Class,CUST-1023,Jack Thompson,Home Office,Mexico,Latin America,Federal District,Mexico City,PROD-FUR-125,Furniture,Bookcases,Modern 5-Tier Industrial Bookshelf,6,110,195,1170,0.1,117.0,1053.0,660,393.0,37.32,Wire Transfer,4
ORD-2026-12387,2025-04-02,2025-04-04,2025,Q2,April,4,First Class,CUST-1001,Liam Johnson,Consumer,United States,North America,California,Los Angeles,PROD-FUR-123,Furniture,Chairs,Herman Miller Aeron Chair,2,750,1195,2390,0.0,0.0,2390.0,1500,890.0,37.24,Credit Card,5
ORD-2026-11397,2025-04-02,2025-04-04,2025,Q2,April,4,Second Class,CUST-1018,Abigail Moore,Corporate,Mexico,Latin America,Federal District,Mexico City,PROD-FUR-184,Furniture,Bookcases,Modern 5-Tier Industrial Bookshelf,1,110,195,195,0.05,9.75,185.25,110,75.25,40.62,Credit Card,5
ORD-2025-10349,2025-04-03,2025-04-08,2025,Q2,April,4,Standard Class,CUST-1001,Liam Johnson,Home Office,France,Europe,Île-de-France,Paris,PROD-TEC-139,Technology,Laptops,MacBook Air M3,8,890,1199,9592,0.1,959.2,8632.8,7120,1512.8,17.52,Credit Card,4
ORD-2026-11061,2025-04-04,2025-04-06,2025,Q2,April,4,Second Class,CUST-1009,Benjamin Rodriguez,Corporate,France,Europe,Île-de-France,Paris,PROD-TEC-153,Technology,Laptops,HP Spectre x360,1,920,1250,1250,0.05,62.5,1187.5,920,267.5,22.53,Direct Debit,4
ORD-2024-10657,2025-04-04,2025-04-07,2025,Q2,April,4,Standard Class,CUST-1013,Alexander Gonzalez,Consumer,Canada,North America,Ontario,Toronto,PROD-OFF-136,Office Supplies,Storage,Locking Security Storage Box,3,65,115,345,0.0,0.0,345.0,195,150.0,43.48,Credit Card,4
ORD-2024-11863,2025-04-04,2025-04-07,2025,Q2,April,4,Standard Class,CUST-1005,James Jones,Home Office,United States,North America,Texas,Houston,PROD-TEC-143,Technology,Laptops,HP Spectre x360,8,920,1250,10000,0.1,1000.0,9000.0,7360,1640.0,18.22,PayPal,4
ORD-2024-13114,2025-04-04,2025-04-07,2025,Q2,April,4,Standard Class,CUST-1017,Matthew Taylor,Consumer,United States,North America,New York,New York,PROD-FUR-128,Furniture,Bookcases,Modern 5-Tier Industrial Bookshelf,4,110,195,780,0.05,39.0,741.0,440,301.0,40.62,Credit Card,4
ORD-2026-11922,2025-04-05,2025-04-08,2025,Q2,April,4,Standard Class,CUST-1022,Elizabeth Perez,Consumer,Canada,North America,British Columbia,Vancouver,PROD-FUR-139,Furniture,Bookcases,Glass Display Credenza,3,310,520,1560,0.0,0.0,1560.0,930,630.0,40.38,Wire Transfer,4
ORD-2024-11260,2025-04-05,2025-04-08,2025,Q2,April,4,Standard Class,CUST-1007,Lucas Miller,Consumer,Canada,North America,British Columbia,Vancouver,PROD-OFF-149,Office Supplies,Appliances,Heavy Duty Cross-Cut Shredder,3,90,165,495,0.0,0.0,495.0,270,225.0,45.45,Credit Card,5
ORD-2026-13032,2025-04-05,2025-04-08,2025,Q2,April,4,Second Class,CUST-1029,Joseph Lewis,Consumer,United States,North America,New York,New York,PROD-FUR-120,Furniture,Chairs,Herman Miller Aeron Chair,2,750,1195,2390,0.0,0.0,2390.0,1500,890.0,37.24,Credit Card,5
ORD-2025-11522,2025-04-05,2025-04-08,2025,Q2,April,4,Standard Class,CUST-1000,Emma Watson,Consumer,France,Europe,Auvergne-Rhône-Alpes,Lyon,PROD-TEC-195,Technology,Laptops,MacBook Air M3,2,890,1199,2398,0.0,0.0,2398.0,1780,618.0,25.77,Wire Transfer,4
ORD-2025-13079,2025-04-05,2025-04-08,2025,Q2,April,4,Same Day,CUST-1006,Isabella Garcia,Home Office,Australia,Asia Pacific,Victoria,Melbourne,PROD-OFF-144,Office Supplies,Paper,Heavyweight Cardstock Reams,4,16,32,128,0.1,12.8,115.2,64,51.2,44.44,Wire Transfer,4
ORD-2025-10853,2025-04-05,2025-04-07,2025,Q2,April,4,First Class,CUST-1012,Amelia Lopez,Consumer,Germany,Europe,Berlin,Berlin,PROD-OFF-188,Office Supplies,Appliances,Commercial Espresso Barista Machine,5,620,950,4750,0.1,475.0,4275.0,3100,1175.0,27.49,Wire Transfer,1
ORD-2025-12305,2025-04-06,2025-04-08,2025,Q2,April,4,Standard Class,CUST-1019,Henry Jackson,Consumer,United States,North America,New York,New York,PROD-FUR-129,Furniture,Bookcases,Solid Wood Library Cabinet,1,450,720,720,0.0,0.0,720.0,450,270.0,37.5,Wire Transfer,4
ORD-2026-13437,2025-04-06,2025-04-10,2025,Q2,April,4,Same Day,CUST-1008,Mia Davis,Consumer,United States,North America,Illinois,Chicago,PROD-OFF-138,Office Supplies,Paper,Premium Multipurpose Laser Paper 5000ct,2,28,48,96,0.1,9.6,86.4,56,30.4,35.19,Credit Card,5
ORD-2025-10097,2025-04-06,2025-04-08,2025,Q2,April,4,First Class,CUST-1010,Charlotte Martinez,Home Office,Canada,North America,British Columbia,Vancouver,PROD-TEC-157,Technology,Phones,OnePlus 12,2,480,649,1298,0.05,64.9,1233.1,960,273.1,22.15,Credit Card,3
ORD-2026-11982,2025-04-06,2025-04-09,2025,Q2,April,4,Standard Class,CUST-1002,Olivia Smith,Corporate,Canada,North America,Ontario,Toronto,PROD-TEC-175,Technology,Laptops,Dell XPS 15,2,1100,1450,2900,0.15,435.0,2465.0,2200,265.0,10.75,Wire Transfer,5
ORD-2024-12577,2025-04-06,2025-04-08,2025,Q2,April,4,Standard Class,CUST-1020,Emily Martin,Home Office,Japan,Asia Pacific,Kanto,Tokyo,PROD-TEC-160,Technology,Phones,OnePlus 12,3,480,649,1947,0.05,97.35,1849.65,1440,409.65,22.15,Credit Card,2
ORD-2026-12054,2025-04-07,2025-04-11,2025,Q2,April,4,Same Day,CUST-1003,Noah Williams,Consumer,United States,North America,Illinois,Chicago,PROD-FUR-134,Furniture,Bookcases,Modern 5-Tier Industrial Bookshelf,1,110,195,195,0.0,0.0,195.0,110,85.0,43.59,Wire Transfer,4
ORD-2025-11732,2025-04-07,2025-04-09,2025,Q2,April,4,Second Class,CUST-1012,Amelia Lopez,Consumer,Canada,North America,Ontario,Toronto,PROD-TEC-158,Technology,Phones,Samsung Galaxy S24,3,720,950,2850,0.0,0.0,2850.0,2160,690.0,24.21,Credit Card,5
ORD-2025-13145,2025-04-07,2025-04-10,2025,Q2,April,4,Standard Class,CUST-1022,Elizabeth Perez,Consumer,India,Asia Pacific,Karnataka,Bangalore,PROD-OFF-182,Office Supplies,Appliances,Smart Office Air Purifier Pro,1,140,249,249,0.0,0.0,249.0,140,109.0,43.78,Wire Transfer,3
ORD-2024-11842,2025-04-07,2025-04-09,2025,Q2,April,4,Standard Class,CUST-1003,Noah Williams,Home Office,Canada,North America,Ontario,Toronto,PROD-TEC-130,Technology,Phones,OnePlus 12,4,480,649,2596,0.0,0.0,2596.0,1920,676.0,26.04,Credit Card,5
ORD-2026-10083,2025-04-07,2025-04-11,2025,Q2,April,4,Standard Class,CUST-1026,Ella Sanchez,Consumer,United States,North America,New York,New York,PROD-TEC-148,Technology,Laptops,ThinkPad X1 Carbon,6,1050,1399,8394,0.15,1259.1,7134.9,6300,834.9,11.7,Wire Transfer,5
ORD-2025-10229,2025-04-07,2025-04-08,2025,Q2,April,4,First Class,CUST-1009,Benjamin Rodriguez,Consumer,United States,North America,New York,New York,PROD-TEC-121,Technology,Phones,OnePlus 12,4,480,649,2596,0.0,0.0,2596.0,1920,676.0,26.04,PayPal,5
ORD-2025-11846,2025-04-08,2025-04-12,2025,Q2,April,4,Standard Class,CUST-1020,Emily Martin,Corporate,Canada,North America,Ontario,Toronto,PROD-OFF-153,Office Supplies,Storage,Rolling Mobile Utility Cart,3,45,85,255,0.05,12.75,242.25,135,107.25,44.27,Credit Card,4
ORD-2025-11036,2025-04-08,2025-04-10,2025,Q2,April,4,Standard Class,CUST-1013,Alexander Gonzalez,Consumer,Brazil,Latin America,Rio de Janeiro,Rio de Janeiro,PROD-FUR-130,Furniture,Chairs,Herman Miller Aeron Chair,5,750,1195,5975,0.15,896.25,5078.75,3750,1328.75,26.16,Wire Transfer,4
ORD-2026-12531,2025-04-08,2025-04-13,2025,Q2,April,4,First Class,CUST-1006,Isabella Garcia,Corporate,United Kingdom,Europe,England,London,PROD-FUR-151,Furniture,Tables,Modular Team Workstation,6,640,990,5940,0.2,1188.0,4752.0,3840,912.0,19.19,Credit Card,3
ORD-2024-10504,2025-04-08,2025-04-10,2025,Q2,April,4,Second Class,CUST-1023,Jack Thompson,Home Office,Australia,Asia Pacific,New South Wales,Sydney,PROD-TEC-142,Technology,Phones,Google Pixel 8,4,540,699,2796,0.05,139.8,2656.2,2160,496.2,18.68,Wire Transfer,4
ORD-2026-11688,2025-04-08,2025-04-11,2025,Q2,April,4,Second Class,CUST-1012,Amelia Lopez,Home Office,United States,North America,New York,New York,PROD-TEC-131,Technology,Laptops,HP Spectre x360,1,920,1250,1250,0.05,62.5,1187.5,920,267.5,22.53,Direct Debit,5
ORD-2025-12557,2025-04-09,2025-04-12,2025,Q2,April,4,Standard Class,CUST-1012,Amelia Lopez,Consumer,United States,North America,Illinois,Chicago,PROD-TEC-128,Technology,Laptops,ThinkPad X1 Carbon,1,1050,1399,1399,0.05,69.95,1329.05,1050,279.05,21.0,Wire Transfer,5
ORD-2026-10665,2025-04-10,2025-04-15,2025,Q2,April,4,Same Day,CUST-1003,Noah Williams,Corporate,United States,North America,New York,New York,PROD-FUR-103,Furniture,Tables,Coffee Break Lounge Table,1,120,210,210,0.0,0.0,210.0,120,90.0,42.86,PayPal,2
ORD-2025-11615,2025-04-10,2025-04-14,2025,Q2,April,4,Second Class,CUST-1005,James Jones,Consumer,Canada,North America,Ontario,Toronto,PROD-OFF-161,Office Supplies,Appliances,Commercial Espresso Barista Machine,2,620,950,1900,0.0,0.0,1900.0,1240,660.0,34.74,PayPal,5
ORD-2024-10402,2025-04-10,2025-04-13,2025,Q2,April,4,Standard Class,CUST-1014,Harper Wilson,Consumer,United States,North America,Texas,Houston,PROD-FUR-194,Furniture,Bookcases,Solid Wood Library Cabinet,1,450,720,720,0.0,0.0,720.0,450,270.0,37.5,Credit Card,5
ORD-2025-13355,2025-04-10,2025-04-12,2025,Q2,April,4,Standard Class,CUST-1021,Sebastian Lee,Home Office,United States,North America,Illinois,Chicago,PROD-FUR-132,Furniture,Bookcases,Glass Display Credenza,3,310,520,1560,0.0,0.0,1560.0,930,630.0,40.38,Credit Card,5
ORD-2026-12648,2025-04-10,2025-04-12,2025,Q2,April,4,Second Class,CUST-1009,Benjamin Rodriguez,Consumer,Germany,Europe,Berlin,Berlin,PROD-OFF-102,Office Supplies,Storage,Rolling Mobile Utility Cart,4,45,85,340,0.05,17.0,323.0,180,143.0,44.27,Credit Card,4
ORD-2026-10932,2025-04-10,2025-04-15,2025,Q2,April,4,Standard Class,CUST-1012,Amelia Lopez,Corporate,Brazil,Latin America,São Paulo,São Paulo,PROD-TEC-131,Technology,Laptops,Dell XPS 15,6,1100,1450,8700,0.1,870.0,7830.0,6600,1230.0,15.71,PayPal,5
ORD-2024-13279,2025-04-10,2025-04-14,2025,Q2,April,4,Standard Class,CUST-1013,Alexander Gonzalez,Corporate,United States,North America,Illinois,Chicago,PROD-FUR-196,Furniture,Bookcases,Glass Display Credenza,1,310,520,520,0.0,0.0,520.0,310,210.0,40.38,Wire Transfer,5
ORD-2024-12286,2025-04-10,2025-04-15,2025,Q2,April,4,Same Day,CUST-1014,Harper Wilson,Home Office,United States,North America,California,Los Angeles,PROD-FUR-137,Furniture,Bookcases,Glass Display Credenza,2,310,520,1040,0.05,52.0,988.0,620,368.0,37.25,Wire Transfer,3
ORD-2025-13259,2025-04-11,2025-04-12,2025,Q2,April,4,First Class,CUST-1022,Elizabeth Perez,Corporate,United States,North America,Illinois,Chicago,PROD-FUR-198,Furniture,Tables,Solid Oak Conference Table,1,980,1480,1480,0.0,0.0,1480.0,980,500.0,33.78,Wire Transfer,5
ORD-2026-11970,2025-04-12,2025-04-15,2025,Q2,April,4,Standard Class,CUST-1011,Elijah Hernandez,Corporate,Germany,Europe,Berlin,Berlin,PROD-FUR-104,Furniture,Chairs,Executive Leather Recliner,2,260,420,840,0.15,126.0,714.0,520,194.0,27.17,Credit Card,2
ORD-2025-13391,2025-04-12,2025-04-14,2025,Q2,April,4,Standard Class,CUST-1017,Matthew Taylor,Consumer,United States,North America,New York,New York,PROD-FUR-136,Furniture,Tables,Smart Motorized Standing Desk,1,320,560,560,0.0,0.0,560.0,320,240.0,42.86,Credit Card,5
ORD-2026-11175,2025-04-12,2025-04-14,2025,Q2,April,4,Standard Class,CUST-1003,Noah Williams,Corporate,France,Europe,Île-de-France,Paris,PROD-TEC-197,Technology,Accessories,Bose QuietComfort Headphones,2,180,279,558,0.0,0.0,558.0,360,198.0,35.48,Credit Card,3
ORD-2025-10034,2025-04-12,2025-04-14,2025,Q2,April,4,Standard Class,CUST-1016,Evelyn Thomas,Home Office,Germany,Europe,Bavaria,Munich,PROD-FUR-155,Furniture,Bookcases,Glass Display Credenza,4,310,520,2080,0.0,0.0,2080.0,1240,840.0,40.38,PayPal,4
ORD-2026-11067,2025-04-12,2025-04-13,2025,Q2,April,4,Standard Class,CUST-1013,Alexander Gonzalez,Corporate,Brazil,Latin America,São Paulo,São Paulo,PROD-FUR-178,Furniture,Tables,Coffee Break Lounge Table,3,120,210,630,0.15,94.5,535.5,360,175.5,32.77,PayPal,5
ORD-2025-10262,2025-04-12,2025-04-14,2025,Q2,April,4,Standard Class,CUST-1027,Samuel Clark,Consumer,United Kingdom,Europe,England,Manchester,PROD-TEC-121,Technology,Accessories,Logitech MX Master 3S,1,55,99,99,0.1,9.9,89.1,55,34.1,38.27,Wire Transfer,4
ORD-2024-10870,2025-04-12,2025-04-18,2025,Q2,April,4,Standard Class,CUST-1013,Alexander Gonzalez,Corporate,United Kingdom,Europe,England,Manchester,PROD-TEC-183,Technology,Laptops,ThinkPad X1 Carbon,1,1050,1399,1399,0.1,139.9,1259.1,1050,209.1,16.61,Credit Card,5
ORD-2026-12978,2025-04-13,2025-04-14,2025,Q2,April,4,First Class,CUST-1029,Joseph Lewis,Consumer,Canada,North America,Ontario,Toronto,PROD-TEC-157,Technology,Phones,OnePlus 12,5,480,649,3245,0.15,486.75,2758.25,2400,358.25,12.99,Credit Card,5
ORD-2024-11857,2025-04-13,2025-04-16,2025,Q2,April,4,Standard Class,CUST-1009,Benjamin Rodriguez,Consumer,Germany,Europe,Berlin,Berlin,PROD-TEC-115,Technology,Accessories,Bose QuietComfort Headphones,3,180,279,837,0.1,83.7,753.3,540,213.3,28.32,PayPal,5
ORD-2025-11435,2025-04-13,2025-04-16,2025,Q2,April,4,Standard Class,CUST-1017,Matthew Taylor,Home Office,United States,North America,Texas,Houston,PROD-TEC-197,Technology,Accessories,Dell 4K UltraSharp Monitor,2,340,489,978,0.1,97.8,880.2,680,200.2,22.74,PayPal,3
ORD-2026-10422,2025-04-14,2025-04-19,2025,Q2,April,4,First Class,CUST-1017,Matthew Taylor,Consumer,United Kingdom,Europe,England,London,PROD-TEC-184,Technology,Phones,OnePlus 12,1,480,649,649,0.1,64.9,584.1,480,104.1,17.82,Wire Transfer,5
ORD-2024-12016,2025-04-15,2025-04-17,2025,Q2,April,4,First Class,CUST-1025,David Harris,Home Office,Mexico,Latin America,Federal District,Mexico City,PROD-FUR-175,Furniture,Tables,Solid Oak Conference Table,2,980,1480,2960,0.0,0.0,2960.0,1960,1000.0,33.78,Credit Card,5
ORD-2026-12384,2025-04-15,2025-04-20,2025,Q2,April,4,Second Class,CUST-1026,Ella Sanchez,Home Office,Germany,Europe,Bavaria,Munich,PROD-TEC-143,Technology,Accessories,Logitech MX Master 3S,4,55,99,396,0.0,0.0,396.0,220,176.0,44.44,PayPal,5
ORD-2024-13420,2025-04-16,2025-04-19,2025,Q2,April,4,Second Class,CUST-1015,Daniel Anderson,Home Office,Germany,Europe,Berlin,Berlin,PROD-FUR-127,Furniture,Tables,Modular Team Workstation,1,640,990,990,0.0,0.0,990.0,640,350.0,35.35,Wire Transfer,5
ORD-2026-11109,2025-04-16,2025-04-18,2025,Q2,April,4,Standard Class,CUST-1027,Samuel Clark,Consumer,United States,North America,New York,New York,PROD-OFF-104,Office Supplies,Appliances,Heavy Duty Cross-Cut Shredder,5,90,165,825,0.15,123.75,701.25,450,251.25,35.83,Credit Card,5
ORD-2025-12242,2025-04-17,2025-04-21,2025,Q2,April,4,First Class,CUST-1024,Avery White,Corporate,Australia,Asia Pacific,New South Wales,Sydney,PROD-TEC-119,Technology,Laptops,ThinkPad X1 Carbon,3,1050,1399,4197,0.0,0.0,4197.0,3150,1047.0,24.95,Credit Card,5
ORD-2024-12958,2025-04-17,2025-04-19,2025,Q2,April,4,Standard Class,CUST-1028,Chloe Ramirez,Home Office,United States,North America,New York,New York,PROD-OFF-124,Office Supplies,Storage,Heavy Duty 4-Drawer File Cabinet,6,130,220,1320,0.15,198.0,1122.0,780,342.0,30.48,PayPal,1
ORD-2024-12304,2025-04-17,2025-04-19,2025,Q2,April,4,First Class,CUST-1006,Isabella Garcia,Consumer,India,Asia Pacific,Maharashtra,Mumbai,PROD-TEC-130,Technology,Phones,Google Pixel 8,1,540,699,699,0.0,0.0,699.0,540,159.0,22.75,Credit Card,4
ORD-2025-12197,2025-04-17,2025-04-20,2025,Q2,April,4,Standard Class,CUST-1005,James Jones,Consumer,United States,North America,California,Los Angeles,PROD-TEC-104,Technology,Phones,Samsung Galaxy S24,4,720,950,3800,0.05,190.0,3610.0,2880,730.0,20.22,PayPal,4
ORD-2025-11669,2025-04-18,2025-04-21,2025,Q2,April,4,Standard Class,CUST-1002,Olivia Smith,Consumer,France,Europe,Île-de-France,Paris,PROD-FUR-122,Furniture,Tables,Coffee Break Lounge Table,2,120,210,420,0.0,0.0,420.0,240,180.0,42.86,Wire Transfer,4
ORD-2026-13179,2025-04-18,2025-04-21,2025,Q2,April,4,Standard Class,CUST-1027,Samuel Clark,Consumer,India,Asia Pacific,Maharashtra,Mumbai,PROD-FUR-196,Furniture,Bookcases,Glass Display Credenza,5,310,520,2600,0.2,520.0,2080.0,1550,530.0,25.48,Credit Card,4
ORD-2024-10690,2025-04-18,2025-04-21,2025,Q2,April,4,Standard Class,CUST-1014,Harper Wilson,Corporate,Mexico,Latin America,Jalisco,Guadalajara,PROD-TEC-151,Technology,Phones,iPhone 15 Pro,4,850,1099,4396,0.0,0.0,4396.0,3400,996.0,22.66,Credit Card,5
ORD-2026-12192,2025-04-19,2025-04-21,2025,Q2,April,4,Standard Class,CUST-1024,Avery White,Corporate,United States,North America,New York,New York,PROD-TEC-188,Technology,Accessories,Dell 4K UltraSharp Monitor,5,340,489,2445,0.1,244.5,2200.5,1700,500.5,22.74,Direct Debit,4
ORD-2024-11044,2025-04-19,2025-04-21,2025,Q2,April,4,Same Day,CUST-1007,Lucas Miller,Home Office,Japan,Asia Pacific,Kanto,Tokyo,PROD-TEC-160,Technology,Phones,Google Pixel 8,5,540,699,3495,0.2,699.0,2796.0,2700,96.0,3.43,PayPal,5
ORD-2026-10242,2025-04-20,2025-04-23,2025,Q2,April,4,Second Class,CUST-1003,Noah Williams,Corporate,United States,North America,Texas,Houston,PROD-FUR-176,Furniture,Chairs,Executive Leather Recliner,3,260,420,1260,0.0,0.0,1260.0,780,480.0,38.1,PayPal,5
ORD-2025-12998,2025-04-20,2025-04-22,2025,Q2,April,4,Second Class,CUST-1019,Henry Jackson,Consumer,Germany,Europe,Bavaria,Munich,PROD-FUR-163,Furniture,Tables,Solid Oak Conference Table,1,980,1480,1480,0.0,0.0,1480.0,980,500.0,33.78,Wire Transfer,5
ORD-2024-12688,2025-04-20,2025-04-21,2025,Q2,April,4,Standard Class,CUST-1016,Evelyn Thomas,Corporate,United States,North America,California,Los Angeles,PROD-FUR-181,Furniture,Bookcases,Glass Display Credenza,2,310,520,1040,0.15,156.0,884.0,620,264.0,29.86,Direct Debit,5
ORD-2026-12405,2025-04-20,2025-04-22,2025,Q2,April,4,Standard Class,CUST-1004,Sophia Brown,Home Office,Canada,North America,Ontario,Toronto,PROD-TEC-140,Technology,Accessories,Anker USB-C Docking Hub,2,45,79,158,0.1,15.8,142.2,90,52.2,36.71,Credit Card,4
ORD-2026-10404,2025-04-21,2025-04-24,2025,Q2,April,4,Standard Class,CUST-1019,Henry Jackson,Consumer,France,Europe,Auvergne-Rhône-Alpes,Lyon,PROD-FUR-188,Furniture,Bookcases,Modern 5-Tier Industrial Bookshelf,3,110,195,585,0.05,29.25,555.75,330,225.75,40.62,Credit Card,5
ORD-2024-10996,2025-04-21,2025-04-24,2025,Q2,April,4,Same Day,CUST-1018,Abigail Moore,Home Office,Germany,Europe,Berlin,Berlin,PROD-FUR-126,Furniture,Bookcases,Solid Wood Library Cabinet,4,450,720,2880,0.0,0.0,2880.0,1800,1080.0,37.5,Credit Card,3
ORD-2024-11578,2025-04-22,2025-04-25,2025,Q2,April,4,Standard Class,CUST-1015,Daniel Anderson,Corporate,Mexico,Latin America,Jalisco,Guadalajara,PROD-FUR-185,Furniture,Bookcases,Solid Wood Library Cabinet,1,450,720,720,0.0,0.0,720.0,450,270.0,37.5,PayPal,5
ORD-2024-12376,2025-04-23,2025-04-25,2025,Q2,April,4,Standard Class,CUST-1017,Matthew Taylor,Corporate,United States,North America,Texas,Houston,PROD-FUR-166,Furniture,Chairs,Ergonomic Mesh Task Chair,2,160,289,578,0.15,86.7,491.3,320,171.3,34.87,PayPal,1
ORD-2025-12119,2025-04-23,2025-04-25,2025,Q2,April,4,Standard Class,CUST-1022,Elizabeth Perez,Home Office,France,Europe,Auvergne-Rhône-Alpes,Lyon,PROD-TEC-176,Technology,Phones,OnePlus 12,1,480,649,649,0.0,0.0,649.0,480,169.0,26.04,Wire Transfer,4
ORD-2024-11629,2025-04-23,2025-04-26,2025,Q2,April,4,Standard Class,CUST-1014,Harper Wilson,Consumer,Brazil,Latin America,São Paulo,São Paulo,PROD-OFF-174,Office Supplies,Appliances,Heavy Duty Cross-Cut Shredder,2,90,165,330,0.0,0.0,330.0,180,150.0,45.45,PayPal,5
ORD-2025-10904,2025-04-24,2025-04-26,2025,Q2,April,4,Second Class,CUST-1009,Benjamin Rodriguez,Consumer,Canada,North America,Ontario,Toronto,PROD-FUR-108,Furniture,Chairs,Herman Miller Aeron Chair,4,750,1195,4780,0.0,0.0,4780.0,3000,1780.0,37.24,Wire Transfer,5
ORD-2025-11192,2025-04-24,2025-04-28,2025,Q2,April,4,First Class,CUST-1023,Jack Thompson,Consumer,Germany,Europe,Berlin,Berlin,PROD-TEC-117,Technology,Accessories,Bose QuietComfort Headphones,1,180,279,279,0.05,13.95,265.05,180,85.05,32.09,PayPal,5
ORD-2025-12614,2025-04-24,2025-04-29,2025,Q2,April,4,Standard Class,CUST-1029,Joseph Lewis,Consumer,Australia,Asia Pacific,New South Wales,Sydney,PROD-TEC-117,Technology,Phones,Google Pixel 8,2,540,699,1398,0.05,69.9,1328.1,1080,248.1,18.68,Credit Card,3
ORD-2024-12649,2025-04-25,2025-04-27,2025,Q2,April,4,Standard Class,CUST-1004,Sophia Brown,Consumer,France,Europe,Auvergne-Rhône-Alpes,Lyon,PROD-FUR-127,Furniture,Bookcases,Solid Wood Library Cabinet,4,450,720,2880,0.0,0.0,2880.0,1800,1080.0,37.5,Wire Transfer,5
ORD-2026-12255,2025-04-25,2025-04-27,2025,Q2,April,4,Standard Class,CUST-1010,Charlotte Martinez,Consumer,Australia,Asia Pacific,New South Wales,Sydney,PROD-OFF-127,Office Supplies,Paper,Heavyweight Cardstock Reams,3,16,32,96,0.1,9.6,86.4,48,38.4,44.44,Credit Card,4
ORD-2026-12150,2025-04-25,2025-04-26,2025,Q2,April,4,Standard Class,CUST-1017,Matthew Taylor,Corporate,United States,North America,California,Los Angeles,PROD-TEC-145,Technology,Phones,Samsung Galaxy S24,3,720,950,2850,0.05,142.5,2707.5,2160,547.5,20.22,Credit Card,4
ORD-2025-10811,2025-04-26,2025-04-27,2025,Q2,April,4,Same Day,CUST-1009,Benjamin Rodriguez,Corporate,United States,North America,New York,New York,PROD-FUR-108,Furniture,Tables,Smart Motorized Standing Desk,3,320,560,1680,0.05,84.0,1596.0,960,636.0,39.85,Credit Card,4
ORD-2026-12636,2025-04-26,2025-04-30,2025,Q2,April,4,Second Class,CUST-1011,Elijah Hernandez,Corporate,Canada,North America,British Columbia,Vancouver,PROD-TEC-196,Technology,Laptops,MacBook Air M3,6,890,1199,7194,0.15,1079.1,6114.9,5340,774.9,12.67,Credit Card,5
ORD-2025-10646,2025-04-26,2025-04-28,2025,Q2,April,4,Standard Class,CUST-1013,Alexander Gonzalez,Home Office,Germany,Europe,Berlin,Berlin,PROD-TEC-121,Technology,Laptops,HP Spectre x360,1,920,1250,1250,0.05,62.5,1187.5,920,267.5,22.53,Credit Card,3
ORD-2026-12687,2025-04-26,2025-04-30,2025,Q2,April,4,First Class,CUST-1020,Emily Martin,Consumer,Canada,North America,Ontario,Toronto,PROD-TEC-122,Technology,Accessories,Bose QuietComfort Headphones,6,180,279,1674,0.2,334.8,1339.2,1080,259.2,19.35,PayPal,3
ORD-2026-12765,2025-04-26,2025-04-30,2025,Q2,April,4,First Class,CUST-1024,Avery White,Home Office,United States,North America,California,Los Angeles,PROD-OFF-159,Office Supplies,Storage,Heavy Duty 4-Drawer File Cabinet,2,130,220,440,0.05,22.0,418.0,260,158.0,37.8,Credit Card,5
ORD-2026-10569,2025-04-26,2025-04-30,2025,Q2,April,4,Second Class,CUST-1005,James Jones,Corporate,Singapore,Asia Pacific,Central,Singapore,PROD-OFF-167,Office Supplies,Paper,Heavyweight Cardstock Reams,2,16,32,64,0.0,0.0,64.0,32,32.0,50.0,Credit Card,4
ORD-2025-12104,2025-04-27,2025-04-30,2025,Q2,April,4,Standard Class,CUST-1007,Lucas Miller,Consumer,United States,North America,Illinois,Chicago,PROD-TEC-103,Technology,Laptops,MacBook Air M3,2,890,1199,2398,0.0,0.0,2398.0,1780,618.0,25.77,Credit Card,5
ORD-2024-11839,2025-04-27,2025-04-29,2025,Q2,April,4,Standard Class,CUST-1012,Amelia Lopez,Consumer,United Kingdom,Europe,England,London,PROD-TEC-176,Technology,Laptops,ThinkPad X1 Carbon,1,1050,1399,1399,0.0,0.0,1399.0,1050,349.0,24.95,Credit Card,3
ORD-2026-10149,2025-04-28,2025-04-29,2025,Q2,April,4,Standard Class,CUST-1024,Avery White,Consumer,France,Europe,Auvergne-Rhône-Alpes,Lyon,PROD-FUR-149,Furniture,Tables,Modular Team Workstation,2,640,990,1980,0.1,198.0,1782.0,1280,502.0,28.17,Credit Card,5
ORD-2024-11707,2025-04-28,2025-05-02,2025,Q2,April,4,Standard Class,CUST-1026,Ella Sanchez,Corporate,United States,North America,California,Los Angeles,PROD-OFF-143,Office Supplies,Paper,Heavyweight Cardstock Reams,3,16,32,96,0.0,0.0,96.0,48,48.0,50.0,Wire Transfer,3
ORD-2026-12099,2025-04-28,2025-04-30,2025,Q2,April,4,Standard Class,CUST-1014,Harper Wilson,Home Office,United Kingdom,Europe,England,Manchester,PROD-FUR-156,Furniture,Tables,Smart Motorized Standing Desk,3,320,560,1680,0.0,0.0,1680.0,960,720.0,42.86,Wire Transfer,5
ORD-2025-12500,2025-04-28,2025-04-30,2025,Q2,April,4,Standard Class,CUST-1020,Emily Martin,Corporate,United States,North America,California,Los Angeles,PROD-OFF-175,Office Supplies,Storage,Locking Security Storage Box,4,65,115,460,0.15,69.0,391.0,260,131.0,33.5,Credit Card,5
ORD-2024-12064,2025-04-28,2025-05-01,2025,Q2,April,4,Second Class,CUST-1014,Harper Wilson,Corporate,United States,North America,California,Los Angeles,PROD-OFF-134,Office Supplies,Paper,Heavyweight Cardstock Reams,3,16,32,96,0.05,4.8,91.2,48,43.2,47.37,Direct Debit,5
ORD-2024-12595,2025-04-29,2025-05-01,2025,Q2,April,4,Same Day,CUST-1027,Samuel Clark,Consumer,United States,North America,Illinois,Chicago,PROD-OFF-121,Office Supplies,Paper,Executive Recycled Notepad Pack,1,12,24,24,0.0,0.0,24.0,12,12.0,50.0,Credit Card,5
ORD-2024-13216,2025-04-29,2025-05-03,2025,Q2,April,4,Standard Class,CUST-1019,Henry Jackson,Home Office,France,Europe,Île-de-France,Paris,PROD-TEC-138,Technology,Accessories,Anker USB-C Docking Hub,8,45,79,632,0.1,63.2,568.8,360,208.8,36.71,Credit Card,5
ORD-2026-11634,2025-04-29,2025-05-04,2025,Q2,April,4,Second Class,CUST-1022,Elizabeth Perez,Consumer,Australia,Asia Pacific,Victoria,Melbourne,PROD-FUR-131,Furniture,Chairs,Ergonomic Mesh Task Chair,3,160,289,867,0.0,0.0,867.0,480,387.0,44.64,Credit Card,4
ORD-2026-12795,2025-04-30,2025-05-01,2025,Q2,April,4,Standard Class,CUST-1018,Abigail Moore,Home Office,Canada,North America,Ontario,Toronto,PROD-OFF-191,Office Supplies,Paper,Heavyweight Cardstock Reams,2,16,32,64,0.1,6.4,57.6,32,25.6,44.44,Direct Debit,5
ORD-2026-10731,2025-04-30,2025-05-03,2025,Q2,April,4,Standard Class,CUST-1008,Mia Davis,Home Office,United States,North America,New York,New York,PROD-FUR-163,Furniture,Tables,Smart Motorized Standing Desk,5,320,560,2800,0.1,280.0,2520.0,1600,920.0,36.51,Credit Card,5
ORD-2024-13132,2025-04-30,2025-05-03,2025,Q2,April,4,Same Day,CUST-1003,Noah Williams,Consumer,Brazil,Latin America,São Paulo,São Paulo,PROD-FUR-109,Furniture,Chairs,Steelcase Gesture Chair,2,820,1250,2500,0.05,125.0,2375.0,1640,735.0,30.95,PayPal,4
ORD-2026-10035,2025-05-01,2025-05-04,2025,Q2,May,5,Second Class,CUST-1026,Ella Sanchez,Corporate,India,Asia Pacific,Karnataka,Bangalore,PROD-FUR-157,Furniture,Chairs,Steelcase Gesture Chair,1,820,1250,1250,0.0,0.0,1250.0,820,430.0,34.4,Credit Card,5
ORD-2025-10862,2025-05-01,2025-05-04,2025,Q2,May,5,Second Class,CUST-1004,Sophia Brown,Corporate,United Kingdom,Europe,England,Manchester,PROD-FUR-182,Furniture,Tables,Modular Team Workstation,1,640,990,990,0.1,99.0,891.0,640,251.0,28.17,Wire Transfer,5
ORD-2024-13162,2025-05-01,2025-05-03,2025,Q2,May,5,Standard Class,CUST-1025,David Harris,Home Office,India,Asia Pacific,Maharashtra,Mumbai,PROD-TEC-149,Technology,Phones,iPhone 15 Pro,3,850,1099,3297,0.1,329.7,2967.3,2550,417.3,14.06,Credit Card,3
ORD-2024-12940,2025-05-01,2025-05-03,2025,Q2,May,5,Standard Class,CUST-1016,Evelyn Thomas,Home Office,France,Europe,Auvergne-Rhône-Alpes,Lyon,PROD-FUR-195,Furniture,Tables,Solid Oak Conference Table,5,980,1480,7400,0.2,1480.0,5920.0,4900,1020.0,17.23,PayPal,5
ORD-2025-11834,2025-05-02,2025-05-04,2025,Q2,May,5,Standard Class,CUST-1023,Jack Thompson,Corporate,India,Asia Pacific,Maharashtra,Mumbai,PROD-TEC-197,Technology,Phones,Samsung Galaxy S24,2,720,950,1900,0.05,95.0,1805.0,1440,365.0,20.22,Wire Transfer,5
ORD-2025-10748,2025-05-02,2025-05-05,2025,Q2,May,5,Standard Class,CUST-1003,Noah Williams,Home Office,France,Europe,Auvergne-Rhône-Alpes,Lyon,PROD-TEC-160,Technology,Laptops,MacBook Air M3,2,890,1199,2398,0.0,0.0,2398.0,1780,618.0,25.77,Credit Card,5
ORD-2024-10966,2025-05-02,2025-05-06,2025,Q2,May,5,Second Class,CUST-1015,Daniel Anderson,Corporate,United States,North America,Illinois,Chicago,PROD-FUR-157,Furniture,Bookcases,Modern 5-Tier Industrial Bookshelf,1,110,195,195,0.0,0.0,195.0,110,85.0,43.59,Credit Card,5
ORD-2024-11083,2025-05-03,2025-05-04,2025,Q2,May,5,First Class,CUST-1012,Amelia Lopez,Corporate,Canada,North America,Ontario,Toronto,PROD-OFF-143,Office Supplies,Storage,Heavy Duty 4-Drawer File Cabinet,1,130,220,220,0.05,11.0,209.0,130,79.0,37.8,Wire Transfer,3
ORD-2025-10331,2025-05-03,2025-05-05,2025,Q2,May,5,Second Class,CUST-1025,David Harris,Consumer,United States,North America,New York,New York,PROD-FUR-172,Furniture,Chairs,Executive Leather Recliner,2,260,420,840,0.0,0.0,840.0,520,320.0,38.1,PayPal,4
ORD-2024-12442,2025-05-04,2025-05-08,2025,Q2,May,5,Second Class,CUST-1001,Liam Johnson,Consumer,United Kingdom,Europe,England,Manchester,PROD-TEC-111,Technology,Laptops,Dell XPS 15,2,1100,1450,2900,0.05,145.0,2755.0,2200,555.0,20.15,Wire Transfer,5
ORD-2024-11374,2025-05-04,2025-05-07,2025,Q2,May,5,Standard Class,CUST-1026,Ella Sanchez,Consumer,Japan,Asia Pacific,Kanto,Tokyo,PROD-TEC-127,Technology,Accessories,Dell 4K UltraSharp Monitor,1,340,489,489,0.1,48.9,440.1,340,100.1,22.74,Credit Card,5
ORD-2025-11639,2025-05-04,2025-05-05,2025,Q2,May,5,First Class,CUST-1000,Emma Watson,Consumer,United States,North America,California,Los Angeles,PROD-TEC-179,Technology,Phones,Google Pixel 8,2,540,699,1398,0.05,69.9,1328.1,1080,248.1,18.68,PayPal,5
ORD-2024-11941,2025-05-04,2025-05-06,2025,Q2,May,5,Standard Class,CUST-1025,David Harris,Corporate,United Kingdom,Europe,England,Manchester,PROD-OFF-163,Office Supplies,Appliances,Heavy Duty Cross-Cut Shredder,1,90,165,165,0.1,16.5,148.5,90,58.5,39.39,Direct Debit,5
ORD-2026-13101,2025-05-04,2025-05-06,2025,Q2,May,5,Second Class,CUST-1006,Isabella Garcia,Consumer,Germany,Europe,Bavaria,Munich,PROD-FUR-173,Furniture,Chairs,Ergonomic Mesh Task Chair,1,160,289,289,0.05,14.45,274.55,160,114.55,41.72,Credit Card,1
ORD-2024-12130,2025-05-04,2025-05-07,2025,Q2,May,5,Second Class,CUST-1000,Emma Watson,Home Office,United States,North America,Texas,Houston,PROD-FUR-122,Furniture,Chairs,Ergonomic Mesh Task Chair,5,160,289,1445,0.2,289.0,1156.0,800,356.0,30.8,Wire Transfer,5
ORD-2024-11761,2025-05-04,2025-05-07,2025,Q2,May,5,Standard Class,CUST-1007,Lucas Miller,Consumer,United States,North America,Texas,Houston,PROD-TEC-110,Technology,Laptops,Dell XPS 15,5,1100,1450,7250,0.1,725.0,6525.0,5500,1025.0,15.71,Wire Transfer,4
ORD-2025-10319,2025-05-04,2025-05-09,2025,Q2,May,5,Standard Class,CUST-1011,Elijah Hernandez,Consumer,United Kingdom,Europe,England,Manchester,PROD-FUR-141,Furniture,Chairs,Executive Leather Recliner,3,260,420,1260,0.0,0.0,1260.0,780,480.0,38.1,Credit Card,4
ORD-2024-10135,2025-05-04,2025-05-07,2025,Q2,May,5,Standard Class,CUST-1005,James Jones,Consumer,France,Europe,Île-de-France,Paris,PROD-TEC-179,Technology,Accessories,Dell 4K UltraSharp Monitor,2,340,489,978,0.1,97.8,880.2,680,200.2,22.74,Credit Card,5
ORD-2024-10300,2025-05-05,2025-05-08,2025,Q2,May,5,Second Class,CUST-1020,Emily Martin,Home Office,United States,North America,New York,New York,PROD-TEC-118,Technology,Accessories,Bose QuietComfort Headphones,3,180,279,837,0.0,0.0,837.0,540,297.0,35.48,Wire Transfer,5
ORD-2026-11850,2025-05-05,2025-05-11,2025,Q2,May,5,Second Class,CUST-1019,Henry Jackson,Consumer,India,Asia Pacific,Karnataka,Bangalore,PROD-FUR-155,Furniture,Bookcases,Solid Wood Library Cabinet,2,450,720,1440,0.0,0.0,1440.0,900,540.0,37.5,Credit Card,5
ORD-2025-10157,2025-05-05,2025-05-07,2025,Q2,May,5,First Class,CUST-1009,Benjamin Rodriguez,Home Office,United States,North America,California,Los Angeles,PROD-OFF-197,Office Supplies,Storage,Locking Security Storage Box,2,65,115,230,0.0,0.0,230.0,130,100.0,43.48,Wire Transfer,5
ORD-2025-10436,2025-05-06,2025-05-09,2025,Q2,May,5,Standard Class,CUST-1014,Harper Wilson,Home Office,Japan,Asia Pacific,Kanto,Tokyo,PROD-OFF-191,Office Supplies,Paper,Premium Multipurpose Laser Paper 5000ct,2,28,48,96,0.05,4.8,91.2,56,35.2,38.6,Credit Card,5
ORD-2025-13169,2025-05-06,2025-05-09,2025,Q2,May,5,Standard Class,CUST-1019,Henry Jackson,Consumer,France,Europe,Auvergne-Rhône-Alpes,Lyon,PROD-TEC-108,Technology,Laptops,ThinkPad X1 Carbon,2,1050,1399,2798,0.1,279.8,2518.2,2100,418.2,16.61,PayPal,5
ORD-2026-11355,2025-05-06,2025-05-07,2025,Q2,May,5,Standard Class,CUST-1004,Sophia Brown,Consumer,Germany,Europe,Bavaria,Munich,PROD-TEC-164,Technology,Accessories,Anker USB-C Docking Hub,2,45,79,158,0.0,0.0,158.0,90,68.0,43.04,Wire Transfer,3
ORD-2026-12660,2025-05-06,2025-05-10,2025,Q2,May,5,Same Day,CUST-1027,Samuel Clark,Consumer,Australia,Asia Pacific,New South Wales,Sydney,PROD-OFF-144,Office Supplies,Appliances,Smart Office Air Purifier Pro,3,140,249,747,0.0,0.0,747.0,420,327.0,43.78,PayPal,3
ORD-2025-13376,2025-05-06,2025-05-08,2025,Q2,May,5,Standard Class,CUST-1004,Sophia Brown,Home Office,United States,North America,California,Los Angeles,PROD-FUR-125,Furniture,Bookcases,Glass Display Credenza,3,310,520,1560,0.05,78.0,1482.0,930,552.0,37.25,Wire Transfer,3
ORD-2026-12936,2025-05-07,2025-05-12,2025,Q2,May,5,Same Day,CUST-1008,Mia Davis,Consumer,India,Asia Pacific,Maharashtra,Mumbai,PROD-OFF-147,Office Supplies,Storage,Heavy Duty 4-Drawer File Cabinet,10,130,220,2200,0.15,330.0,1870.0,1300,570.0,30.48,Wire Transfer,5
ORD-2025-10601,2025-05-07,2025-05-08,2025,Q2,May,5,Standard Class,CUST-1015,Daniel Anderson,Consumer,Brazil,Latin America,São Paulo,São Paulo,PROD-TEC-163,Technology,Accessories,Dell 4K UltraSharp Monitor,2,340,489,978,0.0,0.0,978.0,680,298.0,30.47,Credit Card,4
ORD-2026-13443,2025-05-07,2025-05-10,2025,Q2,May,5,Standard Class,CUST-1007,Lucas Miller,Consumer,United States,North America,California,Los Angeles,PROD-FUR-179,Furniture,Tables,Smart Motorized Standing Desk,1,320,560,560,0.0,0.0,560.0,320,240.0,42.86,PayPal,5
ORD-2024-12322,2025-05-07,2025-05-09,2025,Q2,May,5,Second Class,CUST-1000,Emma Watson,Consumer,France,Europe,Île-de-France,Paris,PROD-TEC-150,Technology,Accessories,Bose QuietComfort Headphones,2,180,279,558,0.1,55.8,502.2,360,142.2,28.32,Wire Transfer,5
ORD-2026-10395,2025-05-08,2025-05-10,2025,Q2,May,5,Standard Class,CUST-1026,Ella Sanchez,Corporate,Germany,Europe,Bavaria,Munich,PROD-FUR-123,Furniture,Tables,Solid Oak Conference Table,3,980,1480,4440,0.0,0.0,4440.0,2940,1500.0,33.78,Direct Debit,4
ORD-2025-11987,2025-05-08,2025-05-11,2025,Q2,May,5,Standard Class,CUST-1007,Lucas Miller,Consumer,India,Asia Pacific,Karnataka,Bangalore,PROD-FUR-111,Furniture,Tables,Coffee Break Lounge Table,5,120,210,1050,0.15,157.5,892.5,600,292.5,32.77,Credit Card,5
ORD-2024-10318,2025-05-08,2025-05-10,2025,Q2,May,5,Standard Class,CUST-1028,Chloe Ramirez,Home Office,Australia,Asia Pacific,Victoria,Melbourne,PROD-FUR-151,Furniture,Bookcases,Solid Wood Library Cabinet,1,450,720,720,0.0,0.0,720.0,450,270.0,37.5,Credit Card,4
ORD-2026-10302,2025-05-08,2025-05-10,2025,Q2,May,5,First Class,CUST-1019,Henry Jackson,Consumer,United Kingdom,Europe,England,Manchester,PROD-FUR-122,Furniture,Bookcases,Solid Wood Library Cabinet,3,450,720,2160,0.0,0.0,2160.0,1350,810.0,37.5,Wire Transfer,4
ORD-2024-10804,2025-05-09,2025-05-11,2025,Q2,May,5,Second Class,CUST-1016,Evelyn Thomas,Consumer,United States,North America,Texas,Houston,PROD-FUR-158,Furniture,Tables,Smart Motorized Standing Desk,1,320,560,560,0.1,56.0,504.0,320,184.0,36.51,Credit Card,5
ORD-2024-12013,2025-05-09,2025-05-12,2025,Q2,May,5,Standard Class,CUST-1004,Sophia Brown,Consumer,United Kingdom,Europe,England,London,PROD-TEC-171,Technology,Accessories,Bose QuietComfort Headphones,3,180,279,837,0.0,0.0,837.0,540,297.0,35.48,Credit Card,4
ORD-2026-11814,2025-05-09,2025-05-12,2025,Q2,May,5,Standard Class,CUST-1002,Olivia Smith,Home Office,United States,North America,Illinois,Chicago,PROD-OFF-169,Office Supplies,Paper,Premium Multipurpose Laser Paper 5000ct,2,28,48,96,0.0,0.0,96.0,56,40.0,41.67,Credit Card,1
ORD-2024-11335,2025-05-10,2025-05-14,2025,Q2,May,5,Standard Class,CUST-1004,Sophia Brown,Consumer,United States,North America,Texas,Houston,PROD-FUR-155,Furniture,Chairs,Herman Miller Aeron Chair,1,750,1195,1195,0.0,0.0,1195.0,750,445.0,37.24,Direct Debit,4
ORD-2024-12652,2025-05-11,2025-05-15,2025,Q2,May,5,Standard Class,CUST-1006,Isabella Garcia,Corporate,Germany,Europe,Bavaria,Munich,PROD-TEC-162,Technology,Accessories,Dell 4K UltraSharp Monitor,1,340,489,489,0.0,0.0,489.0,340,149.0,30.47,Credit Card,5
ORD-2024-10408,2025-05-11,2025-05-13,2025,Q2,May,5,Standard Class,CUST-1001,Liam Johnson,Consumer,United States,North America,California,Los Angeles,PROD-FUR-197,Furniture,Chairs,Executive Leather Recliner,10,260,420,4200,0.15,630.0,3570.0,2600,970.0,27.17,Credit Card,5
ORD-2025-12056,2025-05-12,2025-05-15,2025,Q2,May,5,Standard Class,CUST-1017,Matthew Taylor,Consumer,United States,North America,New York,New York,PROD-TEC-179,Technology,Laptops,HP Spectre x360,2,920,1250,2500,0.0,0.0,2500.0,1840,660.0,26.4,PayPal,3
ORD-2026-10101,2025-05-12,2025-05-14,2025,Q2,May,5,Same Day,CUST-1004,Sophia Brown,Consumer,Japan,Asia Pacific,Kanto,Tokyo,PROD-FUR-168,Furniture,Bookcases,Glass Display Credenza,1,310,520,520,0.0,0.0,520.0,310,210.0,40.38,PayPal,5
ORD-2026-11241,2025-05-12,2025-05-13,2025,Q2,May,5,Standard Class,CUST-1020,Emily Martin,Corporate,United States,North America,California,Los Angeles,PROD-TEC-123,Technology,Accessories,Dell 4K UltraSharp Monitor,1,340,489,489,0.15,73.35,415.65,340,75.65,18.2,Direct Debit,4
ORD-2025-12617,2025-05-12,2025-05-16,2025,Q2,May,5,Standard Class,CUST-1025,David Harris,Corporate,Singapore,Asia Pacific,Central,Singapore,PROD-OFF-110,Office Supplies,Storage,Rolling Mobile Utility Cart,1,45,85,85,0.15,12.75,72.25,45,27.25,37.72,Direct Debit,4
ORD-2024-11380,2025-05-12,2025-05-14,2025,Q2,May,5,Standard Class,CUST-1018,Abigail Moore,Corporate,United States,North America,California,Los Angeles,PROD-TEC-107,Technology,Phones,iPhone 15 Pro,1,850,1099,1099,0.05,54.95,1044.05,850,194.05,18.59,Wire Transfer,5
ORD-2026-13182,2025-05-13,2025-05-17,2025,Q2,May,5,Second Class,CUST-1020,Emily Martin,Consumer,Australia,Asia Pacific,New South Wales,Sydney,PROD-TEC-190,Technology,Laptops,ThinkPad X1 Carbon,5,1050,1399,6995,0.1,699.5,6295.5,5250,1045.5,16.61,Credit Card,5
ORD-2024-10954,2025-05-13,2025-05-15,2025,Q2,May,5,First Class,CUST-1019,Henry Jackson,Corporate,United Kingdom,Europe,England,London,PROD-FUR-103,Furniture,Chairs,Herman Miller Aeron Chair,1,750,1195,1195,0.1,119.5,1075.5,750,325.5,30.26,Credit Card,3
ORD-2026-12834,2025-05-13,2025-05-15,2025,Q2,May,5,Standard Class,CUST-1011,Elijah Hernandez,Consumer,France,Europe,Auvergne-Rhône-Alpes,Lyon,PROD-TEC-131,Technology,Phones,Samsung Galaxy S24,2,720,950,1900,0.05,95.0,1805.0,1440,365.0,20.22,PayPal,3
ORD-2025-13412,2025-05-13,2025-05-14,2025,Q2,May,5,Standard Class,CUST-1019,Henry Jackson,Home Office,India,Asia Pacific,Karnataka,Bangalore,PROD-TEC-116,Technology,Phones,iPhone 15 Pro,2,850,1099,2198,0.0,0.0,2198.0,1700,498.0,22.66,Wire Transfer,5
ORD-2024-10225,2025-05-13,2025-05-16,2025,Q2,May,5,Standard Class,CUST-1017,Matthew Taylor,Corporate,Mexico,Latin America,Federal District,Mexico City,PROD-TEC-149,Technology,Accessories,Bose QuietComfort Headphones,2,180,279,558,0.05,27.9,530.1,360,170.1,32.09,Credit Card,4
ORD-2024-10396,2025-05-13,2025-05-15,2025,Q2,May,5,Second Class,CUST-1010,Charlotte Martinez,Corporate,Australia,Asia Pacific,New South Wales,Sydney,PROD-TEC-177,Technology,Laptops,MacBook Air M3,1,890,1199,1199,0.1,119.9,1079.1,890,189.1,17.52,PayPal,5
ORD-2025-10724,2025-05-14,2025-05-16,2025,Q2,May,5,Standard Class,CUST-1018,Abigail Moore,Corporate,Germany,Europe,Berlin,Berlin,PROD-OFF-159,Office Supplies,Paper,Executive Recycled Notepad Pack,3,12,24,72,0.1,7.2,64.8,36,28.8,44.44,Credit Card,5
ORD-2026-10626,2025-05-15,2025-05-17,2025,Q2,May,5,Second Class,CUST-1005,James Jones,Corporate,Canada,North America,British Columbia,Vancouver,PROD-OFF-112,Office Supplies,Appliances,Heavy Duty Cross-Cut Shredder,4,90,165,660,0.1,66.0,594.0,360,234.0,39.39,Wire Transfer,5
ORD-2026-12027,2025-05-15,2025-05-17,2025,Q2,May,5,Second Class,CUST-1010,Charlotte Martinez,Consumer,United Kingdom,Europe,England,London,PROD-FUR-183,Furniture,Tables,Solid Oak Conference Table,1,980,1480,1480,0.0,0.0,1480.0,980,500.0,33.78,Wire Transfer,5
ORD-2026-13479,2025-05-15,2025-05-17,2025,Q2,May,5,Second Class,CUST-1000,Emma Watson,Corporate,Canada,North America,British Columbia,Vancouver,PROD-TEC-103,Technology,Phones,Google Pixel 8,2,540,699,1398,0.1,139.8,1258.2,1080,178.2,14.16,Direct Debit,5
ORD-2026-12849,2025-05-15,2025-05-18,2025,Q2,May,5,Standard Class,CUST-1025,David Harris,Consumer,United States,North America,California,Los Angeles,PROD-FUR-153,Furniture,Chairs,Ergonomic Mesh Task Chair,1,160,289,289,0.0,0.0,289.0,160,129.0,44.64,PayPal,5
ORD-2024-12721,2025-05-15,2025-05-19,2025,Q2,May,5,Standard Class,CUST-1010,Charlotte Martinez,Consumer,France,Europe,Auvergne-Rhône-Alpes,Lyon,PROD-OFF-105,Office Supplies,Paper,Heavyweight Cardstock Reams,1,16,32,32,0.0,0.0,32.0,16,16.0,50.0,Wire Transfer,4
ORD-2026-10533,2025-05-16,2025-05-19,2025,Q2,May,5,Standard Class,CUST-1005,James Jones,Consumer,Canada,North America,British Columbia,Vancouver,PROD-FUR-168,Furniture,Bookcases,Glass Display Credenza,1,310,520,520,0.0,0.0,520.0,310,210.0,40.38,Wire Transfer,4
ORD-2026-13266,2025-05-16,2025-05-18,2025,Q2,May,5,Standard Class,CUST-1020,Emily Martin,Home Office,Germany,Europe,Berlin,Berlin,PROD-OFF-169,Office Supplies,Appliances,Smart Office Air Purifier Pro,4,140,249,996,0.1,99.6,896.4,560,336.4,37.53,Credit Card,5
ORD-2024-13054,2025-05-17,2025-05-20,2025,Q2,May,5,Standard Class,CUST-1028,Chloe Ramirez,Home Office,United States,North America,California,Los Angeles,PROD-TEC-115,Technology,Accessories,Anker USB-C Docking Hub,2,45,79,158,0.0,0.0,158.0,90,68.0,43.04,Credit Card,3
ORD-2026-13224,2025-05-17,2025-05-20,2025,Q2,May,5,Standard Class,CUST-1019,Henry Jackson,Consumer,United Kingdom,Europe,England,Manchester,PROD-FUR-151,Furniture,Chairs,Ergonomic Mesh Task Chair,2,160,289,578,0.05,28.9,549.1,320,229.1,41.72,Wire Transfer,5
ORD-2026-12654,2025-05-17,2025-05-19,2025,Q2,May,5,Standard Class,CUST-1022,Elizabeth Perez,Consumer,Singapore,Asia Pacific,Central,Singapore,PROD-TEC-195,Technology,Accessories,Dell 4K UltraSharp Monitor,2,340,489,978,0.05,48.9,929.1,680,249.1,26.81,Credit Card,4
ORD-2025-11108,2025-05-17,2025-05-21,2025,Q2,May,5,Standard Class,CUST-1025,David Harris,Corporate,United Kingdom,Europe,England,London,PROD-FUR-110,Furniture,Bookcases,Solid Wood Library Cabinet,2,450,720,1440,0.05,72.0,1368.0,900,468.0,34.21,Credit Card,4
ORD-2026-10992,2025-05-18,2025-05-21,2025,Q2,May,5,Second Class,CUST-1025,David Harris,Home Office,Australia,Asia Pacific,New South Wales,Sydney,PROD-TEC-104,Technology,Phones,iPhone 15 Pro,3,850,1099,3297,0.1,329.7,2967.3,2550,417.3,14.06,Direct Debit,2
ORD-2024-12439,2025-05-19,2025-05-24,2025,Q2,May,5,Standard Class,CUST-1025,David Harris,Consumer,Mexico,Latin America,Federal District,Mexico City,PROD-TEC-138,Technology,Laptops,ThinkPad X1 Carbon,5,1050,1399,6995,0.1,699.5,6295.5,5250,1045.5,16.61,PayPal,1
ORD-2024-12274,2025-05-19,2025-05-20,2025,Q2,May,5,Standard Class,CUST-1000,Emma Watson,Corporate,United Kingdom,Europe,England,Manchester,PROD-FUR-197,Furniture,Chairs,Ergonomic Mesh Task Chair,4,160,289,1156,0.15,173.4,982.6,640,342.6,34.87,Wire Transfer,4
ORD-2026-11157,2025-05-19,2025-05-23,2025,Q2,May,5,Second Class,CUST-1023,Jack Thompson,Corporate,United States,North America,New York,New York,PROD-FUR-152,Furniture,Bookcases,Modern 5-Tier Industrial Bookshelf,5,110,195,975,0.1,97.5,877.5,550,327.5,37.32,Direct Debit,5
ORD-2025-12929,2025-05-19,2025-05-24,2025,Q2,May,5,Second Class,CUST-1022,Elizabeth Perez,Consumer,France,Europe,Auvergne-Rhône-Alpes,Lyon,PROD-FUR-192,Furniture,Bookcases,Modern 5-Tier Industrial Bookshelf,5,110,195,975,0.2,195.0,780.0,550,230.0,29.49,Credit Card,5
ORD-2025-12437,2025-05-20,2025-05-23,2025,Q2,May,5,First Class,CUST-1013,Alexander Gonzalez,Corporate,Mexico,Latin America,Federal District,Mexico City,PROD-TEC-163,Technology,Accessories,Anker USB-C Docking Hub,5,45,79,395,0.1,39.5,355.5,225,130.5,36.71,Credit Card,5
ORD-2025-10466,2025-05-20,2025-05-22,2025,Q2,May,5,Standard Class,CUST-1019,Henry Jackson,Corporate,Germany,Europe,Bavaria,Munich,PROD-TEC-155,Technology,Laptops,ThinkPad X1 Carbon,1,1050,1399,1399,0.0,0.0,1399.0,1050,349.0,24.95,PayPal,5
ORD-2026-11625,2025-05-20,2025-05-23,2025,Q2,May,5,Standard Class,CUST-1022,Elizabeth Perez,Consumer,United States,North America,Texas,Houston,PROD-TEC-140,Technology,Laptops,Dell XPS 15,2,1100,1450,2900,0.0,0.0,2900.0,2200,700.0,24.14,Credit Card,5
ORD-2024-10375,2025-05-20,2025-05-22,2025,Q2,May,5,Second Class,CUST-1015,Daniel Anderson,Consumer,France,Europe,Île-de-France,Paris,PROD-FUR-180,Furniture,Chairs,Steelcase Gesture Chair,3,820,1250,3750,0.05,187.5,3562.5,2460,1102.5,30.95,Credit Card,5
ORD-2026-10728,2025-05-20,2025-05-23,2025,Q2,May,5,Standard Class,CUST-1001,Liam Johnson,Corporate,Brazil,Latin America,Rio de Janeiro,Rio de Janeiro,PROD-TEC-131,Technology,Phones,Google Pixel 8,1,540,699,699,0.0,0.0,699.0,540,159.0,22.75,Credit Card,4
ORD-2026-11799,2025-05-21,2025-05-24,2025,Q2,May,5,First Class,CUST-1013,Alexander Gonzalez,Consumer,Canada,North America,Ontario,Toronto,PROD-TEC-134,Technology,Laptops,ThinkPad X1 Carbon,5,1050,1399,6995,0.15,1049.25,5945.75,5250,695.75,11.7,Credit Card,4
ORD-2025-10397,2025-05-21,2025-05-24,2025,Q2,May,5,Standard Class,CUST-1006,Isabella Garcia,Corporate,Singapore,Asia Pacific,Central,Singapore,PROD-OFF-120,Office Supplies,Storage,Locking Security Storage Box,2,65,115,230,0.0,0.0,230.0,130,100.0,43.48,Wire Transfer,5
ORD-2025-10193,2025-05-21,2025-05-23,2025,Q2,May,5,First Class,CUST-1010,Charlotte Martinez,Corporate,United States,North America,Texas,Houston,PROD-OFF-106,Office Supplies,Appliances,Commercial Espresso Barista Machine,1,620,950,950,0.1,95.0,855.0,620,235.0,27.49,Wire Transfer,5
ORD-2026-10311,2025-05-21,2025-05-24,2025,Q2,May,5,Standard Class,CUST-1021,Sebastian Lee,Home Office,United Kingdom,Europe,England,Manchester,PROD-TEC-179,Technology,Accessories,Bose QuietComfort Headphones,1,180,279,279,0.0,0.0,279.0,180,99.0,35.48,Credit Card,5
ORD-2026-11823,2025-05-21,2025-05-23,2025,Q2,May,5,Same Day,CUST-1026,Ella Sanchez,Consumer,United States,North America,California,Los Angeles,PROD-TEC-161,Technology,Accessories,Anker USB-C Docking Hub,2,45,79,158,0.0,0.0,158.0,90,68.0,43.04,Direct Debit,3
ORD-2024-12526,2025-05-21,2025-05-24,2025,Q2,May,5,Second Class,CUST-1016,Evelyn Thomas,Consumer,United States,North America,Illinois,Chicago,PROD-TEC-122,Technology,Laptops,Dell XPS 15,1,1100,1450,1450,0.0,0.0,1450.0,1100,350.0,24.14,Wire Transfer,5
ORD-2024-10033,2025-05-21,2025-05-23,2025,Q2,May,5,Standard Class,CUST-1022,Elizabeth Perez,Consumer,Japan,Asia Pacific,Kanto,Tokyo,PROD-OFF-190,Office Supplies,Storage,Heavy Duty 4-Drawer File Cabinet,2,130,220,440,0.0,0.0,440.0,260,180.0,40.91,Credit Card,3
ORD-2026-13419,2025-05-22,2025-05-24,2025,Q2,May,5,Standard Class,CUST-1026,Ella Sanchez,Consumer,Canada,North America,British Columbia,Vancouver,PROD-OFF-144,Office Supplies,Appliances,Smart Office Air Purifier Pro,3,140,249,747,0.0,0.0,747.0,420,327.0,43.78,Wire Transfer,5
ORD-2025-10745,2025-05-22,2025-05-24,2025,Q2,May,5,First Class,CUST-1020,Emily Martin,Home Office,United States,North America,Illinois,Chicago,PROD-FUR-180,Furniture,Chairs,Executive Leather Recliner,3,260,420,1260,0.0,0.0,1260.0,780,480.0,38.1,Credit Card,4
ORD-2026-12735,2025-05-22,2025-05-25,2025,Q2,May,5,Standard Class,CUST-1006,Isabella Garcia,Corporate,Canada,North America,British Columbia,Vancouver,PROD-TEC-190,Technology,Laptops,Dell XPS 15,1,1100,1450,1450,0.0,0.0,1450.0,1100,350.0,24.14,Direct Debit,5
ORD-2025-12638,2025-05-22,2025-05-24,2025,Q2,May,5,Second Class,CUST-1013,Alexander Gonzalez,Consumer,United States,North America,Texas,Houston,PROD-TEC-102,Technology,Accessories,Dell 4K UltraSharp Monitor,4,340,489,1956,0.0,0.0,1956.0,1360,596.0,30.47,Credit Card,4
ORD-2026-10554,2025-05-22,2025-05-24,2025,Q2,May,5,Second Class,CUST-1028,Chloe Ramirez,Corporate,United States,North America,Texas,Houston,PROD-FUR-151,Furniture,Tables,Smart Motorized Standing Desk,1,320,560,560,0.0,0.0,560.0,320,240.0,42.86,Wire Transfer,5
ORD-2026-12669,2025-05-22,2025-05-26,2025,Q2,May,5,First Class,CUST-1021,Sebastian Lee,Consumer,United States,North America,New York,New York,PROD-TEC-150,Technology,Phones,Google Pixel 8,1,540,699,699,0.0,0.0,699.0,540,159.0,22.75,PayPal,4
ORD-2024-12301,2025-05-22,2025-05-24,2025,Q2,May,5,Second Class,CUST-1026,Ella Sanchez,Corporate,Canada,North America,British Columbia,Vancouver,PROD-TEC-141,Technology,Accessories,Anker USB-C Docking Hub,1,45,79,79,0.05,3.95,75.05,45,30.05,40.04,PayPal,4
ORD-2026-11976,2025-05-23,2025-05-28,2025,Q2,May,5,Standard Class,CUST-1021,Sebastian Lee,Consumer,United States,North America,New York,New York,PROD-TEC-126,Technology,Accessories,Bose QuietComfort Headphones,1,180,279,279,0.0,0.0,279.0,180,99.0,35.48,Credit Card,5
ORD-2026-10380,2025-05-23,2025-05-26,2025,Q2,May,5,Second Class,CUST-1015,Daniel Anderson,Corporate,Australia,Asia Pacific,New South Wales,Sydney,PROD-FUR-116,Furniture,Chairs,Herman Miller Aeron Chair,1,750,1195,1195,0.05,59.75,1135.25,750,385.25,33.94,Credit Card,3
ORD-2025-11063,2025-05-24,2025-05-27,2025,Q2,May,5,Same Day,CUST-1025,David Harris,Corporate,United States,North America,California,Los Angeles,PROD-OFF-155,Office Supplies,Appliances,Heavy Duty Cross-Cut Shredder,3,90,165,495,0.15,74.25,420.75,270,150.75,35.83,PayPal,3
ORD-2026-11394,2025-05-24,2025-05-27,2025,Q2,May,5,Standard Class,CUST-1007,Lucas Miller,Home Office,France,Europe,Auvergne-Rhône-Alpes,Lyon,PROD-OFF-137,Office Supplies,Appliances,Smart Office Air Purifier Pro,6,140,249,1494,0.1,149.4,1344.6,840,504.6,37.53,Credit Card,4
ORD-2026-13044,2025-05-24,2025-05-26,2025,Q2,May,5,First Class,CUST-1012,Amelia Lopez,Corporate,Canada,North America,Ontario,Toronto,PROD-FUR-125,Furniture,Tables,Modular Team Workstation,1,640,990,990,0.1,99.0,891.0,640,251.0,28.17,Credit Card,4
ORD-2026-10686,2025-05-24,2025-05-25,2025,Q2,May,5,Standard Class,CUST-1024,Avery White,Home Office,United Kingdom,Europe,England,London,PROD-FUR-122,Furniture,Tables,Modular Team Workstation,6,640,990,5940,0.1,594.0,5346.0,3840,1506.0,28.17,Credit Card,5
ORD-2024-12784,2025-05-24,2025-05-27,2025,Q2,May,5,Standard Class,CUST-1023,Jack Thompson,Corporate,United States,North America,Illinois,Chicago,PROD-FUR-107,Furniture,Tables,Modular Team Workstation,1,640,990,990,0.0,0.0,990.0,640,350.0,35.35,Credit Card,4
ORD-2025-10271,2025-05-25,2025-05-26,2025,Q2,May,5,Second Class,CUST-1017,Matthew Taylor,Home Office,India,Asia Pacific,Maharashtra,Mumbai,PROD-OFF-175,Office Supplies,Storage,Locking Security Storage Box,1,65,115,115,0.05,5.75,109.25,65,44.25,40.5,Credit Card,4
ORD-2025-12341,2025-05-25,2025-05-28,2025,Q2,May,5,Standard Class,CUST-1000,Emma Watson,Consumer,United Kingdom,Europe,England,London,PROD-FUR-181,Furniture,Chairs,Herman Miller Aeron Chair,4,750,1195,4780,0.0,0.0,4780.0,3000,1780.0,37.24,Wire Transfer,5
ORD-2024-11728,2025-05-26,2025-05-28,2025,Q2,May,5,Same Day,CUST-1021,Sebastian Lee,Home Office,Canada,North America,Ontario,Toronto,PROD-OFF-183,Office Supplies,Storage,Heavy Duty 4-Drawer File Cabinet,1,130,220,220,0.0,0.0,220.0,130,90.0,40.91,PayPal,5
ORD-2025-10160,2025-05-26,2025-05-29,2025,Q2,May,5,Same Day,CUST-1010,Charlotte Martinez,Consumer,Singapore,Asia Pacific,Central,Singapore,PROD-FUR-122,Furniture,Tables,Coffee Break Lounge Table,4,120,210,840,0.0,0.0,840.0,480,360.0,42.86,Credit Card,5
ORD-2024-10480,2025-05-26,2025-05-28,2025,Q2,May,5,Same Day,CUST-1023,Jack Thompson,Home Office,Canada,North America,British Columbia,Vancouver,PROD-FUR-173,Furniture,Bookcases,Solid Wood Library Cabinet,3,450,720,2160,0.0,0.0,2160.0,1350,810.0,37.5,Credit Card,5
ORD-2026-11988,2025-05-27,2025-05-30,2025,Q2,May,5,Standard Class,CUST-1018,Abigail Moore,Consumer,Canada,North America,British Columbia,Vancouver,PROD-TEC-151,Technology,Laptops,MacBook Air M3,1,890,1199,1199,0.05,59.95,1139.05,890,249.05,21.86,PayPal,4
ORD-2026-12525,2025-05-27,2025-05-30,2025,Q2,May,5,First Class,CUST-1027,Samuel Clark,Corporate,Germany,Europe,Berlin,Berlin,PROD-TEC-110,Technology,Laptops,Dell XPS 15,2,1100,1450,2900,0.0,0.0,2900.0,2200,700.0,24.14,Wire Transfer,5
ORD-2025-11039,2025-05-27,2025-05-30,2025,Q2,May,5,Standard Class,CUST-1004,Sophia Brown,Consumer,United Kingdom,Europe,England,Manchester,PROD-TEC-174,Technology,Accessories,Dell 4K UltraSharp Monitor,4,340,489,1956,0.0,0.0,1956.0,1360,596.0,30.47,Wire Transfer,4
ORD-2024-10750,2025-05-27,2025-05-31,2025,Q2,May,5,Standard Class,CUST-1011,Elijah Hernandez,Home Office,France,Europe,Île-de-France,Paris,PROD-TEC-146,Technology,Accessories,Bose QuietComfort Headphones,3,180,279,837,0.0,0.0,837.0,540,297.0,35.48,Wire Transfer,3
ORD-2024-13213,2025-05-29,2025-05-30,2025,Q2,May,5,Standard Class,CUST-1028,Chloe Ramirez,Consumer,United States,North America,Illinois,Chicago,PROD-FUR-117,Furniture,Tables,Coffee Break Lounge Table,1,120,210,210,0.0,0.0,210.0,120,90.0,42.86,Credit Card,5
ORD-2026-13332,2025-05-29,2025-05-31,2025,Q2,May,5,Standard Class,CUST-1029,Joseph Lewis,Consumer,Japan,Asia Pacific,Kanto,Tokyo,PROD-FUR-174,Furniture,Bookcases,Modern 5-Tier Industrial Bookshelf,2,110,195,390,0.0,0.0,390.0,220,170.0,43.59,Wire Transfer,4
ORD-2026-12198,2025-05-29,2025-05-30,2025,Q2,May,5,Standard Class,CUST-1002,Olivia Smith,Consumer,India,Asia Pacific,Karnataka,Bangalore,PROD-TEC-172,Technology,Accessories,Logitech MX Master 3S,2,55,99,198,0.0,0.0,198.0,110,88.0,44.44,Credit Card,5
ORD-2026-11385,2025-05-29,2025-06-02,2025,Q2,May,5,Standard Class,CUST-1019,Henry Jackson,Corporate,United States,North America,Illinois,Chicago,PROD-FUR-148,Furniture,Chairs,Herman Miller Aeron Chair,3,750,1195,3585,0.0,0.0,3585.0,2250,1335.0,37.24,Wire Transfer,5
ORD-2025-12890,2025-05-29,2025-06-02,2025,Q2,May,5,Standard Class,CUST-1011,Elijah Hernandez,Home Office,Canada,North America,British Columbia,Vancouver,PROD-FUR-133,Furniture,Tables,Smart Motorized Standing Desk,8,320,560,4480,0.15,672.0,3808.0,2560,1248.0,32.77,Credit Card,5
ORD-2026-10287,2025-05-29,2025-05-31,2025,Q2,May,5,Second Class,CUST-1009,Benjamin Rodriguez,Corporate,United States,North America,Texas,Houston,PROD-TEC-161,Technology,Accessories,Logitech MX Master 3S,1,55,99,99,0.0,0.0,99.0,55,44.0,44.44,PayPal,4
ORD-2026-11406,2025-05-30,2025-06-02,2025,Q2,May,5,Standard Class,CUST-1018,Abigail Moore,Consumer,Singapore,Asia Pacific,Central,Singapore,PROD-TEC-145,Technology,Accessories,Dell 4K UltraSharp Monitor,3,340,489,1467,0.0,0.0,1467.0,1020,447.0,30.47,Wire Transfer,1
ORD-2024-10498,2025-05-30,2025-06-02,2025,Q2,May,5,Standard Class,CUST-1014,Harper Wilson,Consumer,Canada,North America,Ontario,Toronto,PROD-FUR-141,Furniture,Tables,Smart Motorized Standing Desk,1,320,560,560,0.0,0.0,560.0,320,240.0,42.86,PayPal,3
ORD-2025-10304,2025-05-30,2025-06-03,2025,Q2,May,5,Standard Class,CUST-1021,Sebastian Lee,Consumer,United Kingdom,Europe,England,London,PROD-OFF-156,Office Supplies,Appliances,Heavy Duty Cross-Cut Shredder,2,90,165,330,0.0,0.0,330.0,180,150.0,45.45,Credit Card,5
ORD-2026-11454,2025-05-30,2025-06-03,2025,Q2,May,5,First Class,CUST-1016,Evelyn Thomas,Consumer,Germany,Europe,Bavaria,Munich,PROD-FUR-194,Furniture,Tables,Solid Oak Conference Table,1,980,1480,1480,0.0,0.0,1480.0,980,500.0,33.78,PayPal,5
ORD-2026-12852,2025-05-31,2025-06-02,2025,Q2,May,5,First Class,CUST-1028,Chloe Ramirez,Consumer,United Kingdom,Europe,England,Manchester,PROD-FUR-183,Furniture,Tables,Coffee Break Lounge Table,2,120,210,420,0.05,21.0,399.0,240,159.0,39.85,Credit Card,5
ORD-2025-11411,2025-05-31,2025-06-04,2025,Q2,May,5,Standard Class,CUST-1014,Harper Wilson,Consumer,India,Asia Pacific,Karnataka,Bangalore,PROD-OFF-152,Office Supplies,Paper,Premium Multipurpose Laser Paper 5000ct,4,28,48,192,0.0,0.0,192.0,112,80.0,41.67,Wire Transfer,1
ORD-2025-11222,2025-05-31,2025-06-04,2025,Q2,May,5,Second Class,CUST-1014,Harper Wilson,Home Office,Japan,Asia Pacific,Kanto,Tokyo,PROD-OFF-169,Office Supplies,Storage,Locking Security Storage Box,2,65,115,230,0.0,0.0,230.0,130,100.0,43.48,Credit Card,4
ORD-2026-12039,2025-06-01,2025-06-02,2025,Q2,June,6,Second Class,CUST-1001,Liam Johnson,Consumer,United States,North America,Illinois,Chicago,PROD-OFF-113,Office Supplies,Paper,Executive Recycled Notepad Pack,4,12,24,96,0.05,4.8,91.2,48,43.2,47.37,Wire Transfer,5
ORD-2025-12710,2025-06-01,2025-06-06,2025,Q2,June,6,Standard Class,CUST-1024,Avery White,Home Office,Brazil,Latin America,Rio de Janeiro,Rio de Janeiro,PROD-FUR-133,Furniture,Tables,Modular Team Workstation,1,640,990,990,0.0,0.0,990.0,640,350.0,35.35,Credit Card,3
ORD-2025-11717,2025-06-01,2025-06-05,2025,Q2,June,6,Standard Class,CUST-1021,Sebastian Lee,Consumer,France,Europe,Auvergne-Rhône-Alpes,Lyon,PROD-OFF-173,Office Supplies,Appliances,Smart Office Air Purifier Pro,2,140,249,498,0.05,24.9,473.1,280,193.1,40.82,Wire Transfer,4
ORD-2026-11781,2025-06-01,2025-06-02,2025,Q2,June,6,Standard Class,CUST-1020,Emily Martin,Consumer,Mexico,Latin America,Federal District,Mexico City,PROD-TEC-163,Technology,Laptops,MacBook Air M3,4,890,1199,4796,0.0,0.0,4796.0,3560,1236.0,25.77,Credit Card,5
ORD-2026-12693,2025-06-01,2025-06-03,2025,Q2,June,6,Standard Class,CUST-1010,Charlotte Martinez,Corporate,Japan,Asia Pacific,Kanto,Tokyo,PROD-TEC-147,Technology,Laptops,HP Spectre x360,2,920,1250,2500,0.05,125.0,2375.0,1840,535.0,22.53,PayPal,4
ORD-2025-13019,2025-06-02,2025-06-07,2025,Q2,June,6,Standard Class,CUST-1029,Joseph Lewis,Home Office,United States,North America,California,Los Angeles,PROD-TEC-148,Technology,Laptops,HP Spectre x360,4,920,1250,5000,0.1,500.0,4500.0,3680,820.0,18.22,Wire Transfer,5
ORD-2025-10775,2025-06-02,2025-06-06,2025,Q2,June,6,Standard Class,CUST-1001,Liam Johnson,Corporate,Canada,North America,British Columbia,Vancouver,PROD-OFF-187,Office Supplies,Paper,Premium Multipurpose Laser Paper 5000ct,4,28,48,192,0.1,19.2,172.8,112,60.8,35.19,Wire Transfer,5
ORD-2024-13186,2025-06-02,2025-06-04,2025,Q2,June,6,Second Class,CUST-1025,David Harris,Consumer,Canada,North America,British Columbia,Vancouver,PROD-OFF-187,Office Supplies,Storage,Rolling Mobile Utility Cart,1,45,85,85,0.0,0.0,85.0,45,40.0,47.06,PayPal,5
ORD-2024-11641,2025-06-02,2025-06-04,2025,Q2,June,6,Standard Class,CUST-1004,Sophia Brown,Consumer,Mexico,Latin America,Jalisco,Guadalajara,PROD-OFF-132,Office Supplies,Storage,Heavy Duty 4-Drawer File Cabinet,3,130,220,660,0.0,0.0,660.0,390,270.0,40.91,Wire Transfer,1
ORD-2024-12844,2025-06-02,2025-06-05,2025,Q2,June,6,Standard Class,CUST-1000,Emma Watson,Corporate,Australia,Asia Pacific,New South Wales,Sydney,PROD-FUR-142,Furniture,Bookcases,Solid Wood Library Cabinet,4,450,720,2880,0.0,0.0,2880.0,1800,1080.0,37.5,Credit Card,5
ORD-2024-11866,2025-06-03,2025-06-04,2025,Q2,June,6,Standard Class,CUST-1028,Chloe Ramirez,Consumer,Singapore,Asia Pacific,Central,Singapore,PROD-FUR-107,Furniture,Bookcases,Glass Display Credenza,2,310,520,1040,0.1,104.0,936.0,620,316.0,33.76,Credit Card,5
ORD-2024-12055,2025-06-03,2025-06-07,2025,Q2,June,6,Standard Class,CUST-1002,Olivia Smith,Consumer,France,Europe,Auvergne-Rhône-Alpes,Lyon,PROD-FUR-128,Furniture,Chairs,Ergonomic Mesh Task Chair,3,160,289,867,0.0,0.0,867.0,480,387.0,44.64,Wire Transfer,4
ORD-2026-11817,2025-06-03,2025-06-05,2025,Q2,June,6,Second Class,CUST-1015,Daniel Anderson,Consumer,United Kingdom,Europe,England,London,PROD-FUR-145,Furniture,Bookcases,Glass Display Credenza,1,310,520,520,0.0,0.0,520.0,310,210.0,40.38,Credit Card,5
ORD-2026-12111,2025-06-03,2025-06-04,2025,Q2,June,6,Second Class,CUST-1015,Daniel Anderson,Consumer,United Kingdom,Europe,England,London,PROD-OFF-123,Office Supplies,Paper,Premium Multipurpose Laser Paper 5000ct,3,28,48,144,0.1,14.4,129.6,84,45.6,35.19,Credit Card,4
ORD-2025-11408,2025-06-03,2025-06-06,2025,Q2,June,6,First Class,CUST-1005,James Jones,Consumer,United States,North America,Illinois,Chicago,PROD-FUR-102,Furniture,Bookcases,Glass Display Credenza,4,310,520,2080,0.05,104.0,1976.0,1240,736.0,37.25,PayPal,4
ORD-2024-10294,2025-06-03,2025-06-06,2025,Q2,June,6,First Class,CUST-1018,Abigail Moore,Consumer,United Kingdom,Europe,England,London,PROD-FUR-161,Furniture,Bookcases,Glass Display Credenza,3,310,520,1560,0.0,0.0,1560.0,930,630.0,40.38,Credit Card,3
ORD-2024-13471,2025-06-03,2025-06-07,2025,Q2,June,6,Standard Class,CUST-1003,Noah Williams,Home Office,Canada,North America,Ontario,Toronto,PROD-OFF-128,Office Supplies,Paper,Executive Recycled Notepad Pack,5,12,24,120,0.2,24.0,96.0,60,36.0,37.5,Credit Card,5
ORD-2024-10309,2025-06-04,2025-06-07,2025,Q2,June,6,Standard Class,CUST-1017,Matthew Taylor,Corporate,United Kingdom,Europe,England,London,PROD-TEC-112,Technology,Accessories,Logitech MX Master 3S,4,55,99,396,0.05,19.8,376.2,220,156.2,41.52,Wire Transfer,5
ORD-2024-12280,2025-06-04,2025-06-08,2025,Q2,June,6,Second Class,CUST-1029,Joseph Lewis,Consumer,United Kingdom,Europe,England,Manchester,PROD-TEC-177,Technology,Laptops,ThinkPad X1 Carbon,2,1050,1399,2798,0.05,139.9,2658.1,2100,558.1,21.0,Wire Transfer,4
ORD-2026-11211,2025-06-04,2025-06-05,2025,Q2,June,6,Standard Class,CUST-1007,Lucas Miller,Consumer,Australia,Asia Pacific,Victoria,Melbourne,PROD-TEC-147,Technology,Phones,Google Pixel 8,6,540,699,4194,0.2,838.8,3355.2,3240,115.2,3.43,Wire Transfer,5
ORD-2024-12763,2025-06-06,2025-06-08,2025,Q2,June,6,Standard Class,CUST-1013,Alexander Gonzalez,Corporate,Canada,North America,Ontario,Toronto,PROD-TEC-119,Technology,Laptops,HP Spectre x360,6,920,1250,7500,0.1,750.0,6750.0,5520,1230.0,18.22,Credit Card,5
ORD-2026-10632,2025-06-06,2025-06-08,2025,Q2,June,6,Standard Class,CUST-1026,Ella Sanchez,Consumer,United States,North America,California,Los Angeles,PROD-TEC-178,Technology,Phones,Samsung Galaxy S24,3,720,950,2850,0.0,0.0,2850.0,2160,690.0,24.21,Credit Card,4
ORD-2024-12952,2025-06-07,2025-06-09,2025,Q2,June,6,Standard Class,CUST-1012,Amelia Lopez,Home Office,Singapore,Asia Pacific,Central,Singapore,PROD-FUR-177,Furniture,Chairs,Steelcase Gesture Chair,1,820,1250,1250,0.0,0.0,1250.0,820,430.0,34.4,Wire Transfer,5
ORD-2024-11674,2025-06-07,2025-06-10,2025,Q2,June,6,First Class,CUST-1025,David Harris,Corporate,United States,North America,California,Los Angeles,PROD-TEC-102,Technology,Accessories,Anker USB-C Docking Hub,4,45,79,316,0.05,15.8,300.2,180,120.2,40.04,PayPal,4
ORD-2026-12237,2025-06-08,2025-06-12,2025,Q2,June,6,Standard Class,CUST-1022,Elizabeth Perez,Corporate,France,Europe,Île-de-France,Paris,PROD-TEC-197,Technology,Phones,OnePlus 12,3,480,649,1947,0.05,97.35,1849.65,1440,409.65,22.15,PayPal,5
ORD-2025-11654,2025-06-08,2025-06-11,2025,Q2,June,6,Standard Class,CUST-1009,Benjamin Rodriguez,Consumer,Australia,Asia Pacific,New South Wales,Sydney,PROD-TEC-103,Technology,Laptops,HP Spectre x360,2,920,1250,2500,0.0,0.0,2500.0,1840,660.0,26.4,Credit Card,5
ORD-2025-12989,2025-06-09,2025-06-10,2025,Q2,June,6,Second Class,CUST-1026,Ella Sanchez,Consumer,Canada,North America,British Columbia,Vancouver,PROD-OFF-134,Office Supplies,Storage,Rolling Mobile Utility Cart,3,45,85,255,0.0,0.0,255.0,135,120.0,47.06,Credit Card,1
ORD-2024-10828,2025-06-09,2025-06-13,2025,Q2,June,6,Standard Class,CUST-1014,Harper Wilson,Consumer,Brazil,Latin America,Rio de Janeiro,Rio de Janeiro,PROD-FUR-148,Furniture,Tables,Modular Team Workstation,3,640,990,2970,0.05,148.5,2821.5,1920,901.5,31.95,Direct Debit,5
ORD-2025-12863,2025-06-09,2025-06-13,2025,Q2,June,6,First Class,CUST-1014,Harper Wilson,Corporate,India,Asia Pacific,Karnataka,Bangalore,PROD-FUR-122,Furniture,Chairs,Ergonomic Mesh Task Chair,2,160,289,578,0.05,28.9,549.1,320,229.1,41.72,PayPal,2
ORD-2024-12040,2025-06-09,2025-06-12,2025,Q2,June,6,Standard Class,CUST-1017,Matthew Taylor,Corporate,United States,North America,Texas,Houston,PROD-FUR-172,Furniture,Tables,Solid Oak Conference Table,2,980,1480,2960,0.05,148.0,2812.0,1960,852.0,30.3,Wire Transfer,4
ORD-2026-11610,2025-06-10,2025-06-12,2025,Q2,June,6,First Class,CUST-1017,Matthew Taylor,Consumer,Brazil,Latin America,São Paulo,São Paulo,PROD-FUR-102,Furniture,Bookcases,Glass Display Credenza,1,310,520,520,0.0,0.0,520.0,310,210.0,40.38,Wire Transfer,5
ORD-2025-11822,2025-06-10,2025-06-12,2025,Q2,June,6,Second Class,CUST-1008,Mia Davis,Corporate,India,Asia Pacific,Karnataka,Bangalore,PROD-FUR-184,Furniture,Chairs,Steelcase Gesture Chair,2,820,1250,2500,0.05,125.0,2375.0,1640,735.0,30.95,Credit Card,5
ORD-2025-12344,2025-06-10,2025-06-11,2025,Q2,June,6,Standard Class,CUST-1003,Noah Williams,Home Office,France,Europe,Île-de-France,Paris,PROD-TEC-133,Technology,Accessories,Anker USB-C Docking Hub,1,45,79,79,0.1,7.9,71.1,45,26.1,36.71,Credit Card,4
ORD-2024-12712,2025-06-11,2025-06-13,2025,Q2,June,6,Standard Class,CUST-1001,Liam Johnson,Corporate,Canada,North America,British Columbia,Vancouver,PROD-FUR-143,Furniture,Tables,Smart Motorized Standing Desk,3,320,560,1680,0.1,168.0,1512.0,960,552.0,36.51,Credit Card,5
ORD-2025-12116,2025-06-12,2025-06-15,2025,Q2,June,6,Second Class,CUST-1000,Emma Watson,Corporate,Mexico,Latin America,Federal District,Mexico City,PROD-TEC-196,Technology,Phones,iPhone 15 Pro,1,850,1099,1099,0.1,109.9,989.1,850,139.1,14.06,Wire Transfer,4
ORD-2025-11117,2025-06-12,2025-06-14,2025,Q2,June,6,Second Class,CUST-1006,Isabella Garcia,Corporate,United States,North America,Illinois,Chicago,PROD-TEC-119,Technology,Accessories,Logitech MX Master 3S,3,55,99,297,0.05,14.85,282.15,165,117.15,41.52,Credit Card,5
ORD-2025-11783,2025-06-12,2025-06-17,2025,Q2,June,6,Standard Class,CUST-1025,David Harris,Corporate,United Kingdom,Europe,England,London,PROD-FUR-157,Furniture,Tables,Coffee Break Lounge Table,2,120,210,420,0.1,42.0,378.0,240,138.0,36.51,Wire Transfer,4
ORD-2024-12466,2025-06-12,2025-06-15,2025,Q2,June,6,Second Class,CUST-1014,Harper Wilson,Consumer,Brazil,Latin America,Rio de Janeiro,Rio de Janeiro,PROD-FUR-114,Furniture,Bookcases,Modern 5-Tier Industrial Bookshelf,4,110,195,780,0.0,0.0,780.0,440,340.0,43.59,Credit Card,4
ORD-2024-12820,2025-06-13,2025-06-15,2025,Q2,June,6,Standard Class,CUST-1007,Lucas Miller,Consumer,France,Europe,Auvergne-Rhône-Alpes,Lyon,PROD-TEC-164,Technology,Laptops,HP Spectre x360,1,920,1250,1250,0.0,0.0,1250.0,920,330.0,26.4,Credit Card,4
ORD-2025-12668,2025-06-13,2025-06-18,2025,Q2,June,6,Standard Class,CUST-1003,Noah Williams,Consumer,United States,North America,California,Los Angeles,PROD-OFF-123,Office Supplies,Storage,Locking Security Storage Box,2,65,115,230,0.1,23.0,207.0,130,77.0,37.2,Credit Card,5
ORD-2025-11567,2025-06-13,2025-06-15,2025,Q2,June,6,Standard Class,CUST-1014,Harper Wilson,Corporate,India,Asia Pacific,Maharashtra,Mumbai,PROD-TEC-153,Technology,Phones,Google Pixel 8,4,540,699,2796,0.05,139.8,2656.2,2160,496.2,18.68,Credit Card,5
ORD-2025-10946,2025-06-14,2025-06-17,2025,Q2,June,6,Second Class,CUST-1005,James Jones,Corporate,United States,North America,New York,New York,PROD-TEC-101,Technology,Phones,Samsung Galaxy S24,2,720,950,1900,0.05,95.0,1805.0,1440,365.0,20.22,PayPal,4
ORD-2025-12164,2025-06-14,2025-06-17,2025,Q2,June,6,Standard Class,CUST-1017,Matthew Taylor,Corporate,Mexico,Latin America,Federal District,Mexico City,PROD-TEC-158,Technology,Laptops,ThinkPad X1 Carbon,4,1050,1399,5596,0.15,839.4,4756.6,4200,556.6,11.7,Credit Card,5
ORD-2025-13418,2025-06-14,2025-06-17,2025,Q2,June,6,Standard Class,CUST-1004,Sophia Brown,Consumer,United States,North America,California,Los Angeles,PROD-FUR-182,Furniture,Bookcases,Modern 5-Tier Industrial Bookshelf,2,110,195,390,0.05,19.5,370.5,220,150.5,40.62,Wire Transfer,5
ORD-2026-11337,2025-06-14,2025-06-18,2025,Q2,June,6,Standard Class,CUST-1023,Jack Thompson,Consumer,France,Europe,Île-de-France,Paris,PROD-FUR-145,Furniture,Tables,Solid Oak Conference Table,1,980,1480,1480,0.0,0.0,1480.0,980,500.0,33.78,Wire Transfer,4
ORD-2025-12158,2025-06-14,2025-06-16,2025,Q2,June,6,Second Class,CUST-1002,Olivia Smith,Home Office,Canada,North America,British Columbia,Vancouver,PROD-FUR-171,Furniture,Bookcases,Glass Display Credenza,3,310,520,1560,0.05,78.0,1482.0,930,552.0,37.25,Wire Transfer,4
ORD-2024-11581,2025-06-14,2025-06-17,2025,Q2,June,6,First Class,CUST-1027,Samuel Clark,Consumer,United States,North America,California,Los Angeles,PROD-FUR-171,Furniture,Bookcases,Solid Wood Library Cabinet,1,450,720,720,0.1,72.0,648.0,450,198.0,30.56,Credit Card,5
ORD-2025-13076,2025-06-14,2025-06-16,2025,Q2,June,6,First Class,CUST-1001,Liam Johnson,Consumer,United Kingdom,Europe,England,Manchester,PROD-FUR-195,Furniture,Chairs,Steelcase Gesture Chair,2,820,1250,2500,0.0,0.0,2500.0,1640,860.0,34.4,Credit Card,5
ORD-2024-11194,2025-06-15,2025-06-18,2025,Q2,June,6,First Class,CUST-1014,Harper Wilson,Consumer,Canada,North America,British Columbia,Vancouver,PROD-FUR-124,Furniture,Tables,Modular Team Workstation,1,640,990,990,0.0,0.0,990.0,640,350.0,35.35,Direct Debit,4
ORD-2025-12905,2025-06-15,2025-06-17,2025,Q2,June,6,Second Class,CUST-1003,Noah Williams,Consumer,Mexico,Latin America,Jalisco,Guadalajara,PROD-OFF-124,Office Supplies,Appliances,Heavy Duty Cross-Cut Shredder,1,90,165,165,0.05,8.25,156.75,90,66.75,42.58,Wire Transfer,4
ORD-2024-11131,2025-06-15,2025-06-18,2025,Q2,June,6,Standard Class,CUST-1004,Sophia Brown,Consumer,Japan,Asia Pacific,Kanto,Tokyo,PROD-OFF-127,Office Supplies,Storage,Locking Security Storage Box,2,65,115,230,0.0,0.0,230.0,130,100.0,43.48,Wire Transfer,4
ORD-2026-12072,2025-06-15,2025-06-17,2025,Q2,June,6,Standard Class,CUST-1013,Alexander Gonzalez,Home Office,Mexico,Latin America,Federal District,Mexico City,PROD-OFF-114,Office Supplies,Storage,Locking Security Storage Box,2,65,115,230,0.05,11.5,218.5,130,88.5,40.5,PayPal,4
ORD-2026-12744,2025-06-15,2025-06-16,2025,Q2,June,6,Standard Class,CUST-1007,Lucas Miller,Consumer,United States,North America,Texas,Houston,PROD-OFF-150,Office Supplies,Appliances,Heavy Duty Cross-Cut Shredder,1,90,165,165,0.0,0.0,165.0,90,75.0,45.45,Credit Card,5
ORD-2025-13052,2025-06-16,2025-06-18,2025,Q2,June,6,Standard Class,CUST-1024,Avery White,Corporate,United States,North America,California,Los Angeles,PROD-TEC-198,Technology,Laptops,HP Spectre x360,3,920,1250,3750,0.0,0.0,3750.0,2760,990.0,26.4,PayPal,4
ORD-2024-10471,2025-06-16,2025-06-20,2025,Q2,June,6,Second Class,CUST-1006,Isabella Garcia,Consumer,France,Europe,Île-de-France,Paris,PROD-TEC-198,Technology,Laptops,MacBook Air M3,1,890,1199,1199,0.0,0.0,1199.0,890,309.0,25.77,Direct Debit,5
ORD-2025-11141,2025-06-16,2025-06-18,2025,Q2,June,6,First Class,CUST-1024,Avery White,Consumer,Australia,Asia Pacific,Victoria,Melbourne,PROD-OFF-185,Office Supplies,Paper,Heavyweight Cardstock Reams,1,16,32,32,0.0,0.0,32.0,16,16.0,50.0,Wire Transfer,4
ORD-2025-10808,2025-06-16,2025-06-19,2025,Q2,June,6,Standard Class,CUST-1014,Harper Wilson,Home Office,United States,North America,Texas,Houston,PROD-FUR-163,Furniture,Bookcases,Glass Display Credenza,1,310,520,520,0.1,52.0,468.0,310,158.0,33.76,Credit Card,5
ORD-2025-10619,2025-06-16,2025-06-19,2025,Q2,June,6,Second Class,CUST-1003,Noah Williams,Consumer,Germany,Europe,Bavaria,Munich,PROD-TEC-164,Technology,Laptops,Dell XPS 15,3,1100,1450,4350,0.0,0.0,4350.0,3300,1050.0,24.14,Credit Card,4
ORD-2024-11041,2025-06-16,2025-06-18,2025,Q2,June,6,Second Class,CUST-1022,Elizabeth Perez,Home Office,United States,North America,Illinois,Chicago,PROD-FUR-165,Furniture,Tables,Solid Oak Conference Table,5,980,1480,7400,0.1,740.0,6660.0,4900,1760.0,26.43,Credit Card,5
ORD-2025-11954,2025-06-16,2025-06-20,2025,Q2,June,6,Second Class,CUST-1016,Evelyn Thomas,Corporate,Canada,North America,Ontario,Toronto,PROD-FUR-156,Furniture,Tables,Coffee Break Lounge Table,2,120,210,420,0.1,42.0,378.0,240,138.0,36.51,Wire Transfer,5
ORD-2025-12044,2025-06-16,2025-06-20,2025,Q2,June,6,Second Class,CUST-1018,Abigail Moore,Consumer,Germany,Europe,Berlin,Berlin,PROD-OFF-127,Office Supplies,Appliances,Heavy Duty Cross-Cut Shredder,2,90,165,330,0.1,33.0,297.0,180,117.0,39.39,Credit Card,5
ORD-2025-11726,2025-06-17,2025-06-20,2025,Q2,June,6,Second Class,CUST-1009,Benjamin Rodriguez,Consumer,Canada,North America,Ontario,Toronto,PROD-FUR-141,Furniture,Bookcases,Solid Wood Library Cabinet,1,450,720,720,0.0,0.0,720.0,450,270.0,37.5,Wire Transfer,4
ORD-2025-11840,2025-06-17,2025-06-21,2025,Q2,June,6,Standard Class,CUST-1009,Benjamin Rodriguez,Consumer,Australia,Asia Pacific,Victoria,Melbourne,PROD-TEC-188,Technology,Phones,iPhone 15 Pro,3,850,1099,3297,0.0,0.0,3297.0,2550,747.0,22.66,Direct Debit,5
ORD-2025-12623,2025-06-17,2025-06-19,2025,Q2,June,6,Standard Class,CUST-1011,Elijah Hernandez,Home Office,Australia,Asia Pacific,New South Wales,Sydney,PROD-FUR-106,Furniture,Bookcases,Glass Display Credenza,1,310,520,520,0.05,26.0,494.0,310,184.0,37.25,Wire Transfer,5
ORD-2024-10363,2025-06-17,2025-06-22,2025,Q2,June,6,Second Class,CUST-1020,Emily Martin,Corporate,Canada,North America,Ontario,Toronto,PROD-TEC-158,Technology,Laptops,ThinkPad X1 Carbon,2,1050,1399,2798,0.0,0.0,2798.0,2100,698.0,24.95,Credit Card,5
ORD-2024-12748,2025-06-17,2025-06-19,2025,Q2,June,6,Standard Class,CUST-1002,Olivia Smith,Home Office,United States,North America,California,Los Angeles,PROD-TEC-168,Technology,Laptops,ThinkPad X1 Carbon,3,1050,1399,4197,0.05,209.85,3987.15,3150,837.15,21.0,Wire Transfer,5
ORD-2025-10442,2025-06-17,2025-06-22,2025,Q2,June,6,Standard Class,CUST-1013,Alexander Gonzalez,Home Office,United Kingdom,Europe,England,Manchester,PROD-FUR-195,Furniture,Tables,Coffee Break Lounge Table,3,120,210,630,0.0,0.0,630.0,360,270.0,42.86,Credit Card,3
ORD-2024-12277,2025-06-18,2025-06-21,2025,Q2,June,6,Standard Class,CUST-1022,Elizabeth Perez,Consumer,Germany,Europe,Bavaria,Munich,PROD-TEC-154,Technology,Phones,Samsung Galaxy S24,4,720,950,3800,0.05,190.0,3610.0,2880,730.0,20.22,PayPal,4
ORD-2024-12172,2025-06-18,2025-06-20,2025,Q2,June,6,Standard Class,CUST-1005,James Jones,Home Office,France,Europe,Île-de-France,Paris,PROD-TEC-141,Technology,Accessories,Logitech MX Master 3S,4,55,99,396,0.05,19.8,376.2,220,156.2,41.52,Credit Card,3
ORD-2025-10934,2025-06-18,2025-06-20,2025,Q2,June,6,Standard Class,CUST-1006,Isabella Garcia,Consumer,United States,North America,California,Los Angeles,PROD-TEC-152,Technology,Accessories,Anker USB-C Docking Hub,2,45,79,158,0.0,0.0,158.0,90,68.0,43.04,Credit Card,5
ORD-2025-13223,2025-06-18,2025-06-21,2025,Q2,June,6,Second Class,CUST-1029,Joseph Lewis,Corporate,Mexico,Latin America,Federal District,Mexico City,PROD-FUR-113,Furniture,Tables,Modular Team Workstation,3,640,990,2970,0.05,148.5,2821.5,1920,901.5,31.95,Credit Card,4
ORD-2024-10816,2025-06-18,2025-06-20,2025,Q2,June,6,Standard Class,CUST-1019,Henry Jackson,Home Office,Mexico,Latin America,Federal District,Mexico City,PROD-FUR-163,Furniture,Tables,Coffee Break Lounge Table,3,120,210,630,0.0,0.0,630.0,360,270.0,42.86,Credit Card,3
ORD-2026-13155,2025-06-19,2025-06-22,2025,Q2,June,6,Second Class,CUST-1026,Ella Sanchez,Consumer,United States,North America,Texas,Houston,PROD-TEC-149,Technology,Phones,OnePlus 12,4,480,649,2596,0.0,0.0,2596.0,1920,676.0,26.04,Direct Debit,4
ORD-2024-11662,2025-06-19,2025-06-22,2025,Q2,June,6,Standard Class,CUST-1016,Evelyn Thomas,Corporate,India,Asia Pacific,Karnataka,Bangalore,PROD-TEC-190,Technology,Accessories,Anker USB-C Docking Hub,2,45,79,158,0.15,23.7,134.3,90,44.3,32.99,Credit Card,5
ORD-2026-12207,2025-06-19,2025-06-23,2025,Q2,June,6,Second Class,CUST-1018,Abigail Moore,Consumer,Mexico,Latin America,Federal District,Mexico City,PROD-FUR-126,Furniture,Bookcases,Solid Wood Library Cabinet,1,450,720,720,0.0,0.0,720.0,450,270.0,37.5,Credit Card,5
ORD-2024-11887,2025-06-19,2025-06-23,2025,Q2,June,6,Same Day,CUST-1019,Henry Jackson,Consumer,Mexico,Latin America,Jalisco,Guadalajara,PROD-OFF-173,Office Supplies,Storage,Heavy Duty 4-Drawer File Cabinet,2,130,220,440,0.1,44.0,396.0,260,136.0,34.34,PayPal,5
ORD-2026-10806,2025-06-19,2025-06-22,2025,Q2,June,6,Standard Class,CUST-1007,Lucas Miller,Consumer,Germany,Europe,Bavaria,Munich,PROD-TEC-105,Technology,Laptops,Dell XPS 15,2,1100,1450,2900,0.0,0.0,2900.0,2200,700.0,24.14,Credit Card,5
ORD-2025-11558,2025-06-19,2025-06-21,2025,Q2,June,6,Same Day,CUST-1028,Chloe Ramirez,Home Office,Canada,North America,British Columbia,Vancouver,PROD-TEC-124,Technology,Laptops,ThinkPad X1 Carbon,3,1050,1399,4197,0.0,0.0,4197.0,3150,1047.0,24.95,Credit Card,5
ORD-2025-10460,2025-06-19,2025-06-23,2025,Q2,June,6,Standard Class,CUST-1022,Elizabeth Perez,Consumer,Japan,Asia Pacific,Kanto,Tokyo,PROD-TEC-189,Technology,Accessories,Bose QuietComfort Headphones,1,180,279,279,0.0,0.0,279.0,180,99.0,35.48,Credit Card,5
ORD-2024-13429,2025-06-19,2025-06-22,2025,Q2,June,6,Standard Class,CUST-1008,Mia Davis,Corporate,United States,North America,California,Los Angeles,PROD-TEC-137,Technology,Laptops,MacBook Air M3,1,890,1199,1199,0.1,119.9,1079.1,890,189.1,17.52,Credit Card,5
ORD-2025-10832,2025-06-20,2025-06-22,2025,Q2,June,6,Same Day,CUST-1024,Avery White,Consumer,United Kingdom,Europe,England,London,PROD-OFF-145,Office Supplies,Paper,Premium Multipurpose Laser Paper 5000ct,2,28,48,96,0.0,0.0,96.0,56,40.0,41.67,Credit Card,5
ORD-2026-13014,2025-06-21,2025-06-23,2025,Q2,June,6,Standard Class,CUST-1020,Emily Martin,Home Office,France,Europe,Île-de-France,Paris,PROD-FUR-156,Furniture,Chairs,Executive Leather Recliner,8,260,420,3360,0.1,336.0,3024.0,2080,944.0,31.22,Credit Card,5
ORD-2026-12408,2025-06-21,2025-06-24,2025,Q2,June,6,Standard Class,CUST-1011,Elijah Hernandez,Corporate,France,Europe,Auvergne-Rhône-Alpes,Lyon,PROD-TEC-134,Technology,Accessories,Anker USB-C Docking Hub,2,45,79,158,0.15,23.7,134.3,90,44.3,32.99,Credit Card,5
ORD-2026-13278,2025-06-21,2025-06-22,2025,Q2,June,6,Second Class,CUST-1023,Jack Thompson,Home Office,United States,North America,Texas,Houston,PROD-TEC-102,Technology,Accessories,Dell 4K UltraSharp Monitor,2,340,489,978,0.0,0.0,978.0,680,298.0,30.47,Direct Debit,5
ORD-2024-11359,2025-06-21,2025-06-24,2025,Q2,June,6,Standard Class,CUST-1018,Abigail Moore,Corporate,Germany,Europe,Berlin,Berlin,PROD-OFF-156,Office Supplies,Paper,Executive Recycled Notepad Pack,1,12,24,24,0.15,3.6,20.4,12,8.4,41.18,PayPal,3
ORD-2025-13244,2025-06-21,2025-06-24,2025,Q2,June,6,Standard Class,CUST-1004,Sophia Brown,Home Office,Germany,Europe,Berlin,Berlin,PROD-FUR-156,Furniture,Chairs,Herman Miller Aeron Chair,1,750,1195,1195,0.0,0.0,1195.0,750,445.0,37.24,Credit Card,2
ORD-2025-11174,2025-06-21,2025-06-22,2025,Q2,June,6,Second Class,CUST-1014,Harper Wilson,Home Office,Canada,North America,Ontario,Toronto,PROD-TEC-137,Technology,Phones,iPhone 15 Pro,6,850,1099,6594,0.15,989.1,5604.9,5100,504.9,9.01,Credit Card,5
ORD-2025-13202,2025-06-21,2025-06-23,2025,Q2,June,6,Standard Class,CUST-1005,James Jones,Home Office,Brazil,Latin America,São Paulo,São Paulo,PROD-OFF-109,Office Supplies,Paper,Heavyweight Cardstock Reams,4,16,32,128,0.0,0.0,128.0,64,64.0,50.0,Credit Card,4
ORD-2025-13400,2025-06-21,2025-06-24,2025,Q2,June,6,Standard Class,CUST-1007,Lucas Miller,Consumer,United States,North America,Texas,Houston,PROD-FUR-190,Furniture,Chairs,Herman Miller Aeron Chair,2,750,1195,2390,0.0,0.0,2390.0,1500,890.0,37.24,Credit Card,3
ORD-2024-10369,2025-06-21,2025-06-24,2025,Q2,June,6,Second Class,CUST-1001,Liam Johnson,Corporate,United Kingdom,Europe,England,London,PROD-OFF-169,Office Supplies,Storage,Locking Security Storage Box,2,65,115,230,0.1,23.0,207.0,130,77.0,37.2,Wire Transfer,5
ORD-2025-11012,2025-06-21,2025-06-25,2025,Q2,June,6,Standard Class,CUST-1017,Matthew Taylor,Consumer,Germany,Europe,Berlin,Berlin,PROD-FUR-109,Furniture,Bookcases,Solid Wood Library Cabinet,1,450,720,720,0.0,0.0,720.0,450,270.0,37.5,Direct Debit,5
ORD-2026-10224,2025-06-22,2025-06-26,2025,Q2,June,6,Same Day,CUST-1011,Elijah Hernandez,Corporate,France,Europe,Île-de-France,Paris,PROD-TEC-118,Technology,Laptops,ThinkPad X1 Carbon,8,1050,1399,11192,0.15,1678.8,9513.2,8400,1113.2,11.7,Credit Card,4
ORD-2026-13092,2025-06-22,2025-06-26,2025,Q2,June,6,Standard Class,CUST-1014,Harper Wilson,Consumer,Canada,North America,British Columbia,Vancouver,PROD-OFF-121,Office Supplies,Storage,Heavy Duty 4-Drawer File Cabinet,6,130,220,1320,0.1,132.0,1188.0,780,408.0,34.34,Wire Transfer,5
ORD-2024-11815,2025-06-22,2025-06-25,2025,Q2,June,6,Standard Class,CUST-1020,Emily Martin,Consumer,Canada,North America,British Columbia,Vancouver,PROD-FUR-177,Furniture,Tables,Modular Team Workstation,3,640,990,2970,0.0,0.0,2970.0,1920,1050.0,35.35,Direct Debit,4
ORD-2026-10080,2025-06-22,2025-06-24,2025,Q2,June,6,Standard Class,CUST-1014,Harper Wilson,Corporate,United Kingdom,Europe,England,London,PROD-FUR-194,Furniture,Chairs,Herman Miller Aeron Chair,4,750,1195,4780,0.1,478.0,4302.0,3000,1302.0,30.26,Wire Transfer,5
ORD-2024-11731,2025-06-22,2025-06-27,2025,Q2,June,6,Standard Class,CUST-1012,Amelia Lopez,Corporate,France,Europe,Île-de-France,Paris,PROD-TEC-148,Technology,Phones,iPhone 15 Pro,1,850,1099,1099,0.15,164.85,934.15,850,84.15,9.01,PayPal,5
ORD-2024-12874,2025-06-23,2025-06-27,2025,Q2,June,6,Standard Class,CUST-1003,Noah Williams,Consumer,Canada,North America,British Columbia,Vancouver,PROD-FUR-175,Furniture,Chairs,Steelcase Gesture Chair,1,820,1250,1250,0.0,0.0,1250.0,820,430.0,34.4,PayPal,5
ORD-2026-11967,2025-06-23,2025-06-26,2025,Q2,June,6,Standard Class,CUST-1001,Liam Johnson,Consumer,Canada,North America,Ontario,Toronto,PROD-TEC-130,Technology,Phones,Samsung Galaxy S24,4,720,950,3800,0.05,190.0,3610.0,2880,730.0,20.22,PayPal,4
ORD-2024-13264,2025-06-23,2025-06-26,2025,Q2,June,6,First Class,CUST-1012,Amelia Lopez,Consumer,India,Asia Pacific,Karnataka,Bangalore,PROD-FUR-125,Furniture,Bookcases,Solid Wood Library Cabinet,1,450,720,720,0.05,36.0,684.0,450,234.0,34.21,Wire Transfer,5
ORD-2024-11176,2025-06-23,2025-06-26,2025,Q2,June,6,Second Class,CUST-1012,Amelia Lopez,Consumer,United States,North America,Illinois,Chicago,PROD-FUR-108,Furniture,Tables,Coffee Break Lounge Table,6,120,210,1260,0.2,252.0,1008.0,720,288.0,28.57,Wire Transfer,5
ORD-2025-11582,2025-06-23,2025-06-25,2025,Q2,June,6,Same Day,CUST-1021,Sebastian Lee,Home Office,France,Europe,Île-de-France,Paris,PROD-FUR-173,Furniture,Bookcases,Solid Wood Library Cabinet,1,450,720,720,0.05,36.0,684.0,450,234.0,34.21,Wire Transfer,5
ORD-2026-10674,2025-06-23,2025-06-26,2025,Q2,June,6,Second Class,CUST-1023,Jack Thompson,Consumer,United States,North America,Illinois,Chicago,PROD-TEC-172,Technology,Phones,Google Pixel 8,2,540,699,1398,0.0,0.0,1398.0,1080,318.0,22.75,Credit Card,3
ORD-2026-11658,2025-06-23,2025-06-24,2025,Q2,June,6,Standard Class,CUST-1001,Liam Johnson,Consumer,United States,North America,Texas,Houston,PROD-OFF-166,Office Supplies,Paper,Heavyweight Cardstock Reams,8,16,32,256,0.1,25.6,230.4,128,102.4,44.44,Credit Card,4
ORD-2025-13346,2025-06-24,2025-06-26,2025,Q2,June,6,Same Day,CUST-1023,Jack Thompson,Consumer,United States,North America,New York,New York,PROD-FUR-172,Furniture,Chairs,Executive Leather Recliner,2,260,420,840,0.0,0.0,840.0,520,320.0,38.1,Wire Transfer,3
ORD-2026-12024,2025-06-24,2025-06-30,2025,Q2,June,6,Standard Class,CUST-1025,David Harris,Consumer,Canada,North America,Ontario,Toronto,PROD-FUR-179,Furniture,Bookcases,Solid Wood Library Cabinet,2,450,720,1440,0.0,0.0,1440.0,900,540.0,37.5,Wire Transfer,4
ORD-2026-12597,2025-06-24,2025-06-27,2025,Q2,June,6,Standard Class,CUST-1006,Isabella Garcia,Consumer,Germany,Europe,Berlin,Berlin,PROD-TEC-192,Technology,Laptops,ThinkPad X1 Carbon,1,1050,1399,1399,0.1,139.9,1259.1,1050,209.1,16.61,Wire Transfer,5
ORD-2025-13010,2025-06-24,2025-06-26,2025,Q2,June,6,Standard Class,CUST-1029,Joseph Lewis,Consumer,United States,North America,Texas,Houston,PROD-TEC-143,Technology,Phones,iPhone 15 Pro,2,850,1099,2198,0.0,0.0,2198.0,1700,498.0,22.66,Direct Debit,5
ORD-2026-12381,2025-06-24,2025-06-26,2025,Q2,June,6,Same Day,CUST-1000,Emma Watson,Corporate,Canada,North America,British Columbia,Vancouver,PROD-TEC-171,Technology,Phones,Google Pixel 8,2,540,699,1398,0.05,69.9,1328.1,1080,248.1,18.68,Wire Transfer,1
ORD-2025-10718,2025-06-24,2025-06-25,2025,Q2,June,6,Second Class,CUST-1002,Olivia Smith,Consumer,India,Asia Pacific,Maharashtra,Mumbai,PROD-FUR-197,Furniture,Tables,Modular Team Workstation,2,640,990,1980,0.0,0.0,1980.0,1280,700.0,35.35,PayPal,5
ORD-2024-13339,2025-06-25,2025-06-28,2025,Q2,June,6,Second Class,CUST-1005,James Jones,Corporate,United States,North America,California,Los Angeles,PROD-TEC-183,Technology,Accessories,Bose QuietComfort Headphones,2,180,279,558,0.15,83.7,474.3,360,114.3,24.1,Credit Card,3
ORD-2026-11520,2025-06-25,2025-06-28,2025,Q2,June,6,Standard Class,CUST-1015,Daniel Anderson,Corporate,Canada,North America,British Columbia,Vancouver,PROD-FUR-176,Furniture,Tables,Coffee Break Lounge Table,3,120,210,630,0.0,0.0,630.0,360,270.0,42.86,Wire Transfer,4
ORD-2026-10929,2025-06-25,2025-06-26,2025,Q2,June,6,Standard Class,CUST-1009,Benjamin Rodriguez,Consumer,Mexico,Latin America,Federal District,Mexico City,PROD-OFF-182,Office Supplies,Storage,Heavy Duty 4-Drawer File Cabinet,3,130,220,660,0.0,0.0,660.0,390,270.0,40.91,Credit Card,5
ORD-2024-13120,2025-06-25,2025-06-26,2025,Q2,June,6,Standard Class,CUST-1016,Evelyn Thomas,Home Office,Japan,Asia Pacific,Kanto,Tokyo,PROD-OFF-102,Office Supplies,Paper,Premium Multipurpose Laser Paper 5000ct,8,28,48,384,0.1,38.4,345.6,224,121.6,35.19,PayPal,4
ORD-2024-11404,2025-06-25,2025-06-28,2025,Q2,June,6,Second Class,CUST-1024,Avery White,Corporate,India,Asia Pacific,Maharashtra,Mumbai,PROD-OFF-150,Office Supplies,Paper,Heavyweight Cardstock Reams,1,16,32,32,0.0,0.0,32.0,16,16.0,50.0,PayPal,4
ORD-2024-11503,2025-06-26,2025-06-28,2025,Q2,June,6,Standard Class,CUST-1015,Daniel Anderson,Home Office,France,Europe,Auvergne-Rhône-Alpes,Lyon,PROD-OFF-196,Office Supplies,Paper,Executive Recycled Notepad Pack,1,12,24,24,0.0,0.0,24.0,12,12.0,50.0,Wire Transfer,4
ORD-2025-10067,2025-06-27,2025-06-30,2025,Q2,June,6,Second Class,CUST-1005,James Jones,Consumer,United States,North America,Texas,Houston,PROD-FUR-175,Furniture,Chairs,Executive Leather Recliner,1,260,420,420,0.0,0.0,420.0,260,160.0,38.1,Credit Card,5
ORD-2024-10435,2025-06-27,2025-06-29,2025,Q2,June,6,First Class,CUST-1022,Elizabeth Perez,Home Office,United Kingdom,Europe,England,Manchester,PROD-TEC-128,Technology,Phones,OnePlus 12,1,480,649,649,0.0,0.0,649.0,480,169.0,26.04,Wire Transfer,5
ORD-2025-13004,2025-06-27,2025-07-03,2025,Q2,June,6,Standard Class,CUST-1001,Liam Johnson,Home Office,Australia,Asia Pacific,Victoria,Melbourne,PROD-OFF-125,Office Supplies,Appliances,Commercial Espresso Barista Machine,1,620,950,950,0.1,95.0,855.0,620,235.0,27.49,Credit Card,5
ORD-2025-11444,2025-06-27,2025-06-30,2025,Q2,June,6,Standard Class,CUST-1012,Amelia Lopez,Consumer,United Kingdom,Europe,England,Manchester,PROD-FUR-177,Furniture,Bookcases,Glass Display Credenza,2,310,520,1040,0.0,0.0,1040.0,620,420.0,40.38,Credit Card,4
ORD-2024-10714,2025-06-27,2025-06-29,2025,Q2,June,6,Standard Class,CUST-1005,James Jones,Corporate,United Kingdom,Europe,England,Manchester,PROD-TEC-185,Technology,Phones,Samsung Galaxy S24,2,720,950,1900,0.0,0.0,1900.0,1440,460.0,24.21,Credit Card,5
ORD-2024-10411,2025-06-28,2025-07-01,2025,Q2,June,6,Same Day,CUST-1013,Alexander Gonzalez,Corporate,Germany,Europe,Berlin,Berlin,PROD-TEC-133,Technology,Laptops,MacBook Air M3,3,890,1199,3597,0.0,0.0,3597.0,2670,927.0,25.77,PayPal,4
ORD-2025-10151,2025-06-28,2025-06-30,2025,Q2,June,6,Standard Class,CUST-1014,Harper Wilson,Consumer,Canada,North America,British Columbia,Vancouver,PROD-OFF-154,Office Supplies,Storage,Locking Security Storage Box,3,65,115,345,0.1,34.5,310.5,195,115.5,37.2,PayPal,5
ORD-2026-13071,2025-06-28,2025-06-30,2025,Q2,June,6,Standard Class,CUST-1021,Sebastian Lee,Consumer,United Kingdom,Europe,England,Manchester,PROD-FUR-195,Furniture,Bookcases,Solid Wood Library Cabinet,2,450,720,1440,0.0,0.0,1440.0,900,540.0,37.5,Credit Card,5
ORD-2025-13487,2025-06-28,2025-06-30,2025,Q2,June,6,First Class,CUST-1021,Sebastian Lee,Consumer,United Kingdom,Europe,England,Manchester,PROD-FUR-168,Furniture,Chairs,Herman Miller Aeron Chair,5,750,1195,5975,0.1,597.5,5377.5,3750,1627.5,30.26,Wire Transfer,5
ORD-2025-13499,2025-06-29,2025-07-02,2025,Q2,June,6,Standard Class,CUST-1028,Chloe Ramirez,Consumer,United States,North America,California,Los Angeles,PROD-TEC-139,Technology,Phones,Samsung Galaxy S24,2,720,950,1900,0.1,190.0,1710.0,1440,270.0,15.79,Credit Card,5
ORD-2026-11442,2025-06-29,2025-07-01,2025,Q2,June,6,Standard Class,CUST-1015,Daniel Anderson,Consumer,Germany,Europe,Berlin,Berlin,PROD-TEC-106,Technology,Phones,OnePlus 12,3,480,649,1947,0.05,97.35,1849.65,1440,409.65,22.15,Credit Card,5
ORD-2024-10885,2025-06-29,2025-07-02,2025,Q2,June,6,Second Class,CUST-1024,Avery White,Home Office,Brazil,Latin America,Rio de Janeiro,Rio de Janeiro,PROD-TEC-140,Technology,Phones,Samsung Galaxy S24,1,720,950,950,0.0,0.0,950.0,720,230.0,24.21,Wire Transfer,3
ORD-2025-13337,2025-06-29,2025-06-30,2025,Q2,June,6,Standard Class,CUST-1009,Benjamin Rodriguez,Corporate,Canada,North America,British Columbia,Vancouver,PROD-TEC-194,Technology,Laptops,Dell XPS 15,3,1100,1450,4350,0.0,0.0,4350.0,3300,1050.0,24.14,Wire Transfer,5
ORD-2026-11919,2025-06-29,2025-06-30,2025,Q2,June,6,Standard Class,CUST-1012,Amelia Lopez,Consumer,Canada,North America,Ontario,Toronto,PROD-OFF-121,Office Supplies,Storage,Rolling Mobile Utility Cart,1,45,85,85,0.05,4.25,80.75,45,35.75,44.27,Credit Card,5
ORD-2024-12676,2025-06-30,2025-07-03,2025,Q2,June,6,Standard Class,CUST-1022,Elizabeth Perez,Corporate,United States,North America,New York,New York,PROD-FUR-121,Furniture,Tables,Solid Oak Conference Table,3,980,1480,4440,0.05,222.0,4218.0,2940,1278.0,30.3,Credit Card,4
ORD-2024-12088,2025-06-30,2025-07-02,2025,Q2,June,6,First Class,CUST-1025,David Harris,Consumer,United Kingdom,Europe,England,London,PROD-TEC-160,Technology,Accessories,Bose QuietComfort Headphones,3,180,279,837,0.05,41.85,795.15,540,255.15,32.09,Wire Transfer,5
ORD-2026-11247,2025-06-30,2025-07-04,2025,Q2,June,6,Second Class,CUST-1001,Liam Johnson,Consumer,Brazil,Latin America,São Paulo,São Paulo,PROD-TEC-162,Technology,Accessories,Anker USB-C Docking Hub,3,45,79,237,0.1,23.7,213.3,135,78.3,36.71,Credit Card,3
ORD-2024-10771,2025-07-01,2025-07-04,2025,Q3,July,7,Standard Class,CUST-1018,Abigail Moore,Corporate,United States,North America,Texas,Houston,PROD-FUR-102,Furniture,Chairs,Ergonomic Mesh Task Chair,1,160,289,289,0.05,14.45,274.55,160,114.55,41.72,Credit Card,1
ORD-2025-11309,2025-07-01,2025-07-05,2025,Q3,July,7,Second Class,CUST-1027,Samuel Clark,Consumer,Germany,Europe,Bavaria,Munich,PROD-FUR-123,Furniture,Chairs,Executive Leather Recliner,4,260,420,1680,0.0,0.0,1680.0,1040,640.0,38.1,Direct Debit,5
ORD-2025-11864,2025-07-01,2025-07-04,2025,Q3,July,7,Same Day,CUST-1028,Chloe Ramirez,Home Office,Germany,Europe,Bavaria,Munich,PROD-TEC-153,Technology,Accessories,Dell 4K UltraSharp Monitor,5,340,489,2445,0.1,244.5,2200.5,1700,500.5,22.74,Credit Card,4
ORD-2025-10445,2025-07-02,2025-07-04,2025,Q3,July,7,Same Day,CUST-1026,Ella Sanchez,Corporate,Brazil,Latin America,Rio de Janeiro,Rio de Janeiro,PROD-TEC-141,Technology,Phones,iPhone 15 Pro,3,850,1099,3297,0.05,164.85,3132.15,2550,582.15,18.59,Credit Card,5
ORD-2024-11020,2025-07-02,2025-07-05,2025,Q3,July,7,First Class,CUST-1027,Samuel Clark,Home Office,Germany,Europe,Bavaria,Munich,PROD-OFF-189,Office Supplies,Appliances,Heavy Duty Cross-Cut Shredder,3,90,165,495,0.05,24.75,470.25,270,200.25,42.58,Wire Transfer,4
ORD-2024-12139,2025-07-02,2025-07-06,2025,Q3,July,7,Second Class,CUST-1028,Chloe Ramirez,Corporate,United States,North America,Texas,Houston,PROD-TEC-111,Technology,Phones,iPhone 15 Pro,8,850,1099,8792,0.1,879.2,7912.8,6800,1112.8,14.06,Direct Debit,4
ORD-2025-11009,2025-07-02,2025-07-05,2025,Q3,July,7,Standard Class,CUST-1018,Abigail Moore,Consumer,United Kingdom,Europe,England,Manchester,PROD-OFF-106,Office Supplies,Paper,Premium Multipurpose Laser Paper 5000ct,1,28,48,48,0.0,0.0,48.0,28,20.0,41.67,Credit Card,5
ORD-2024-10384,2025-07-02,2025-07-03,2025,Q3,July,7,Standard Class,CUST-1010,Charlotte Martinez,Corporate,Australia,Asia Pacific,Victoria,Melbourne,PROD-TEC-104,Technology,Phones,Google Pixel 8,2,540,699,1398,0.0,0.0,1398.0,1080,318.0,22.75,Wire Transfer,5
ORD-2026-12579,2025-07-03,2025-07-06,2025,Q3,July,7,Standard Class,CUST-1019,Henry Jackson,Consumer,United States,North America,Illinois,Chicago,PROD-TEC-197,Technology,Laptops,ThinkPad X1 Carbon,1,1050,1399,1399,0.0,0.0,1399.0,1050,349.0,24.95,PayPal,5
ORD-2026-11847,2025-07-03,2025-07-06,2025,Q3,July,7,Standard Class,CUST-1025,David Harris,Consumer,United Kingdom,Europe,England,London,PROD-TEC-158,Technology,Phones,Samsung Galaxy S24,1,720,950,950,0.0,0.0,950.0,720,230.0,24.21,PayPal,5
ORD-2024-12142,2025-07-03,2025-07-05,2025,Q3,July,7,Standard Class,CUST-1025,David Harris,Corporate,Germany,Europe,Bavaria,Munich,PROD-TEC-107,Technology,Laptops,HP Spectre x360,10,920,1250,12500,0.1,1250.0,11250.0,9200,2050.0,18.22,Direct Debit,5
ORD-2024-12037,2025-07-03,2025-07-06,2025,Q3,July,7,First Class,CUST-1022,Elizabeth Perez,Consumer,United States,North America,New York,New York,PROD-OFF-156,Office Supplies,Storage,Rolling Mobile Utility Cart,6,45,85,510,0.1,51.0,459.0,270,189.0,41.18,Credit Card,5
ORD-2026-10284,2025-07-04,2025-07-07,2025,Q3,July,7,Second Class,CUST-1006,Isabella Garcia,Corporate,Singapore,Asia Pacific,Central,Singapore,PROD-FUR-169,Furniture,Chairs,Ergonomic Mesh Task Chair,4,160,289,1156,0.1,115.6,1040.4,640,400.4,38.49,PayPal,5
ORD-2024-12181,2025-07-04,2025-07-08,2025,Q3,July,7,Standard Class,CUST-1025,David Harris,Corporate,Germany,Europe,Berlin,Berlin,PROD-TEC-130,Technology,Accessories,Anker USB-C Docking Hub,2,45,79,158,0.1,15.8,142.2,90,52.2,36.71,Direct Debit,5
ORD-2026-13239,2025-07-04,2025-07-06,2025,Q3,July,7,Same Day,CUST-1027,Samuel Clark,Corporate,United Kingdom,Europe,England,Manchester,PROD-OFF-120,Office Supplies,Appliances,Heavy Duty Cross-Cut Shredder,1,90,165,165,0.1,16.5,148.5,90,58.5,39.39,Credit Card,5
ORD-2025-12914,2025-07-05,2025-07-08,2025,Q3,July,7,First Class,CUST-1028,Chloe Ramirez,Consumer,Mexico,Latin America,Federal District,Mexico City,PROD-FUR-119,Furniture,Chairs,Executive Leather Recliner,4,260,420,1680,0.0,0.0,1680.0,1040,640.0,38.1,PayPal,5
ORD-2025-11510,2025-07-05,2025-07-09,2025,Q3,July,7,Standard Class,CUST-1009,Benjamin Rodriguez,Corporate,United States,North America,New York,New York,PROD-TEC-114,Technology,Phones,Google Pixel 8,4,540,699,2796,0.05,139.8,2656.2,2160,496.2,18.68,PayPal,4
ORD-2025-12110,2025-07-05,2025-07-07,2025,Q3,July,7,Standard Class,CUST-1002,Olivia Smith,Home Office,Canada,North America,Ontario,Toronto,PROD-TEC-133,Technology,Phones,iPhone 15 Pro,5,850,1099,5495,0.1,549.5,4945.5,4250,695.5,14.06,Direct Debit,3
ORD-2025-12764,2025-07-05,2025-07-07,2025,Q3,July,7,First Class,CUST-1015,Daniel Anderson,Consumer,Brazil,Latin America,São Paulo,São Paulo,PROD-FUR-178,Furniture,Bookcases,Glass Display Credenza,3,310,520,1560,0.1,156.0,1404.0,930,474.0,33.76,Direct Debit,4
ORD-2024-12463,2025-07-06,2025-07-09,2025,Q3,July,7,Standard Class,CUST-1012,Amelia Lopez,Corporate,United States,North America,Illinois,Chicago,PROD-OFF-199,Office Supplies,Appliances,Commercial Espresso Barista Machine,1,620,950,950,0.0,0.0,950.0,620,330.0,34.74,Credit Card,4
ORD-2026-12162,2025-07-06,2025-07-08,2025,Q3,July,7,Standard Class,CUST-1000,Emma Watson,Consumer,Germany,Europe,Bavaria,Munich,PROD-OFF-171,Office Supplies,Paper,Executive Recycled Notepad Pack,5,12,24,120,0.15,18.0,102.0,60,42.0,41.18,Direct Debit,3
ORD-2024-10921,2025-07-07,2025-07-09,2025,Q3,July,7,Same Day,CUST-1004,Sophia Brown,Consumer,Singapore,Asia Pacific,Central,Singapore,PROD-TEC-113,Technology,Accessories,Bose QuietComfort Headphones,8,180,279,2232,0.15,334.8,1897.2,1440,457.2,24.1,Wire Transfer,5
ORD-2024-10036,2025-07-07,2025-07-08,2025,Q3,July,7,Standard Class,CUST-1012,Amelia Lopez,Corporate,Japan,Asia Pacific,Kanto,Tokyo,PROD-FUR-154,Furniture,Tables,Coffee Break Lounge Table,1,120,210,210,0.1,21.0,189.0,120,69.0,36.51,Credit Card,4
ORD-2026-13257,2025-07-07,2025-07-09,2025,Q3,July,7,Second Class,CUST-1013,Alexander Gonzalez,Corporate,Canada,North America,Ontario,Toronto,PROD-FUR-140,Furniture,Chairs,Executive Leather Recliner,5,260,420,2100,0.15,315.0,1785.0,1300,485.0,27.17,Credit Card,5
ORD-2026-12228,2025-07-08,2025-07-10,2025,Q3,July,7,Standard Class,CUST-1005,James Jones,Corporate,Singapore,Asia Pacific,Central,Singapore,PROD-TEC-174,Technology,Laptops,HP Spectre x360,10,920,1250,12500,0.1,1250.0,11250.0,9200,2050.0,18.22,Credit Card,3
ORD-2024-11650,2025-07-08,2025-07-10,2025,Q3,July,7,Standard Class,CUST-1019,Henry Jackson,Home Office,United Kingdom,Europe,England,Manchester,PROD-TEC-170,Technology,Phones,iPhone 15 Pro,1,850,1099,1099,0.1,109.9,989.1,850,139.1,14.06,Credit Card,5
ORD-2024-12235,2025-07-08,2025-07-11,2025,Q3,July,7,First Class,CUST-1026,Ella Sanchez,Consumer,Mexico,Latin America,Federal District,Mexico City,PROD-FUR-152,Furniture,Tables,Modular Team Workstation,4,640,990,3960,0.05,198.0,3762.0,2560,1202.0,31.95,Credit Card,5
ORD-2025-13121,2025-07-08,2025-07-10,2025,Q3,July,7,Standard Class,CUST-1017,Matthew Taylor,Home Office,United States,North America,New York,New York,PROD-FUR-160,Furniture,Bookcases,Solid Wood Library Cabinet,4,450,720,2880,0.0,0.0,2880.0,1800,1080.0,37.5,Wire Transfer,3
ORD-2025-11417,2025-07-08,2025-07-11,2025,Q3,July,7,First Class,CUST-1009,Benjamin Rodriguez,Consumer,France,Europe,Île-de-France,Paris,PROD-OFF-184,Office Supplies,Appliances,Commercial Espresso Barista Machine,1,620,950,950,0.0,0.0,950.0,620,330.0,34.74,Credit Card,4
ORD-2025-13469,2025-07-08,2025-07-12,2025,Q3,July,7,First Class,CUST-1008,Mia Davis,Consumer,Germany,Europe,Bavaria,Munich,PROD-TEC-144,Technology,Laptops,HP Spectre x360,1,920,1250,1250,0.0,0.0,1250.0,920,330.0,26.4,PayPal,4
ORD-2025-13199,2025-07-08,2025-07-11,2025,Q3,July,7,Second Class,CUST-1000,Emma Watson,Consumer,United States,North America,California,Los Angeles,PROD-OFF-179,Office Supplies,Paper,Premium Multipurpose Laser Paper 5000ct,3,28,48,144,0.05,7.2,136.8,84,52.8,38.6,PayPal,4
ORD-2024-11296,2025-07-09,2025-07-11,2025,Q3,July,7,Second Class,CUST-1003,Noah Williams,Home Office,Mexico,Latin America,Federal District,Mexico City,PROD-OFF-170,Office Supplies,Appliances,Commercial Espresso Barista Machine,2,620,950,1900,0.05,95.0,1805.0,1240,565.0,31.3,Credit Card,5
ORD-2026-11892,2025-07-09,2025-07-12,2025,Q3,July,7,Standard Class,CUST-1000,Emma Watson,Corporate,Canada,North America,British Columbia,Vancouver,PROD-TEC-127,Technology,Accessories,Bose QuietComfort Headphones,1,180,279,279,0.0,0.0,279.0,180,99.0,35.48,Direct Debit,4
ORD-2026-12306,2025-07-09,2025-07-12,2025,Q3,July,7,First Class,CUST-1022,Elizabeth Perez,Consumer,Canada,North America,Ontario,Toronto,PROD-FUR-166,Furniture,Chairs,Executive Leather Recliner,2,260,420,840,0.1,84.0,756.0,520,236.0,31.22,Direct Debit,4
ORD-2024-10936,2025-07-09,2025-07-11,2025,Q3,July,7,Standard Class,CUST-1001,Liam Johnson,Corporate,United States,North America,Illinois,Chicago,PROD-TEC-188,Technology,Laptops,MacBook Air M3,5,890,1199,5995,0.15,899.25,5095.75,4450,645.75,12.67,Wire Transfer,5
ORD-2024-13390,2025-07-11,2025-07-12,2025,Q3,July,7,Standard Class,CUST-1006,Isabella Garcia,Consumer,United States,North America,New York,New York,PROD-TEC-173,Technology,Laptops,HP Spectre x360,3,920,1250,3750,0.0,0.0,3750.0,2760,990.0,26.4,Credit Card,4
ORD-2025-11684,2025-07-11,2025-07-13,2025,Q3,July,7,Standard Class,CUST-1020,Emily Martin,Consumer,India,Asia Pacific,Karnataka,Bangalore,PROD-TEC-101,Technology,Phones,OnePlus 12,2,480,649,1298,0.1,129.8,1168.2,960,208.2,17.82,PayPal,5
ORD-2024-12214,2025-07-11,2025-07-13,2025,Q3,July,7,Standard Class,CUST-1006,Isabella Garcia,Corporate,Japan,Asia Pacific,Kanto,Tokyo,PROD-FUR-114,Furniture,Tables,Smart Motorized Standing Desk,2,320,560,1120,0.15,168.0,952.0,640,312.0,32.77,PayPal,3
ORD-2025-13094,2025-07-11,2025-07-14,2025,Q3,July,7,First Class,CUST-1017,Matthew Taylor,Consumer,Japan,Asia Pacific,Kanto,Tokyo,PROD-FUR-115,Furniture,Chairs,Steelcase Gesture Chair,2,820,1250,2500,0.0,0.0,2500.0,1640,860.0,34.4,Wire Transfer,3
ORD-2025-12017,2025-07-12,2025-07-14,2025,Q3,July,7,Standard Class,CUST-1009,Benjamin Rodriguez,Corporate,Mexico,Latin America,Jalisco,Guadalajara,PROD-FUR-191,Furniture,Chairs,Executive Leather Recliner,4,260,420,1680,0.05,84.0,1596.0,1040,556.0,34.84,PayPal,5
ORD-2024-10024,2025-07-12,2025-07-13,2025,Q3,July,7,Standard Class,CUST-1017,Matthew Taylor,Consumer,United States,North America,Illinois,Chicago,PROD-TEC-127,Technology,Phones,Google Pixel 8,3,540,699,2097,0.05,104.85,1992.15,1620,372.15,18.68,Credit Card,4
ORD-2025-13073,2025-07-12,2025-07-16,2025,Q3,July,7,Standard Class,CUST-1011,Elijah Hernandez,Corporate,United States,North America,California,Los Angeles,PROD-FUR-179,Furniture,Chairs,Ergonomic Mesh Task Chair,2,160,289,578,0.0,0.0,578.0,320,258.0,44.64,Credit Card,5
ORD-2026-12450,2025-07-12,2025-07-14,2025,Q3,July,7,Standard Class,CUST-1014,Harper Wilson,Consumer,India,Asia Pacific,Karnataka,Bangalore,PROD-OFF-173,Office Supplies,Appliances,Heavy Duty Cross-Cut Shredder,4,90,165,660,0.0,0.0,660.0,360,300.0,45.45,PayPal,4
ORD-2025-13385,2025-07-13,2025-07-16,2025,Q3,July,7,Standard Class,CUST-1022,Elizabeth Perez,Home Office,Germany,Europe,Berlin,Berlin,PROD-OFF-134,Office Supplies,Paper,Premium Multipurpose Laser Paper 5000ct,2,28,48,96,0.0,0.0,96.0,56,40.0,41.67,PayPal,5
ORD-2024-10879,2025-07-13,2025-07-17,2025,Q3,July,7,Standard Class,CUST-1016,Evelyn Thomas,Corporate,United Kingdom,Europe,England,Manchester,PROD-OFF-192,Office Supplies,Storage,Locking Security Storage Box,4,65,115,460,0.15,69.0,391.0,260,131.0,33.5,Credit Card,4
ORD-2024-11236,2025-07-13,2025-07-16,2025,Q3,July,7,Standard Class,CUST-1029,Joseph Lewis,Corporate,India,Asia Pacific,Maharashtra,Mumbai,PROD-OFF-135,Office Supplies,Storage,Heavy Duty 4-Drawer File Cabinet,1,130,220,220,0.0,0.0,220.0,130,90.0,40.91,Wire Transfer,1
ORD-2025-11648,2025-07-13,2025-07-19,2025,Q3,July,7,Standard Class,CUST-1012,Amelia Lopez,Corporate,United States,North America,New York,New York,PROD-OFF-193,Office Supplies,Storage,Locking Security Storage Box,1,65,115,115,0.05,5.75,109.25,65,44.25,40.5,Credit Card,5
ORD-2026-11478,2025-07-14,2025-07-17,2025,Q3,July,7,Same Day,CUST-1012,Amelia Lopez,Consumer,Canada,North America,Ontario,Toronto,PROD-OFF-136,Office Supplies,Appliances,Heavy Duty Cross-Cut Shredder,3,90,165,495,0.0,0.0,495.0,270,225.0,45.45,Credit Card,5
ORD-2025-12248,2025-07-14,2025-07-17,2025,Q3,July,7,Standard Class,CUST-1014,Harper Wilson,Consumer,Canada,North America,Ontario,Toronto,PROD-OFF-148,Office Supplies,Appliances,Heavy Duty Cross-Cut Shredder,4,90,165,660,0.05,33.0,627.0,360,267.0,42.58,Credit Card,2
ORD-2025-10490,2025-07-14,2025-07-17,2025,Q3,July,7,Standard Class,CUST-1000,Emma Watson,Corporate,United Kingdom,Europe,England,Manchester,PROD-FUR-101,Furniture,Bookcases,Modern 5-Tier Industrial Bookshelf,2,110,195,390,0.05,19.5,370.5,220,150.5,40.62,Credit Card,5
ORD-2025-10760,2025-07-14,2025-07-18,2025,Q3,July,7,Standard Class,CUST-1024,Avery White,Corporate,Australia,Asia Pacific,New South Wales,Sydney,PROD-FUR-190,Furniture,Bookcases,Glass Display Credenza,4,310,520,2080,0.1,208.0,1872.0,1240,632.0,33.76,Credit Card,5
ORD-2026-11298,2025-07-14,2025-07-15,2025,Q3,July,7,Standard Class,CUST-1022,Elizabeth Perez,Consumer,Canada,North America,British Columbia,Vancouver,PROD-OFF-135,Office Supplies,Paper,Executive Recycled Notepad Pack,3,12,24,72,0.0,0.0,72.0,36,36.0,50.0,PayPal,5
ORD-2024-12967,2025-07-15,2025-07-17,2025,Q3,July,7,Same Day,CUST-1028,Chloe Ramirez,Consumer,United States,North America,Illinois,Chicago,PROD-TEC-196,Technology,Laptops,ThinkPad X1 Carbon,1,1050,1399,1399,0.1,139.9,1259.1,1050,209.1,16.61,Credit Card,5
ORD-2025-10082,2025-07-15,2025-07-18,2025,Q3,July,7,Standard Class,CUST-1019,Henry Jackson,Corporate,France,Europe,Île-de-France,Paris,PROD-FUR-184,Furniture,Bookcases,Modern 5-Tier Industrial Bookshelf,3,110,195,585,0.1,58.5,526.5,330,196.5,37.32,PayPal,5
ORD-2026-13398,2025-07-15,2025-07-18,2025,Q3,July,7,Second Class,CUST-1006,Isabella Garcia,Consumer,United States,North America,Illinois,Chicago,PROD-TEC-122,Technology,Laptops,HP Spectre x360,1,920,1250,1250,0.0,0.0,1250.0,920,330.0,26.4,PayPal,5
ORD-2024-13144,2025-07-15,2025-07-18,2025,Q3,July,7,Standard Class,CUST-1012,Amelia Lopez,Consumer,India,Asia Pacific,Karnataka,Bangalore,PROD-FUR-190,Furniture,Bookcases,Solid Wood Library Cabinet,1,450,720,720,0.1,72.0,648.0,450,198.0,30.56,PayPal,5
ORD-2026-12108,2025-07-15,2025-07-17,2025,Q3,July,7,Standard Class,CUST-1014,Harper Wilson,Corporate,United States,North America,Illinois,Chicago,PROD-FUR-140,Furniture,Bookcases,Glass Display Credenza,2,310,520,1040,0.05,52.0,988.0,620,368.0,37.25,Direct Debit,4
ORD-2025-11027,2025-07-15,2025-07-18,2025,Q3,July,7,Standard Class,CUST-1003,Noah Williams,Home Office,United Kingdom,Europe,England,Manchester,PROD-TEC-102,Technology,Accessories,Logitech MX Master 3S,1,55,99,99,0.1,9.9,89.1,55,34.1,38.27,PayPal,5
ORD-2024-11569,2025-07-15,2025-07-20,2025,Q3,July,7,Standard Class,CUST-1005,James Jones,Consumer,India,Asia Pacific,Maharashtra,Mumbai,PROD-OFF-111,Office Supplies,Appliances,Smart Office Air Purifier Pro,3,140,249,747,0.05,37.35,709.65,420,289.65,40.82,Wire Transfer,4
ORD-2026-10623,2025-07-15,2025-07-17,2025,Q3,July,7,Standard Class,CUST-1024,Avery White,Corporate,Japan,Asia Pacific,Kanto,Tokyo,PROD-OFF-159,Office Supplies,Appliances,Smart Office Air Purifier Pro,3,140,249,747,0.05,37.35,709.65,420,289.65,40.82,Credit Card,5
ORD-2025-12707,2025-07-16,2025-07-17,2025,Q3,July,7,Second Class,CUST-1005,James Jones,Consumer,France,Europe,Auvergne-Rhône-Alpes,Lyon,PROD-TEC-151,Technology,Phones,OnePlus 12,2,480,649,1298,0.0,0.0,1298.0,960,338.0,26.04,PayPal,5
ORD-2025-12413,2025-07-16,2025-07-21,2025,Q3,July,7,Standard Class,CUST-1016,Evelyn Thomas,Consumer,United States,North America,California,Los Angeles,PROD-FUR-126,Furniture,Bookcases,Glass Display Credenza,1,310,520,520,0.0,0.0,520.0,310,210.0,40.38,Wire Transfer,4
ORD-2025-10598,2025-07-16,2025-07-20,2025,Q3,July,7,First Class,CUST-1007,Lucas Miller,Corporate,Germany,Europe,Bavaria,Munich,PROD-TEC-132,Technology,Accessories,Bose QuietComfort Headphones,2,180,279,558,0.05,27.9,530.1,360,170.1,32.09,Credit Card,4
ORD-2025-11189,2025-07-17,2025-07-19,2025,Q3,July,7,First Class,CUST-1010,Charlotte Martinez,Corporate,Australia,Asia Pacific,New South Wales,Sydney,PROD-OFF-141,Office Supplies,Appliances,Commercial Espresso Barista Machine,3,620,950,2850,0.0,0.0,2850.0,1860,990.0,34.74,Credit Card,5
ORD-2026-11889,2025-07-17,2025-07-20,2025,Q3,July,7,Standard Class,CUST-1029,Joseph Lewis,Consumer,Canada,North America,British Columbia,Vancouver,PROD-FUR-167,Furniture,Tables,Coffee Break Lounge Table,6,120,210,1260,0.1,126.0,1134.0,720,414.0,36.51,Wire Transfer,4
ORD-2025-12455,2025-07-17,2025-07-20,2025,Q3,July,7,Standard Class,CUST-1025,David Harris,Corporate,United States,North America,New York,New York,PROD-TEC-102,Technology,Accessories,Anker USB-C Docking Hub,1,45,79,79,0.0,0.0,79.0,45,34.0,43.04,Credit Card,5
ORD-2025-11984,2025-07-17,2025-07-20,2025,Q3,July,7,Standard Class,CUST-1025,David Harris,Consumer,Canada,North America,Ontario,Toronto,PROD-TEC-197,Technology,Laptops,Dell XPS 15,2,1100,1450,2900,0.0,0.0,2900.0,2200,700.0,24.14,Wire Transfer,4
ORD-2024-10459,2025-07-18,2025-07-21,2025,Q3,July,7,First Class,CUST-1013,Alexander Gonzalez,Consumer,United States,North America,California,Los Angeles,PROD-OFF-140,Office Supplies,Paper,Heavyweight Cardstock Reams,3,16,32,96,0.0,0.0,96.0,48,48.0,50.0,Credit Card,1
ORD-2024-13402,2025-07-19,2025-07-21,2025,Q3,July,7,Standard Class,CUST-1025,David Harris,Consumer,Germany,Europe,Berlin,Berlin,PROD-TEC-118,Technology,Laptops,Dell XPS 15,1,1100,1450,1450,0.0,0.0,1450.0,1100,350.0,24.14,Wire Transfer,5
ORD-2024-13369,2025-07-20,2025-07-22,2025,Q3,July,7,Standard Class,CUST-1009,Benjamin Rodriguez,Consumer,United States,North America,New York,New York,PROD-OFF-132,Office Supplies,Paper,Premium Multipurpose Laser Paper 5000ct,3,28,48,144,0.05,7.2,136.8,84,52.8,38.6,PayPal,5
ORD-2025-10199,2025-07-20,2025-07-23,2025,Q3,July,7,Second Class,CUST-1009,Benjamin Rodriguez,Corporate,France,Europe,Auvergne-Rhône-Alpes,Lyon,PROD-OFF-178,Office Supplies,Storage,Locking Security Storage Box,2,65,115,230,0.1,23.0,207.0,130,77.0,37.2,Credit Card,5
ORD-2025-12644,2025-07-20,2025-07-22,2025,Q3,July,7,Standard Class,CUST-1024,Avery White,Home Office,Germany,Europe,Bavaria,Munich,PROD-FUR-129,Furniture,Chairs,Executive Leather Recliner,1,260,420,420,0.0,0.0,420.0,260,160.0,38.1,Wire Transfer,5
ORD-2024-11410,2025-07-20,2025-07-24,2025,Q3,July,7,Standard Class,CUST-1021,Sebastian Lee,Corporate,United States,North America,Illinois,Chicago,PROD-FUR-152,Furniture,Bookcases,Solid Wood Library Cabinet,1,450,720,720,0.15,108.0,612.0,450,162.0,26.47,Credit Card,4
ORD-2024-12355,2025-07-21,2025-07-23,2025,Q3,July,7,Second Class,CUST-1028,Chloe Ramirez,Corporate,United States,North America,New York,New York,PROD-FUR-137,Furniture,Chairs,Steelcase Gesture Chair,2,820,1250,2500,0.0,0.0,2500.0,1640,860.0,34.4,Credit Card,5
ORD-2026-13245,2025-07-22,2025-07-25,2025,Q3,July,7,Standard Class,CUST-1022,Elizabeth Perez,Corporate,United Kingdom,Europe,England,London,PROD-TEC-187,Technology,Accessories,Logitech MX Master 3S,5,55,99,495,0.2,99.0,396.0,275,121.0,30.56,Credit Card,5
ORD-2024-13108,2025-07-23,2025-07-29,2025,Q3,July,7,Standard Class,CUST-1000,Emma Watson,Home Office,Canada,North America,British Columbia,Vancouver,PROD-TEC-149,Technology,Laptops,HP Spectre x360,4,920,1250,5000,0.0,0.0,5000.0,3680,1320.0,26.4,Credit Card,5
ORD-2024-12799,2025-07-23,2025-07-26,2025,Q3,July,7,Standard Class,CUST-1028,Chloe Ramirez,Consumer,Canada,North America,British Columbia,Vancouver,PROD-TEC-178,Technology,Phones,Samsung Galaxy S24,5,720,950,4750,0.15,712.5,4037.5,3600,437.5,10.84,Credit Card,5
ORD-2026-10521,2025-07-24,2025-07-26,2025,Q3,July,7,Standard Class,CUST-1022,Elizabeth Perez,Home Office,United Kingdom,Europe,England,London,PROD-FUR-197,Furniture,Tables,Coffee Break Lounge Table,1,120,210,210,0.0,0.0,210.0,120,90.0,42.86,Wire Transfer,4
ORD-2025-11261,2025-07-24,2025-07-27,2025,Q3,July,7,Second Class,CUST-1005,James Jones,Corporate,United States,North America,New York,New York,PROD-TEC-104,Technology,Phones,OnePlus 12,2,480,649,1298,0.1,129.8,1168.2,960,208.2,17.82,Direct Debit,4
ORD-2025-10154,2025-07-24,2025-07-29,2025,Q3,July,7,First Class,CUST-1029,Joseph Lewis,Consumer,France,Europe,Île-de-France,Paris,PROD-FUR-168,Furniture,Tables,Coffee Break Lounge Table,2,120,210,420,0.0,0.0,420.0,240,180.0,42.86,Credit Card,5
ORD-2026-10794,2025-07-25,2025-07-28,2025,Q3,July,7,Second Class,CUST-1001,Liam Johnson,Consumer,United States,North America,Texas,Houston,PROD-FUR-162,Furniture,Chairs,Steelcase Gesture Chair,2,820,1250,2500,0.1,250.0,2250.0,1640,610.0,27.11,PayPal,3
ORD-2026-10848,2025-07-25,2025-07-26,2025,Q3,July,7,Standard Class,CUST-1011,Elijah Hernandez,Home Office,Canada,North America,British Columbia,Vancouver,PROD-FUR-122,Furniture,Bookcases,Glass Display Credenza,3,310,520,1560,0.0,0.0,1560.0,930,630.0,40.38,Credit Card,3
ORD-2025-11459,2025-07-25,2025-07-28,2025,Q3,July,7,Second Class,CUST-1008,Mia Davis,Home Office,United Kingdom,Europe,England,Manchester,PROD-TEC-164,Technology,Laptops,MacBook Air M3,4,890,1199,4796,0.05,239.8,4556.2,3560,996.2,21.86,Credit Card,5
ORD-2025-12233,2025-07-26,2025-07-29,2025,Q3,July,7,Same Day,CUST-1015,Daniel Anderson,Consumer,Canada,North America,Ontario,Toronto,PROD-FUR-144,Furniture,Chairs,Ergonomic Mesh Task Chair,1,160,289,289,0.0,0.0,289.0,160,129.0,44.64,Credit Card,5
ORD-2024-12679,2025-07-26,2025-07-29,2025,Q3,July,7,Standard Class,CUST-1001,Liam Johnson,Home Office,United States,North America,California,Los Angeles,PROD-FUR-157,Furniture,Tables,Modular Team Workstation,1,640,990,990,0.0,0.0,990.0,640,350.0,35.35,Wire Transfer,3
ORD-2024-10534,2025-07-26,2025-07-28,2025,Q3,July,7,Same Day,CUST-1019,Henry Jackson,Home Office,United States,North America,Illinois,Chicago,PROD-FUR-116,Furniture,Chairs,Ergonomic Mesh Task Chair,2,160,289,578,0.1,57.8,520.2,320,200.2,38.49,Credit Card,5
ORD-2025-10871,2025-07-28,2025-07-31,2025,Q3,July,7,Second Class,CUST-1003,Noah Williams,Home Office,Mexico,Latin America,Jalisco,Guadalajara,PROD-TEC-164,Technology,Accessories,Anker USB-C Docking Hub,1,45,79,79,0.0,0.0,79.0,45,34.0,43.04,Credit Card,5
ORD-2026-10935,2025-07-28,2025-07-31,2025,Q3,July,7,Standard Class,CUST-1015,Daniel Anderson,Home Office,Singapore,Asia Pacific,Central,Singapore,PROD-FUR-125,Furniture,Bookcases,Modern 5-Tier Industrial Bookshelf,6,110,195,1170,0.1,117.0,1053.0,660,393.0,37.32,Wire Transfer,3
ORD-2025-13295,2025-07-28,2025-07-31,2025,Q3,July,7,Standard Class,CUST-1001,Liam Johnson,Corporate,Mexico,Latin America,Federal District,Mexico City,PROD-OFF-129,Office Supplies,Paper,Premium Multipurpose Laser Paper 5000ct,1,28,48,48,0.05,2.4,45.6,28,17.6,38.6,Credit Card,5
ORD-2026-12711,2025-07-29,2025-08-02,2025,Q3,July,7,Second Class,CUST-1000,Emma Watson,Consumer,Mexico,Latin America,Jalisco,Guadalajara,PROD-FUR-172,Furniture,Chairs,Steelcase Gesture Chair,2,820,1250,2500,0.0,0.0,2500.0,1640,860.0,34.4,Credit Card,4
ORD-2025-12200,2025-07-29,2025-08-01,2025,Q3,July,7,Second Class,CUST-1003,Noah Williams,Consumer,United States,North America,Texas,Houston,PROD-OFF-163,Office Supplies,Appliances,Smart Office Air Purifier Pro,1,140,249,249,0.0,0.0,249.0,140,109.0,43.78,Direct Debit,3
ORD-2024-11269,2025-07-29,2025-08-02,2025,Q3,July,7,Standard Class,CUST-1017,Matthew Taylor,Consumer,Germany,Europe,Bavaria,Munich,PROD-FUR-180,Furniture,Bookcases,Glass Display Credenza,2,310,520,1040,0.0,0.0,1040.0,620,420.0,40.38,Wire Transfer,5
ORD-2026-13320,2025-07-29,2025-07-31,2025,Q3,July,7,Standard Class,CUST-1013,Alexander Gonzalez,Consumer,India,Asia Pacific,Maharashtra,Mumbai,PROD-FUR-158,Furniture,Chairs,Herman Miller Aeron Chair,4,750,1195,4780,0.1,478.0,4302.0,3000,1302.0,30.26,Wire Transfer,2
ORD-2024-13276,2025-07-29,2025-08-02,2025,Q3,July,7,Same Day,CUST-1021,Sebastian Lee,Consumer,United States,North America,Illinois,Chicago,PROD-FUR-176,Furniture,Bookcases,Solid Wood Library Cabinet,3,450,720,2160,0.0,0.0,2160.0,1350,810.0,37.5,Credit Card,5
ORD-2026-10902,2025-07-30,2025-08-03,2025,Q3,July,7,Standard Class,CUST-1025,David Harris,Corporate,France,Europe,Auvergne-Rhône-Alpes,Lyon,PROD-OFF-148,Office Supplies,Appliances,Commercial Espresso Barista Machine,1,620,950,950,0.05,47.5,902.5,620,282.5,31.3,Wire Transfer,3
ORD-2025-12812,2025-07-30,2025-08-03,2025,Q3,July,7,Standard Class,CUST-1011,Elijah Hernandez,Consumer,India,Asia Pacific,Karnataka,Bangalore,PROD-OFF-194,Office Supplies,Storage,Heavy Duty 4-Drawer File Cabinet,1,130,220,220,0.0,0.0,220.0,130,90.0,40.91,Wire Transfer,5
ORD-2025-11216,2025-07-30,2025-08-03,2025,Q3,July,7,First Class,CUST-1020,Emily Martin,Corporate,Germany,Europe,Berlin,Berlin,PROD-TEC-141,Technology,Accessories,Logitech MX Master 3S,4,55,99,396,0.0,0.0,396.0,220,176.0,44.44,Wire Transfer,5
ORD-2026-10167,2025-07-31,2025-08-02,2025,Q3,July,7,First Class,CUST-1012,Amelia Lopez,Corporate,Germany,Europe,Bavaria,Munich,PROD-OFF-193,Office Supplies,Storage,Locking Security Storage Box,1,65,115,115,0.1,11.5,103.5,65,38.5,37.2,Credit Card,5
ORD-2025-10406,2025-07-31,2025-08-02,2025,Q3,July,7,Second Class,CUST-1018,Abigail Moore,Consumer,United States,North America,Illinois,Chicago,PROD-OFF-137,Office Supplies,Appliances,Commercial Espresso Barista Machine,2,620,950,1900,0.0,0.0,1900.0,1240,660.0,34.74,Credit Card,4
ORD-2026-12045,2025-07-31,2025-08-01,2025,Q3,July,7,Standard Class,CUST-1016,Evelyn Thomas,Corporate,United States,North America,Illinois,Chicago,PROD-TEC-198,Technology,Accessories,Dell 4K UltraSharp Monitor,2,340,489,978,0.0,0.0,978.0,680,298.0,30.47,Credit Card,5
ORD-2026-10749,2025-07-31,2025-08-02,2025,Q3,July,7,Second Class,CUST-1001,Liam Johnson,Corporate,India,Asia Pacific,Karnataka,Bangalore,PROD-FUR-160,Furniture,Tables,Solid Oak Conference Table,5,980,1480,7400,0.1,740.0,6660.0,4900,1760.0,26.43,Credit Card,5
ORD-2024-13267,2025-08-01,2025-08-05,2025,Q3,August,8,Standard Class,CUST-1005,James Jones,Consumer,United States,North America,New York,New York,PROD-FUR-127,Furniture,Chairs,Executive Leather Recliner,1,260,420,420,0.0,0.0,420.0,260,160.0,38.1,Wire Transfer,5
ORD-2025-12014,2025-08-01,2025-08-04,2025,Q3,August,8,Standard Class,CUST-1008,Mia Davis,Corporate,India,Asia Pacific,Maharashtra,Mumbai,PROD-FUR-176,Furniture,Bookcases,Modern 5-Tier Industrial Bookshelf,5,110,195,975,0.1,97.5,877.5,550,327.5,37.32,Direct Debit,4
ORD-2025-12743,2025-08-01,2025-08-03,2025,Q3,August,8,Standard Class,CUST-1022,Elizabeth Perez,Consumer,Mexico,Latin America,Jalisco,Guadalajara,PROD-OFF-186,Office Supplies,Paper,Executive Recycled Notepad Pack,1,12,24,24,0.0,0.0,24.0,12,12.0,50.0,Credit Card,1
ORD-2026-11292,2025-08-02,2025-08-04,2025,Q3,August,8,Same Day,CUST-1000,Emma Watson,Consumer,Canada,North America,British Columbia,Vancouver,PROD-OFF-115,Office Supplies,Storage,Rolling Mobile Utility Cart,2,45,85,170,0.1,17.0,153.0,90,63.0,41.18,Direct Debit,3
ORD-2026-12471,2025-08-02,2025-08-08,2025,Q3,August,8,First Class,CUST-1021,Sebastian Lee,Home Office,France,Europe,Auvergne-Rhône-Alpes,Lyon,PROD-TEC-134,Technology,Phones,iPhone 15 Pro,4,850,1099,4396,0.0,0.0,4396.0,3400,996.0,22.66,Direct Debit,4
ORD-2026-10296,2025-08-02,2025-08-07,2025,Q3,August,8,Second Class,CUST-1004,Sophia Brown,Corporate,Germany,Europe,Berlin,Berlin,PROD-TEC-109,Technology,Laptops,Dell XPS 15,1,1100,1450,1450,0.0,0.0,1450.0,1100,350.0,24.14,Wire Transfer,5
ORD-2024-13246,2025-08-02,2025-08-04,2025,Q3,August,8,Second Class,CUST-1020,Emily Martin,Consumer,France,Europe,Île-de-France,Paris,PROD-FUR-113,Furniture,Bookcases,Glass Display Credenza,1,310,520,520,0.1,52.0,468.0,310,158.0,33.76,Direct Debit,5
ORD-2025-11351,2025-08-03,2025-08-06,2025,Q3,August,8,Standard Class,CUST-1018,Abigail Moore,Home Office,United Kingdom,Europe,England,London,PROD-TEC-130,Technology,Laptops,HP Spectre x360,1,920,1250,1250,0.05,62.5,1187.5,920,267.5,22.53,PayPal,5
ORD-2025-11297,2025-08-03,2025-08-05,2025,Q3,August,8,Standard Class,CUST-1012,Amelia Lopez,Consumer,United States,North America,Texas,Houston,PROD-FUR-183,Furniture,Bookcases,Modern 5-Tier Industrial Bookshelf,1,110,195,195,0.0,0.0,195.0,110,85.0,43.59,Direct Debit,3
ORD-2026-12297,2025-08-03,2025-08-05,2025,Q3,August,8,First Class,CUST-1005,James Jones,Home Office,United States,North America,Texas,Houston,PROD-FUR-128,Furniture,Bookcases,Solid Wood Library Cabinet,3,450,720,2160,0.0,0.0,2160.0,1350,810.0,37.5,Wire Transfer,1
ORD-2026-11574,2025-08-03,2025-08-07,2025,Q3,August,8,First Class,CUST-1015,Daniel Anderson,Consumer,Canada,North America,British Columbia,Vancouver,PROD-TEC-160,Technology,Phones,Samsung Galaxy S24,1,720,950,950,0.05,47.5,902.5,720,182.5,20.22,Direct Debit,5
ORD-2024-13450,2025-08-03,2025-08-08,2025,Q3,August,8,Standard Class,CUST-1011,Elijah Hernandez,Consumer,India,Asia Pacific,Maharashtra,Mumbai,PROD-TEC-155,Technology,Accessories,Logitech MX Master 3S,1,55,99,99,0.0,0.0,99.0,55,44.0,44.44,PayPal,5
ORD-2026-10212,2025-08-04,2025-08-05,2025,Q3,August,8,Second Class,CUST-1004,Sophia Brown,Consumer,United States,North America,Illinois,Chicago,PROD-OFF-195,Office Supplies,Paper,Executive Recycled Notepad Pack,2,12,24,48,0.0,0.0,48.0,24,24.0,50.0,Credit Card,2
ORD-2024-12052,2025-08-04,2025-08-07,2025,Q3,August,8,Second Class,CUST-1010,Charlotte Martinez,Home Office,United States,North America,Texas,Houston,PROD-TEC-189,Technology,Accessories,Anker USB-C Docking Hub,1,45,79,79,0.0,0.0,79.0,45,34.0,43.04,Wire Transfer,5
ORD-2026-12993,2025-08-04,2025-08-06,2025,Q3,August,8,Standard Class,CUST-1018,Abigail Moore,Consumer,United States,North America,Illinois,Chicago,PROD-TEC-187,Technology,Laptops,ThinkPad X1 Carbon,3,1050,1399,4197,0.0,0.0,4197.0,3150,1047.0,24.95,Credit Card,4
ORD-2026-10920,2025-08-04,2025-08-06,2025,Q3,August,8,Standard Class,CUST-1016,Evelyn Thomas,Corporate,Germany,Europe,Bavaria,Munich,PROD-FUR-134,Furniture,Bookcases,Solid Wood Library Cabinet,2,450,720,1440,0.0,0.0,1440.0,900,540.0,37.5,Direct Debit,5
ORD-2025-12050,2025-08-04,2025-08-08,2025,Q3,August,8,Standard Class,CUST-1014,Harper Wilson,Consumer,United Kingdom,Europe,England,Manchester,PROD-TEC-128,Technology,Phones,OnePlus 12,1,480,649,649,0.05,32.45,616.55,480,136.55,22.15,PayPal,5
ORD-2024-10756,2025-08-04,2025-08-07,2025,Q3,August,8,Standard Class,CUST-1005,James Jones,Corporate,Mexico,Latin America,Jalisco,Guadalajara,PROD-TEC-165,Technology,Phones,OnePlus 12,2,480,649,1298,0.05,64.9,1233.1,960,273.1,22.15,Wire Transfer,5
ORD-2024-11773,2025-08-04,2025-08-07,2025,Q3,August,8,Standard Class,CUST-1002,Olivia Smith,Corporate,United States,North America,Texas,Houston,PROD-OFF-151,Office Supplies,Paper,Premium Multipurpose Laser Paper 5000ct,1,28,48,48,0.05,2.4,45.6,28,17.6,38.6,Wire Transfer,3
ORD-2024-10861,2025-08-04,2025-08-06,2025,Q3,August,8,Standard Class,CUST-1004,Sophia Brown,Consumer,United States,North America,California,Los Angeles,PROD-OFF-192,Office Supplies,Appliances,Smart Office Air Purifier Pro,1,140,249,249,0.1,24.9,224.1,140,84.1,37.53,Credit Card,4
ORD-2025-13445,2025-08-05,2025-08-07,2025,Q3,August,8,Standard Class,CUST-1004,Sophia Brown,Corporate,Mexico,Latin America,Federal District,Mexico City,PROD-OFF-121,Office Supplies,Paper,Heavyweight Cardstock Reams,2,16,32,64,0.05,3.2,60.8,32,28.8,47.37,PayPal,4
ORD-2026-13038,2025-08-05,2025-08-07,2025,Q3,August,8,Standard Class,CUST-1025,David Harris,Consumer,United Kingdom,Europe,England,London,PROD-FUR-141,Furniture,Tables,Smart Motorized Standing Desk,3,320,560,1680,0.0,0.0,1680.0,960,720.0,42.86,Credit Card,3
ORD-2024-10582,2025-08-05,2025-08-09,2025,Q3,August,8,Standard Class,CUST-1018,Abigail Moore,Consumer,Canada,North America,British Columbia,Vancouver,PROD-OFF-190,Office Supplies,Paper,Heavyweight Cardstock Reams,4,16,32,128,0.05,6.4,121.6,64,57.6,47.37,Credit Card,4
ORD-2025-11138,2025-08-05,2025-08-07,2025,Q3,August,8,Standard Class,CUST-1003,Noah Williams,Consumer,Australia,Asia Pacific,Victoria,Melbourne,PROD-FUR-125,Furniture,Chairs,Ergonomic Mesh Task Chair,1,160,289,289,0.05,14.45,274.55,160,114.55,41.72,PayPal,5
ORD-2024-13252,2025-08-08,2025-08-11,2025,Q3,August,8,Standard Class,CUST-1020,Emily Martin,Consumer,Canada,North America,British Columbia,Vancouver,PROD-TEC-180,Technology,Laptops,MacBook Air M3,6,890,1199,7194,0.2,1438.8,5755.2,5340,415.2,7.21,Wire Transfer,5
ORD-2025-12932,2025-08-08,2025-08-11,2025,Q3,August,8,Standard Class,CUST-1016,Evelyn Thomas,Consumer,United States,North America,California,Los Angeles,PROD-TEC-169,Technology,Accessories,Logitech MX Master 3S,2,55,99,198,0.0,0.0,198.0,110,88.0,44.44,PayPal,4
ORD-2024-11353,2025-08-08,2025-08-13,2025,Q3,August,8,Second Class,CUST-1009,Benjamin Rodriguez,Consumer,France,Europe,Auvergne-Rhône-Alpes,Lyon,PROD-OFF-125,Office Supplies,Paper,Heavyweight Cardstock Reams,1,16,32,32,0.0,0.0,32.0,16,16.0,50.0,PayPal,4
ORD-2026-11118,2025-08-08,2025-08-11,2025,Q3,August,8,Second Class,CUST-1009,Benjamin Rodriguez,Consumer,United States,North America,California,Los Angeles,PROD-OFF-148,Office Supplies,Appliances,Commercial Espresso Barista Machine,3,620,950,2850,0.05,142.5,2707.5,1860,847.5,31.3,Credit Card,5
ORD-2026-10614,2025-08-08,2025-08-12,2025,Q3,August,8,Second Class,CUST-1001,Liam Johnson,Consumer,Australia,Asia Pacific,Victoria,Melbourne,PROD-OFF-122,Office Supplies,Appliances,Smart Office Air Purifier Pro,5,140,249,1245,0.2,249.0,996.0,700,296.0,29.72,Wire Transfer,5
ORD-2026-12249,2025-08-08,2025-08-11,2025,Q3,August,8,Standard Class,CUST-1028,Chloe Ramirez,Home Office,Germany,Europe,Berlin,Berlin,PROD-TEC-140,Technology,Accessories,Dell 4K UltraSharp Monitor,2,340,489,978,0.05,48.9,929.1,680,249.1,26.81,Credit Card,5
ORD-2026-11307,2025-08-09,2025-08-14,2025,Q3,August,8,Second Class,CUST-1021,Sebastian Lee,Consumer,United States,North America,New York,New York,PROD-OFF-128,Office Supplies,Appliances,Smart Office Air Purifier Pro,2,140,249,498,0.0,0.0,498.0,280,218.0,43.78,Wire Transfer,4
ORD-2024-10618,2025-08-09,2025-08-11,2025,Q3,August,8,First Class,CUST-1012,Amelia Lopez,Corporate,United States,North America,New York,New York,PROD-FUR-155,Furniture,Chairs,Executive Leather Recliner,2,260,420,840,0.0,0.0,840.0,520,320.0,38.1,Wire Transfer,4
ORD-2025-12788,2025-08-09,2025-08-11,2025,Q3,August,8,Standard Class,CUST-1011,Elijah Hernandez,Consumer,France,Europe,Auvergne-Rhône-Alpes,Lyon,PROD-OFF-141,Office Supplies,Paper,Premium Multipurpose Laser Paper 5000ct,3,28,48,144,0.0,0.0,144.0,84,60.0,41.67,Wire Transfer,5
ORD-2024-11617,2025-08-09,2025-08-11,2025,Q3,August,8,Standard Class,CUST-1008,Mia Davis,Consumer,India,Asia Pacific,Maharashtra,Mumbai,PROD-OFF-124,Office Supplies,Storage,Rolling Mobile Utility Cart,1,45,85,85,0.05,4.25,80.75,45,35.75,44.27,Wire Transfer,3
ORD-2026-10536,2025-08-09,2025-08-11,2025,Q3,August,8,Standard Class,CUST-1010,Charlotte Martinez,Corporate,France,Europe,Auvergne-Rhône-Alpes,Lyon,PROD-OFF-165,Office Supplies,Storage,Heavy Duty 4-Drawer File Cabinet,3,130,220,660,0.1,66.0,594.0,390,204.0,34.34,Wire Transfer,5
ORD-2024-12979,2025-08-09,2025-08-12,2025,Q3,August,8,First Class,CUST-1011,Elijah Hernandez,Corporate,Canada,North America,British Columbia,Vancouver,PROD-TEC-147,Technology,Phones,Samsung Galaxy S24,1,720,950,950,0.1,95.0,855.0,720,135.0,15.79,Wire Transfer,5
ORD-2026-13263,2025-08-10,2025-08-14,2025,Q3,August,8,Standard Class,CUST-1019,Henry Jackson,Consumer,Germany,Europe,Bavaria,Munich,PROD-TEC-192,Technology,Accessories,Bose QuietComfort Headphones,2,180,279,558,0.0,0.0,558.0,360,198.0,35.48,Wire Transfer,5
ORD-2025-13382,2025-08-10,2025-08-12,2025,Q3,August,8,Second Class,CUST-1025,David Harris,Consumer,Brazil,Latin America,São Paulo,São Paulo,PROD-OFF-167,Office Supplies,Storage,Rolling Mobile Utility Cart,1,45,85,85,0.05,4.25,80.75,45,35.75,44.27,Credit Card,1
ORD-2026-13380,2025-08-11,2025-08-13,2025,Q3,August,8,Second Class,CUST-1020,Emily Martin,Corporate,United States,North America,New York,New York,PROD-OFF-195,Office Supplies,Paper,Executive Recycled Notepad Pack,6,12,24,144,0.15,21.6,122.4,72,50.4,41.18,PayPal,1
ORD-2026-11649,2025-08-11,2025-08-14,2025,Q3,August,8,Same Day,CUST-1008,Mia Davis,Consumer,Australia,Asia Pacific,Victoria,Melbourne,PROD-FUR-180,Furniture,Bookcases,Solid Wood Library Cabinet,1,450,720,720,0.05,36.0,684.0,450,234.0,34.21,Credit Card,3
ORD-2024-11965,2025-08-11,2025-08-12,2025,Q3,August,8,Standard Class,CUST-1022,Elizabeth Perez,Corporate,Mexico,Latin America,Federal District,Mexico City,PROD-TEC-191,Technology,Phones,OnePlus 12,1,480,649,649,0.1,64.9,584.1,480,104.1,17.82,Credit Card,4
ORD-2024-12700,2025-08-11,2025-08-13,2025,Q3,August,8,Second Class,CUST-1003,Noah Williams,Corporate,France,Europe,Île-de-France,Paris,PROD-FUR-194,Furniture,Chairs,Executive Leather Recliner,8,260,420,3360,0.1,336.0,3024.0,2080,944.0,31.22,Credit Card,4
ORD-2026-10581,2025-08-11,2025-08-16,2025,Q3,August,8,Second Class,CUST-1016,Evelyn Thomas,Corporate,United Kingdom,Europe,England,Manchester,PROD-TEC-109,Technology,Phones,OnePlus 12,4,480,649,2596,0.05,129.8,2466.2,1920,546.2,22.15,Credit Card,5
ORD-2025-12161,2025-08-11,2025-08-14,2025,Q3,August,8,First Class,CUST-1015,Daniel Anderson,Home Office,United Kingdom,Europe,England,London,PROD-FUR-198,Furniture,Chairs,Herman Miller Aeron Chair,4,750,1195,4780,0.0,0.0,4780.0,3000,1780.0,37.24,Wire Transfer,4
ORD-2026-13047,2025-08-11,2025-08-16,2025,Q3,August,8,Second Class,CUST-1004,Sophia Brown,Corporate,France,Europe,Auvergne-Rhône-Alpes,Lyon,PROD-TEC-130,Technology,Laptops,HP Spectre x360,3,920,1250,3750,0.05,187.5,3562.5,2760,802.5,22.53,Credit Card,4
ORD-2026-12930,2025-08-12,2025-08-18,2025,Q3,August,8,Standard Class,CUST-1000,Emma Watson,Corporate,United States,North America,Illinois,Chicago,PROD-OFF-152,Office Supplies,Appliances,Smart Office Air Purifier Pro,1,140,249,249,0.15,37.35,211.65,140,71.65,33.85,Wire Transfer,4
ORD-2026-11100,2025-08-12,2025-08-14,2025,Q3,August,8,Standard Class,CUST-1011,Elijah Hernandez,Home Office,India,Asia Pacific,Karnataka,Bangalore,PROD-FUR-181,Furniture,Chairs,Herman Miller Aeron Chair,3,750,1195,3585,0.05,179.25,3405.75,2250,1155.75,33.94,Credit Card,4
ORD-2026-11994,2025-08-12,2025-08-15,2025,Q3,August,8,Standard Class,CUST-1014,Harper Wilson,Consumer,Germany,Europe,Berlin,Berlin,PROD-FUR-166,Furniture,Tables,Solid Oak Conference Table,3,980,1480,4440,0.0,0.0,4440.0,2940,1500.0,33.78,Credit Card,4
ORD-2025-12572,2025-08-12,2025-08-15,2025,Q3,August,8,Standard Class,CUST-1022,Elizabeth Perez,Consumer,Canada,North America,Ontario,Toronto,PROD-FUR-160,Furniture,Bookcases,Modern 5-Tier Industrial Bookshelf,2,110,195,390,0.0,0.0,390.0,220,170.0,43.59,Direct Debit,5
ORD-2024-13222,2025-08-12,2025-08-15,2025,Q3,August,8,Standard Class,CUST-1002,Olivia Smith,Corporate,United States,North America,California,Los Angeles,PROD-TEC-153,Technology,Accessories,Bose QuietComfort Headphones,1,180,279,279,0.05,13.95,265.05,180,85.05,32.09,Credit Card,1
ORD-2025-12185,2025-08-12,2025-08-15,2025,Q3,August,8,Second Class,CUST-1007,Lucas Miller,Corporate,United Kingdom,Europe,England,London,PROD-OFF-170,Office Supplies,Paper,Premium Multipurpose Laser Paper 5000ct,1,28,48,48,0.0,0.0,48.0,28,20.0,41.67,Wire Transfer,5
ORD-2024-11704,2025-08-12,2025-08-14,2025,Q3,August,8,Standard Class,CUST-1005,James Jones,Consumer,United Kingdom,Europe,England,London,PROD-OFF-194,Office Supplies,Storage,Heavy Duty 4-Drawer File Cabinet,3,130,220,660,0.0,0.0,660.0,390,270.0,40.91,PayPal,4
ORD-2026-12762,2025-08-13,2025-08-15,2025,Q3,August,8,First Class,CUST-1001,Liam Johnson,Corporate,Canada,North America,British Columbia,Vancouver,PROD-OFF-187,Office Supplies,Paper,Premium Multipurpose Laser Paper 5000ct,3,28,48,144,0.05,7.2,136.8,84,52.8,38.6,Credit Card,5
ORD-2026-12276,2025-08-13,2025-08-15,2025,Q3,August,8,Same Day,CUST-1001,Liam Johnson,Corporate,Mexico,Latin America,Federal District,Mexico City,PROD-TEC-162,Technology,Phones,Samsung Galaxy S24,5,720,950,4750,0.1,475.0,4275.0,3600,675.0,15.79,Direct Debit,5
ORD-2024-12133,2025-08-13,2025-08-16,2025,Q3,August,8,Standard Class,CUST-1021,Sebastian Lee,Home Office,Canada,North America,Ontario,Toronto,PROD-TEC-152,Technology,Accessories,Bose QuietComfort Headphones,3,180,279,837,0.05,41.85,795.15,540,255.15,32.09,Direct Debit,3
ORD-2025-10124,2025-08-13,2025-08-15,2025,Q3,August,8,Standard Class,CUST-1018,Abigail Moore,Consumer,Germany,Europe,Bavaria,Munich,PROD-OFF-183,Office Supplies,Appliances,Smart Office Air Purifier Pro,6,140,249,1494,0.1,149.4,1344.6,840,504.6,37.53,PayPal,4
ORD-2026-13248,2025-08-13,2025-08-17,2025,Q3,August,8,Standard Class,CUST-1017,Matthew Taylor,Home Office,Germany,Europe,Bavaria,Munich,PROD-TEC-164,Technology,Accessories,Logitech MX Master 3S,3,55,99,297,0.1,29.7,267.3,165,102.3,38.27,PayPal,4
ORD-2026-12117,2025-08-14,2025-08-18,2025,Q3,August,8,First Class,CUST-1004,Sophia Brown,Consumer,Germany,Europe,Berlin,Berlin,PROD-FUR-128,Furniture,Chairs,Ergonomic Mesh Task Chair,2,160,289,578,0.0,0.0,578.0,320,258.0,44.64,Wire Transfer,5
ORD-2025-10133,2025-08-14,2025-08-16,2025,Q3,August,8,Standard Class,CUST-1015,Daniel Anderson,Consumer,France,Europe,Île-de-France,Paris,PROD-OFF-188,Office Supplies,Paper,Premium Multipurpose Laser Paper 5000ct,1,28,48,48,0.0,0.0,48.0,28,20.0,41.67,PayPal,5
ORD-2026-11361,2025-08-15,2025-08-18,2025,Q3,August,8,Standard Class,CUST-1028,Chloe Ramirez,Consumer,United States,North America,New York,New York,PROD-FUR-190,Furniture,Bookcases,Glass Display Credenza,3,310,520,1560,0.0,0.0,1560.0,930,630.0,40.38,Credit Card,5
ORD-2025-11861,2025-08-15,2025-08-16,2025,Q3,August,8,Standard Class,CUST-1005,James Jones,Consumer,United States,North America,Texas,Houston,PROD-TEC-112,Technology,Phones,iPhone 15 Pro,2,850,1099,2198,0.0,0.0,2198.0,1700,498.0,22.66,Wire Transfer,1
ORD-2025-13049,2025-08-15,2025-08-17,2025,Q3,August,8,Standard Class,CUST-1023,Jack Thompson,Consumer,United Kingdom,Europe,England,London,PROD-FUR-188,Furniture,Tables,Coffee Break Lounge Table,2,120,210,420,0.0,0.0,420.0,240,180.0,42.86,Credit Card,5
ORD-2026-12462,2025-08-15,2025-08-18,2025,Q3,August,8,Second Class,CUST-1023,Jack Thompson,Corporate,Canada,North America,British Columbia,Vancouver,PROD-OFF-141,Office Supplies,Paper,Heavyweight Cardstock Reams,2,16,32,64,0.05,3.2,60.8,32,28.8,47.37,Direct Debit,5
ORD-2026-10695,2025-08-15,2025-08-18,2025,Q3,August,8,Standard Class,CUST-1026,Ella Sanchez,Home Office,Singapore,Asia Pacific,Central,Singapore,PROD-FUR-159,Furniture,Chairs,Ergonomic Mesh Task Chair,6,160,289,1734,0.1,173.4,1560.6,960,600.6,38.49,Credit Card,4
ORD-2026-11526,2025-08-15,2025-08-16,2025,Q3,August,8,Second Class,CUST-1025,David Harris,Consumer,United States,North America,California,Los Angeles,PROD-FUR-102,Furniture,Bookcases,Glass Display Credenza,1,310,520,520,0.1,52.0,468.0,310,158.0,33.76,Credit Card,4
ORD-2026-11874,2025-08-16,2025-08-19,2025,Q3,August,8,Standard Class,CUST-1008,Mia Davis,Home Office,Canada,North America,British Columbia,Vancouver,PROD-FUR-159,Furniture,Chairs,Herman Miller Aeron Chair,2,750,1195,2390,0.05,119.5,2270.5,1500,770.5,33.94,Credit Card,4
ORD-2024-10018,2025-08-16,2025-08-19,2025,Q3,August,8,Standard Class,CUST-1010,Charlotte Martinez,Consumer,France,Europe,Île-de-France,Paris,PROD-OFF-108,Office Supplies,Appliances,Commercial Espresso Barista Machine,6,620,950,5700,0.1,570.0,5130.0,3720,1410.0,27.49,Credit Card,4
ORD-2025-10031,2025-08-16,2025-08-19,2025,Q3,August,8,Standard Class,CUST-1014,Harper Wilson,Consumer,United States,North America,Texas,Houston,PROD-OFF-185,Office Supplies,Appliances,Commercial Espresso Barista Machine,1,620,950,950,0.0,0.0,950.0,620,330.0,34.74,Wire Transfer,5
ORD-2026-11259,2025-08-16,2025-08-19,2025,Q3,August,8,Second Class,CUST-1016,Evelyn Thomas,Corporate,Singapore,Asia Pacific,Central,Singapore,PROD-FUR-162,Furniture,Tables,Modular Team Workstation,3,640,990,2970,0.0,0.0,2970.0,1920,1050.0,35.35,Wire Transfer,5
ORD-2026-12555,2025-08-16,2025-08-19,2025,Q3,August,8,Second Class,CUST-1000,Emma Watson,Consumer,Brazil,Latin America,Rio de Janeiro,Rio de Janeiro,PROD-FUR-120,Furniture,Tables,Modular Team Workstation,1,640,990,990,0.05,49.5,940.5,640,300.5,31.95,PayPal,5
ORD-2026-12717,2025-08-17,2025-08-19,2025,Q3,August,8,Standard Class,CUST-1012,Amelia Lopez,Consumer,Canada,North America,British Columbia,Vancouver,PROD-TEC-117,Technology,Laptops,ThinkPad X1 Carbon,3,1050,1399,4197,0.0,0.0,4197.0,3150,1047.0,24.95,Wire Transfer,2
ORD-2024-11812,2025-08-17,2025-08-20,2025,Q3,August,8,First Class,CUST-1018,Abigail Moore,Corporate,United States,North America,Illinois,Chicago,PROD-FUR-120,Furniture,Tables,Coffee Break Lounge Table,2,120,210,420,0.15,63.0,357.0,240,117.0,32.77,PayPal,5
ORD-2024-11668,2025-08-17,2025-08-19,2025,Q3,August,8,Standard Class,CUST-1020,Emily Martin,Corporate,Germany,Europe,Berlin,Berlin,PROD-TEC-170,Technology,Accessories,Logitech MX Master 3S,2,55,99,198,0.05,9.9,188.1,110,78.1,41.52,PayPal,4
ORD-2025-11375,2025-08-18,2025-08-21,2025,Q3,August,8,Standard Class,CUST-1015,Daniel Anderson,Consumer,United States,North America,Illinois,Chicago,PROD-FUR-117,Furniture,Chairs,Herman Miller Aeron Chair,2,750,1195,2390,0.0,0.0,2390.0,1500,890.0,37.24,Direct Debit,4
ORD-2025-11477,2025-08-18,2025-08-21,2025,Q3,August,8,Same Day,CUST-1018,Abigail Moore,Corporate,India,Asia Pacific,Karnataka,Bangalore,PROD-TEC-139,Technology,Phones,Google Pixel 8,2,540,699,1398,0.1,139.8,1258.2,1080,178.2,14.16,Credit Card,3
ORD-2026-13470,2025-08-18,2025-08-20,2025,Q3,August,8,Standard Class,CUST-1011,Elijah Hernandez,Home Office,India,Asia Pacific,Karnataka,Bangalore,PROD-TEC-187,Technology,Phones,OnePlus 12,4,480,649,2596,0.0,0.0,2596.0,1920,676.0,26.04,Credit Card,5
ORD-2026-13122,2025-08-18,2025-08-22,2025,Q3,August,8,Standard Class,CUST-1000,Emma Watson,Consumer,Japan,Asia Pacific,Kanto,Tokyo,PROD-FUR-163,Furniture,Chairs,Steelcase Gesture Chair,1,820,1250,1250,0.1,125.0,1125.0,820,305.0,27.11,Credit Card,2
ORD-2026-13485,2025-08-18,2025-08-19,2025,Q3,August,8,Standard Class,CUST-1023,Jack Thompson,Corporate,Australia,Asia Pacific,Victoria,Melbourne,PROD-OFF-188,Office Supplies,Storage,Rolling Mobile Utility Cart,2,45,85,170,0.1,17.0,153.0,90,63.0,41.18,Direct Debit,5
ORD-2026-10455,2025-08-18,2025-08-21,2025,Q3,August,8,Standard Class,CUST-1008,Mia Davis,Corporate,France,Europe,Auvergne-Rhône-Alpes,Lyon,PROD-OFF-194,Office Supplies,Paper,Executive Recycled Notepad Pack,3,12,24,72,0.1,7.2,64.8,36,28.8,44.44,Credit Card,5
ORD-2024-12673,2025-08-19,2025-08-22,2025,Q3,August,8,Standard Class,CUST-1011,Elijah Hernandez,Corporate,Japan,Asia Pacific,Kanto,Tokyo,PROD-FUR-109,Furniture,Chairs,Steelcase Gesture Chair,4,820,1250,5000,0.0,0.0,5000.0,3280,1720.0,34.4,Credit Card,4
ORD-2026-12459,2025-08-19,2025-08-22,2025,Q3,August,8,Second Class,CUST-1028,Chloe Ramirez,Home Office,Germany,Europe,Bavaria,Munich,PROD-FUR-109,Furniture,Tables,Modular Team Workstation,1,640,990,990,0.0,0.0,990.0,640,350.0,35.35,Wire Transfer,5
ORD-2025-11393,2025-08-19,2025-08-21,2025,Q3,August,8,Standard Class,CUST-1017,Matthew Taylor,Corporate,United States,North America,Illinois,Chicago,PROD-OFF-106,Office Supplies,Appliances,Commercial Espresso Barista Machine,4,620,950,3800,0.0,0.0,3800.0,2480,1320.0,34.74,Direct Debit,3
ORD-2026-10074,2025-08-21,2025-08-23,2025,Q3,August,8,Second Class,CUST-1011,Elijah Hernandez,Consumer,United States,North America,New York,New York,PROD-FUR-179,Furniture,Bookcases,Solid Wood Library Cabinet,1,450,720,720,0.0,0.0,720.0,450,270.0,37.5,PayPal,3
ORD-2026-12840,2025-08-21,2025-08-23,2025,Q3,August,8,Standard Class,CUST-1023,Jack Thompson,Corporate,Mexico,Latin America,Jalisco,Guadalajara,PROD-TEC-181,Technology,Phones,iPhone 15 Pro,3,850,1099,3297,0.05,164.85,3132.15,2550,582.15,18.59,PayPal,5
ORD-2026-10338,2025-08-21,2025-08-23,2025,Q3,August,8,Second Class,CUST-1000,Emma Watson,Home Office,France,Europe,Auvergne-Rhône-Alpes,Lyon,PROD-FUR-148,Furniture,Bookcases,Modern 5-Tier Industrial Bookshelf,4,110,195,780,0.0,0.0,780.0,440,340.0,43.59,Wire Transfer,4
ORD-2024-13438,2025-08-22,2025-08-25,2025,Q3,August,8,First Class,CUST-1010,Charlotte Martinez,Corporate,Australia,Asia Pacific,New South Wales,Sydney,PROD-OFF-163,Office Supplies,Appliances,Smart Office Air Purifier Pro,3,140,249,747,0.1,74.7,672.3,420,252.3,37.53,Credit Card,5
ORD-2025-10169,2025-08-22,2025-08-25,2025,Q3,August,8,Standard Class,CUST-1019,Henry Jackson,Consumer,United States,North America,New York,New York,PROD-TEC-192,Technology,Phones,OnePlus 12,4,480,649,2596,0.0,0.0,2596.0,1920,676.0,26.04,Credit Card,5
ORD-2026-10605,2025-08-23,2025-08-29,2025,Q3,August,8,Standard Class,CUST-1029,Joseph Lewis,Consumer,Germany,Europe,Bavaria,Munich,PROD-TEC-176,Technology,Laptops,HP Spectre x360,2,920,1250,2500,0.0,0.0,2500.0,1840,660.0,26.4,PayPal,4
ORD-2026-12240,2025-08-23,2025-08-25,2025,Q3,August,8,Standard Class,CUST-1011,Elijah Hernandez,Consumer,Brazil,Latin America,São Paulo,São Paulo,PROD-TEC-197,Technology,Laptops,Dell XPS 15,1,1100,1450,1450,0.0,0.0,1450.0,1100,350.0,24.14,Direct Debit,5
ORD-2024-12646,2025-08-23,2025-08-28,2025,Q3,August,8,Second Class,CUST-1003,Noah Williams,Consumer,United States,North America,New York,New York,PROD-OFF-165,Office Supplies,Storage,Locking Security Storage Box,5,65,115,575,0.1,57.5,517.5,325,192.5,37.2,Direct Debit,4
ORD-2026-11703,2025-08-24,2025-08-26,2025,Q3,August,8,Second Class,CUST-1001,Liam Johnson,Consumer,United States,North America,New York,New York,PROD-TEC-110,Technology,Accessories,Logitech MX Master 3S,1,55,99,99,0.0,0.0,99.0,55,44.0,44.44,Wire Transfer,5
ORD-2026-12078,2025-08-24,2025-08-27,2025,Q3,August,8,Standard Class,CUST-1028,Chloe Ramirez,Consumer,United States,North America,Illinois,Chicago,PROD-FUR-189,Furniture,Bookcases,Glass Display Credenza,3,310,520,1560,0.0,0.0,1560.0,930,630.0,40.38,Direct Debit,4
ORD-2024-11062,2025-08-24,2025-08-26,2025,Q3,August,8,Second Class,CUST-1028,Chloe Ramirez,Consumer,United States,North America,California,Los Angeles,PROD-TEC-107,Technology,Laptops,MacBook Air M3,1,890,1199,1199,0.1,119.9,1079.1,890,189.1,17.52,Credit Card,5
ORD-2024-11098,2025-08-24,2025-08-27,2025,Q3,August,8,Same Day,CUST-1020,Emily Martin,Corporate,United Kingdom,Europe,England,Manchester,PROD-TEC-112,Technology,Phones,iPhone 15 Pro,4,850,1099,4396,0.1,439.6,3956.4,3400,556.4,14.06,Wire Transfer,4
ORD-2025-10013,2025-08-25,2025-08-27,2025,Q3,August,8,Standard Class,CUST-1020,Emily Martin,Consumer,United States,North America,New York,New York,PROD-OFF-131,Office Supplies,Storage,Locking Security Storage Box,1,65,115,115,0.0,0.0,115.0,65,50.0,43.48,Wire Transfer,4
ORD-2024-10786,2025-08-25,2025-08-27,2025,Q3,August,8,Second Class,CUST-1007,Lucas Miller,Consumer,Canada,North America,Ontario,Toronto,PROD-FUR-166,Furniture,Bookcases,Glass Display Credenza,4,310,520,2080,0.0,0.0,2080.0,1240,840.0,40.38,Credit Card,5
ORD-2025-10295,2025-08-26,2025-08-29,2025,Q3,August,8,Standard Class,CUST-1014,Harper Wilson,Corporate,United States,North America,Illinois,Chicago,PROD-FUR-179,Furniture,Bookcases,Modern 5-Tier Industrial Bookshelf,3,110,195,585,0.1,58.5,526.5,330,196.5,37.32,Credit Card,5
ORD-2025-11801,2025-08-26,2025-08-27,2025,Q3,August,8,Second Class,CUST-1008,Mia Davis,Consumer,United States,North America,New York,New York,PROD-FUR-194,Furniture,Bookcases,Modern 5-Tier Industrial Bookshelf,1,110,195,195,0.05,9.75,185.25,110,75.25,40.62,PayPal,1
ORD-2024-11827,2025-08-27,2025-08-29,2025,Q3,August,8,Second Class,CUST-1029,Joseph Lewis,Consumer,France,Europe,Auvergne-Rhône-Alpes,Lyon,PROD-TEC-109,Technology,Accessories,Logitech MX Master 3S,2,55,99,198,0.0,0.0,198.0,110,88.0,44.44,Direct Debit,5
ORD-2024-11989,2025-08-27,2025-08-29,2025,Q3,August,8,Standard Class,CUST-1012,Amelia Lopez,Corporate,Canada,North America,Ontario,Toronto,PROD-FUR-160,Furniture,Tables,Coffee Break Lounge Table,5,120,210,1050,0.1,105.0,945.0,600,345.0,36.51,Credit Card,5
ORD-2025-13235,2025-08-27,2025-08-28,2025,Q3,August,8,Standard Class,CUST-1008,Mia Davis,Consumer,Mexico,Latin America,Federal District,Mexico City,PROD-TEC-185,Technology,Accessories,Logitech MX Master 3S,1,55,99,99,0.05,4.95,94.05,55,39.05,41.52,Direct Debit,4
ORD-2026-11208,2025-08-27,2025-08-30,2025,Q3,August,8,Same Day,CUST-1011,Elijah Hernandez,Consumer,Australia,Asia Pacific,New South Wales,Sydney,PROD-TEC-133,Technology,Phones,Samsung Galaxy S24,2,720,950,1900,0.0,0.0,1900.0,1440,460.0,24.21,Credit Card,5
ORD-2024-10888,2025-08-27,2025-08-31,2025,Q3,August,8,Standard Class,CUST-1005,James Jones,Corporate,France,Europe,Île-de-France,Paris,PROD-TEC-163,Technology,Phones,iPhone 15 Pro,4,850,1099,4396,0.0,0.0,4396.0,3400,996.0,22.66,Direct Debit,5
ORD-2025-13280,2025-08-27,2025-08-30,2025,Q3,August,8,Second Class,CUST-1022,Elizabeth Perez,Corporate,United States,North America,California,Los Angeles,PROD-TEC-131,Technology,Phones,Google Pixel 8,1,540,699,699,0.0,0.0,699.0,540,159.0,22.75,Wire Transfer,4
ORD-2026-10503,2025-08-27,2025-09-01,2025,Q3,August,8,Standard Class,CUST-1010,Charlotte Martinez,Consumer,Canada,North America,British Columbia,Vancouver,PROD-FUR-177,Furniture,Tables,Modular Team Workstation,3,640,990,2970,0.0,0.0,2970.0,1920,1050.0,35.35,Credit Card,4
ORD-2024-11908,2025-08-28,2025-08-31,2025,Q3,August,8,First Class,CUST-1002,Olivia Smith,Consumer,United States,North America,Illinois,Chicago,PROD-FUR-136,Furniture,Bookcases,Solid Wood Library Cabinet,2,450,720,1440,0.0,0.0,1440.0,900,540.0,37.5,PayPal,5
ORD-2026-11271,2025-08-28,2025-08-31,2025,Q3,August,8,Standard Class,CUST-1027,Samuel Clark,Consumer,Germany,Europe,Bavaria,Munich,PROD-TEC-117,Technology,Accessories,Bose QuietComfort Headphones,1,180,279,279,0.0,0.0,279.0,180,99.0,35.48,Credit Card,4
ORD-2025-13091,2025-08-28,2025-09-03,2025,Q3,August,8,Standard Class,CUST-1015,Daniel Anderson,Consumer,India,Asia Pacific,Karnataka,Bangalore,PROD-FUR-116,Furniture,Tables,Solid Oak Conference Table,3,980,1480,4440,0.0,0.0,4440.0,2940,1500.0,33.78,Direct Debit,5
ORD-2024-11737,2025-08-28,2025-08-31,2025,Q3,August,8,Standard Class,CUST-1008,Mia Davis,Consumer,India,Asia Pacific,Karnataka,Bangalore,PROD-TEC-130,Technology,Accessories,Logitech MX Master 3S,2,55,99,198,0.05,9.9,188.1,110,78.1,41.52,PayPal,2
ORD-2024-11104,2025-08-28,2025-09-01,2025,Q3,August,8,First Class,CUST-1010,Charlotte Martinez,Home Office,Canada,North America,Ontario,Toronto,PROD-FUR-158,Furniture,Bookcases,Modern 5-Tier Industrial Bookshelf,2,110,195,390,0.05,19.5,370.5,220,150.5,40.62,PayPal,5
ORD-2026-13272,2025-08-29,2025-09-02,2025,Q3,August,8,Second Class,CUST-1015,Daniel Anderson,Consumer,United States,North America,California,Los Angeles,PROD-TEC-135,Technology,Accessories,Logitech MX Master 3S,3,55,99,297,0.1,29.7,267.3,165,102.3,38.27,Credit Card,5
ORD-2025-12440,2025-08-29,2025-09-01,2025,Q3,August,8,Second Class,CUST-1015,Daniel Anderson,Home Office,France,Europe,Auvergne-Rhône-Alpes,Lyon,PROD-OFF-130,Office Supplies,Appliances,Heavy Duty Cross-Cut Shredder,3,90,165,495,0.0,0.0,495.0,270,225.0,45.45,Credit Card,4
ORD-2025-13451,2025-08-30,2025-09-03,2025,Q3,August,8,First Class,CUST-1007,Lucas Miller,Consumer,France,Europe,Auvergne-Rhône-Alpes,Lyon,PROD-TEC-160,Technology,Accessories,Dell 4K UltraSharp Monitor,2,340,489,978,0.0,0.0,978.0,680,298.0,30.47,Wire Transfer,5
ORD-2026-13242,2025-08-31,2025-09-02,2025,Q3,August,8,First Class,CUST-1004,Sophia Brown,Corporate,United States,North America,Illinois,Chicago,PROD-FUR-175,Furniture,Chairs,Steelcase Gesture Chair,1,820,1250,1250,0.1,125.0,1125.0,820,305.0,27.11,Credit Card,4
ORD-2024-13495,2025-08-31,2025-09-02,2025,Q3,August,8,Standard Class,CUST-1001,Liam Johnson,Consumer,Singapore,Asia Pacific,Central,Singapore,PROD-FUR-125,Furniture,Tables,Smart Motorized Standing Desk,3,320,560,1680,0.0,0.0,1680.0,960,720.0,42.86,PayPal,5
ORD-2024-12406,2025-08-31,2025-09-02,2025,Q3,August,8,Second Class,CUST-1018,Abigail Moore,Corporate,Brazil,Latin America,Rio de Janeiro,Rio de Janeiro,PROD-TEC-127,Technology,Laptops,MacBook Air M3,2,890,1199,2398,0.0,0.0,2398.0,1780,618.0,25.77,Direct Debit,3
ORD-2024-10177,2025-08-31,2025-09-03,2025,Q3,August,8,Standard Class,CUST-1024,Avery White,Consumer,United Kingdom,Europe,England,Manchester,PROD-FUR-197,Furniture,Chairs,Executive Leather Recliner,2,260,420,840,0.05,42.0,798.0,520,278.0,34.84,Credit Card,5
ORD-2024-10744,2025-08-31,2025-09-01,2025,Q3,August,8,Standard Class,CUST-1015,Daniel Anderson,Corporate,Japan,Asia Pacific,Kanto,Tokyo,PROD-FUR-195,Furniture,Bookcases,Glass Display Credenza,3,310,520,1560,0.1,156.0,1404.0,930,474.0,33.76,Wire Transfer,4
ORD-2026-10230,2025-08-31,2025-09-06,2025,Q3,August,8,First Class,CUST-1022,Elizabeth Perez,Consumer,Brazil,Latin America,Rio de Janeiro,Rio de Janeiro,PROD-FUR-107,Furniture,Tables,Solid Oak Conference Table,1,980,1480,1480,0.0,0.0,1480.0,980,500.0,33.78,Credit Card,4
ORD-2025-11534,2025-09-01,2025-09-02,2025,Q3,September,9,Standard Class,CUST-1002,Olivia Smith,Home Office,Australia,Asia Pacific,Victoria,Melbourne,PROD-OFF-105,Office Supplies,Storage,Locking Security Storage Box,1,65,115,115,0.0,0.0,115.0,65,50.0,43.48,Direct Debit,4
ORD-2026-13236,2025-09-01,2025-09-04,2025,Q3,September,9,Standard Class,CUST-1020,Emily Martin,Consumer,United States,North America,New York,New York,PROD-FUR-172,Furniture,Tables,Modular Team Workstation,4,640,990,3960,0.0,0.0,3960.0,2560,1400.0,35.35,Wire Transfer,5
ORD-2025-11294,2025-09-01,2025-09-04,2025,Q3,September,9,First Class,CUST-1022,Elizabeth Perez,Corporate,France,Europe,Auvergne-Rhône-Alpes,Lyon,PROD-TEC-107,Technology,Phones,iPhone 15 Pro,1,850,1099,1099,0.0,0.0,1099.0,850,249.0,22.66,Direct Debit,4
ORD-2026-11829,2025-09-02,2025-09-04,2025,Q3,September,9,Second Class,CUST-1021,Sebastian Lee,Corporate,India,Asia Pacific,Maharashtra,Mumbai,PROD-FUR-111,Furniture,Tables,Solid Oak Conference Table,4,980,1480,5920,0.1,592.0,5328.0,3920,1408.0,26.43,Credit Card,5
ORD-2024-11395,2025-09-02,2025-09-05,2025,Q3,September,9,Standard Class,CUST-1009,Benjamin Rodriguez,Corporate,United States,North America,California,Los Angeles,PROD-FUR-123,Furniture,Tables,Solid Oak Conference Table,1,980,1480,1480,0.0,0.0,1480.0,980,500.0,33.78,Credit Card,5
ORD-2024-12733,2025-09-02,2025-09-05,2025,Q3,September,9,Standard Class,CUST-1013,Alexander Gonzalez,Consumer,Australia,Asia Pacific,Victoria,Melbourne,PROD-OFF-147,Office Supplies,Paper,Executive Recycled Notepad Pack,2,12,24,48,0.05,2.4,45.6,24,21.6,47.37,PayPal,4
ORD-2025-12458,2025-09-03,2025-09-08,2025,Q3,September,9,Standard Class,CUST-1027,Samuel Clark,Home Office,France,Europe,Auvergne-Rhône-Alpes,Lyon,PROD-TEC-191,Technology,Laptops,MacBook Air M3,2,890,1199,2398,0.05,119.9,2278.1,1780,498.1,21.86,PayPal,4
ORD-2026-11481,2025-09-03,2025-09-05,2025,Q3,September,9,Second Class,CUST-1022,Elizabeth Perez,Consumer,United States,North America,Texas,Houston,PROD-TEC-108,Technology,Phones,iPhone 15 Pro,3,850,1099,3297,0.0,0.0,3297.0,2550,747.0,22.66,Wire Transfer,5
ORD-2025-11420,2025-09-03,2025-09-06,2025,Q3,September,9,Standard Class,CUST-1010,Charlotte Martinez,Home Office,Australia,Asia Pacific,New South Wales,Sydney,PROD-OFF-178,Office Supplies,Storage,Heavy Duty 4-Drawer File Cabinet,1,130,220,220,0.0,0.0,220.0,130,90.0,40.91,Direct Debit,4
ORD-2025-12920,2025-09-03,2025-09-06,2025,Q3,September,9,Standard Class,CUST-1000,Emma Watson,Consumer,Singapore,Asia Pacific,Central,Singapore,PROD-TEC-195,Technology,Phones,Google Pixel 8,3,540,699,2097,0.0,0.0,2097.0,1620,477.0,22.75,Wire Transfer,5
ORD-2026-11904,2025-09-03,2025-09-06,2025,Q3,September,9,Standard Class,CUST-1002,Olivia Smith,Consumer,Australia,Asia Pacific,New South Wales,Sydney,PROD-FUR-180,Furniture,Chairs,Herman Miller Aeron Chair,3,750,1195,3585,0.05,179.25,3405.75,2250,1155.75,33.94,Wire Transfer,5
ORD-2026-10740,2025-09-03,2025-09-05,2025,Q3,September,9,Standard Class,CUST-1021,Sebastian Lee,Home Office,Australia,Asia Pacific,New South Wales,Sydney,PROD-FUR-118,Furniture,Chairs,Steelcase Gesture Chair,2,820,1250,2500,0.0,0.0,2500.0,1640,860.0,34.4,Credit Card,5
ORD-2026-10980,2025-09-03,2025-09-06,2025,Q3,September,9,Standard Class,CUST-1001,Liam Johnson,Corporate,Canada,North America,Ontario,Toronto,PROD-TEC-190,Technology,Laptops,HP Spectre x360,4,920,1250,5000,0.0,0.0,5000.0,3680,1320.0,26.4,Credit Card,5
ORD-2026-10497,2025-09-04,2025-09-07,2025,Q3,September,9,First Class,CUST-1000,Emma Watson,Consumer,Germany,Europe,Berlin,Berlin,PROD-OFF-117,Office Supplies,Appliances,Smart Office Air Purifier Pro,6,140,249,1494,0.15,224.1,1269.9,840,429.9,33.85,Wire Transfer,5
ORD-2025-10055,2025-09-04,2025-09-05,2025,Q3,September,9,Standard Class,CUST-1010,Charlotte Martinez,Corporate,United States,North America,California,Los Angeles,PROD-OFF-103,Office Supplies,Appliances,Heavy Duty Cross-Cut Shredder,10,90,165,1650,0.15,247.5,1402.5,900,502.5,35.83,Credit Card,5
ORD-2024-10789,2025-09-04,2025-09-09,2025,Q3,September,9,Same Day,CUST-1017,Matthew Taylor,Corporate,United States,North America,Texas,Houston,PROD-OFF-127,Office Supplies,Storage,Rolling Mobile Utility Cart,1,45,85,85,0.15,12.75,72.25,45,27.25,37.72,Credit Card,5
ORD-2024-11239,2025-09-05,2025-09-08,2025,Q3,September,9,Standard Class,CUST-1021,Sebastian Lee,Corporate,Brazil,Latin America,Rio de Janeiro,Rio de Janeiro,PROD-FUR-145,Furniture,Tables,Smart Motorized Standing Desk,1,320,560,560,0.05,28.0,532.0,320,212.0,39.85,Credit Card,4
ORD-2024-12136,2025-09-05,2025-09-08,2025,Q3,September,9,Standard Class,CUST-1003,Noah Williams,Consumer,India,Asia Pacific,Karnataka,Bangalore,PROD-FUR-197,Furniture,Bookcases,Modern 5-Tier Industrial Bookshelf,3,110,195,585,0.0,0.0,585.0,330,255.0,43.59,PayPal,3
ORD-2026-10836,2025-09-05,2025-09-09,2025,Q3,September,9,First Class,CUST-1020,Emily Martin,Consumer,United Kingdom,Europe,England,London,PROD-TEC-144,Technology,Laptops,MacBook Air M3,2,890,1199,2398,0.0,0.0,2398.0,1780,618.0,25.77,Credit Card,5
ORD-2026-12843,2025-09-05,2025-09-10,2025,Q3,September,9,Standard Class,CUST-1019,Henry Jackson,Consumer,Mexico,Latin America,Federal District,Mexico City,PROD-TEC-129,Technology,Accessories,Logitech MX Master 3S,6,55,99,594,0.2,118.8,475.2,330,145.2,30.56,Wire Transfer,5
ORD-2024-11035,2025-09-05,2025-09-08,2025,Q3,September,9,Standard Class,CUST-1001,Liam Johnson,Home Office,United States,North America,California,Los Angeles,PROD-TEC-179,Technology,Phones,iPhone 15 Pro,3,850,1099,3297,0.0,0.0,3297.0,2550,747.0,22.66,Credit Card,2
ORD-2026-13011,2025-09-06,2025-09-09,2025,Q3,September,9,Standard Class,CUST-1021,Sebastian Lee,Consumer,France,Europe,Auvergne-Rhône-Alpes,Lyon,PROD-TEC-120,Technology,Laptops,ThinkPad X1 Carbon,1,1050,1399,1399,0.0,0.0,1399.0,1050,349.0,24.95,Credit Card,5
ORD-2025-12359,2025-09-06,2025-09-12,2025,Q3,September,9,Standard Class,CUST-1009,Benjamin Rodriguez,Corporate,India,Asia Pacific,Maharashtra,Mumbai,PROD-OFF-156,Office Supplies,Appliances,Commercial Espresso Barista Machine,2,620,950,1900,0.0,0.0,1900.0,1240,660.0,34.74,Wire Transfer,4
ORD-2025-11681,2025-09-07,2025-09-12,2025,Q3,September,9,Second Class,CUST-1021,Sebastian Lee,Consumer,United States,North America,Texas,Houston,PROD-OFF-191,Office Supplies,Appliances,Commercial Espresso Barista Machine,1,620,950,950,0.0,0.0,950.0,620,330.0,34.74,Credit Card,4
ORD-2024-13009,2025-09-08,2025-09-10,2025,Q3,September,9,Second Class,CUST-1007,Lucas Miller,Consumer,Canada,North America,Ontario,Toronto,PROD-TEC-146,Technology,Phones,iPhone 15 Pro,3,850,1099,3297,0.05,164.85,3132.15,2550,582.15,18.59,Credit Card,5
ORD-2026-13416,2025-09-08,2025-09-10,2025,Q3,September,9,Standard Class,CUST-1029,Joseph Lewis,Consumer,United Kingdom,Europe,England,Manchester,PROD-FUR-137,Furniture,Tables,Smart Motorized Standing Desk,2,320,560,1120,0.05,56.0,1064.0,640,424.0,39.85,PayPal,4
ORD-2026-13140,2025-09-08,2025-09-11,2025,Q3,September,9,Standard Class,CUST-1020,Emily Martin,Corporate,Brazil,Latin America,São Paulo,São Paulo,PROD-OFF-158,Office Supplies,Storage,Heavy Duty 4-Drawer File Cabinet,3,130,220,660,0.05,33.0,627.0,390,237.0,37.8,Credit Card,4
ORD-2024-13195,2025-09-08,2025-09-11,2025,Q3,September,9,First Class,CUST-1020,Emily Martin,Corporate,Singapore,Asia Pacific,Central,Singapore,PROD-FUR-158,Furniture,Tables,Smart Motorized Standing Desk,4,320,560,2240,0.0,0.0,2240.0,1280,960.0,42.86,Credit Card,4
ORD-2024-12379,2025-09-08,2025-09-10,2025,Q3,September,9,Same Day,CUST-1029,Joseph Lewis,Consumer,Germany,Europe,Berlin,Berlin,PROD-FUR-146,Furniture,Tables,Coffee Break Lounge Table,1,120,210,210,0.0,0.0,210.0,120,90.0,42.86,Credit Card,5
ORD-2025-13193,2025-09-08,2025-09-11,2025,Q3,September,9,Standard Class,CUST-1002,Olivia Smith,Consumer,United Kingdom,Europe,England,London,PROD-OFF-146,Office Supplies,Appliances,Heavy Duty Cross-Cut Shredder,4,90,165,660,0.0,0.0,660.0,360,300.0,45.45,Wire Transfer,5
ORD-2024-10579,2025-09-09,2025-09-12,2025,Q3,September,9,Standard Class,CUST-1002,Olivia Smith,Home Office,United States,North America,California,Los Angeles,PROD-TEC-159,Technology,Accessories,Logitech MX Master 3S,1,55,99,99,0.0,0.0,99.0,55,44.0,44.44,Credit Card,3
ORD-2024-13399,2025-09-09,2025-09-12,2025,Q3,September,9,Standard Class,CUST-1006,Isabella Garcia,Corporate,Brazil,Latin America,São Paulo,São Paulo,PROD-TEC-101,Technology,Accessories,Dell 4K UltraSharp Monitor,3,340,489,1467,0.15,220.05,1246.95,1020,226.95,18.2,PayPal,5
ORD-2026-10857,2025-09-10,2025-09-14,2025,Q3,September,9,First Class,CUST-1029,Joseph Lewis,Consumer,United Kingdom,Europe,England,London,PROD-TEC-167,Technology,Phones,OnePlus 12,10,480,649,6490,0.2,1298.0,5192.0,4800,392.0,7.55,Credit Card,5
ORD-2025-10691,2025-09-10,2025-09-13,2025,Q3,September,9,Second Class,CUST-1015,Daniel Anderson,Consumer,France,Europe,Île-de-France,Paris,PROD-TEC-182,Technology,Laptops,Dell XPS 15,1,1100,1450,1450,0.0,0.0,1450.0,1100,350.0,24.14,Direct Debit,4
ORD-2026-10839,2025-09-10,2025-09-14,2025,Q3,September,9,First Class,CUST-1016,Evelyn Thomas,Consumer,Germany,Europe,Berlin,Berlin,PROD-OFF-123,Office Supplies,Paper,Premium Multipurpose Laser Paper 5000ct,8,28,48,384,0.15,57.6,326.4,224,102.4,31.37,Credit Card,4
ORD-2025-12872,2025-09-10,2025-09-13,2025,Q3,September,9,Standard Class,CUST-1000,Emma Watson,Corporate,France,Europe,Auvergne-Rhône-Alpes,Lyon,PROD-TEC-199,Technology,Laptops,HP Spectre x360,2,920,1250,2500,0.1,250.0,2250.0,1840,410.0,18.22,Wire Transfer,5
ORD-2024-11818,2025-09-11,2025-09-13,2025,Q3,September,9,Standard Class,CUST-1017,Matthew Taylor,Consumer,United States,North America,New York,New York,PROD-TEC-103,Technology,Laptops,Dell XPS 15,6,1100,1450,8700,0.2,1740.0,6960.0,6600,360.0,5.17,PayPal,3
ORD-2025-12923,2025-09-11,2025-09-13,2025,Q3,September,9,Standard Class,CUST-1013,Alexander Gonzalez,Consumer,United Kingdom,Europe,England,London,PROD-TEC-190,Technology,Phones,iPhone 15 Pro,2,850,1099,2198,0.0,0.0,2198.0,1700,498.0,22.66,Credit Card,1
ORD-2026-10326,2025-09-11,2025-09-14,2025,Q3,September,9,Standard Class,CUST-1014,Harper Wilson,Corporate,Mexico,Latin America,Jalisco,Guadalajara,PROD-FUR-117,Furniture,Chairs,Herman Miller Aeron Chair,3,750,1195,3585,0.05,179.25,3405.75,2250,1155.75,33.94,Direct Debit,4
ORD-2026-10131,2025-09-12,2025-09-16,2025,Q3,September,9,Standard Class,CUST-1029,Joseph Lewis,Corporate,Canada,North America,Ontario,Toronto,PROD-FUR-165,Furniture,Tables,Modular Team Workstation,4,640,990,3960,0.05,198.0,3762.0,2560,1202.0,31.95,PayPal,5
ORD-2026-10272,2025-09-12,2025-09-16,2025,Q3,September,9,Standard Class,CUST-1012,Amelia Lopez,Consumer,France,Europe,Auvergne-Rhône-Alpes,Lyon,PROD-OFF-144,Office Supplies,Paper,Heavyweight Cardstock Reams,8,16,32,256,0.1,25.6,230.4,128,102.4,44.44,Credit Card,5
ORD-2025-10970,2025-09-12,2025-09-15,2025,Q3,September,9,Standard Class,CUST-1008,Mia Davis,Corporate,United States,North America,Illinois,Chicago,PROD-FUR-164,Furniture,Tables,Modular Team Workstation,2,640,990,1980,0.05,99.0,1881.0,1280,601.0,31.95,Wire Transfer,4
ORD-2025-10385,2025-09-12,2025-09-14,2025,Q3,September,9,Second Class,CUST-1027,Samuel Clark,Corporate,United States,North America,Illinois,Chicago,PROD-FUR-112,Furniture,Tables,Coffee Break Lounge Table,2,120,210,420,0.0,0.0,420.0,240,180.0,42.86,Wire Transfer,2
ORD-2025-10070,2025-09-12,2025-09-15,2025,Q3,September,9,First Class,CUST-1028,Chloe Ramirez,Consumer,India,Asia Pacific,Karnataka,Bangalore,PROD-OFF-125,Office Supplies,Storage,Locking Security Storage Box,3,65,115,345,0.05,17.25,327.75,195,132.75,40.5,PayPal,4
ORD-2025-12173,2025-09-12,2025-09-15,2025,Q3,September,9,Standard Class,CUST-1017,Matthew Taylor,Corporate,Canada,North America,British Columbia,Vancouver,PROD-OFF-105,Office Supplies,Paper,Heavyweight Cardstock Reams,2,16,32,64,0.0,0.0,64.0,32,32.0,50.0,Credit Card,5
ORD-2024-12643,2025-09-13,2025-09-16,2025,Q3,September,9,Second Class,CUST-1002,Olivia Smith,Home Office,Germany,Europe,Bavaria,Munich,PROD-OFF-140,Office Supplies,Paper,Executive Recycled Notepad Pack,3,12,24,72,0.05,3.6,68.4,36,32.4,47.37,PayPal,4
ORD-2024-11470,2025-09-13,2025-09-17,2025,Q3,September,9,First Class,CUST-1008,Mia Davis,Consumer,France,Europe,Île-de-France,Paris,PROD-FUR-160,Furniture,Chairs,Ergonomic Mesh Task Chair,2,160,289,578,0.0,0.0,578.0,320,258.0,44.64,Credit Card,5
ORD-2025-12143,2025-09-13,2025-09-16,2025,Q3,September,9,First Class,CUST-1017,Matthew Taylor,Consumer,United States,North America,New York,New York,PROD-OFF-119,Office Supplies,Storage,Locking Security Storage Box,5,65,115,575,0.15,86.25,488.75,325,163.75,33.5,Credit Card,4
ORD-2025-10709,2025-09-13,2025-09-17,2025,Q3,September,9,Standard Class,CUST-1010,Charlotte Martinez,Home Office,France,Europe,Île-de-France,Paris,PROD-FUR-167,Furniture,Chairs,Ergonomic Mesh Task Chair,4,160,289,1156,0.1,115.6,1040.4,640,400.4,38.49,Credit Card,5
ORD-2025-11657,2025-09-13,2025-09-16,2025,Q3,September,9,Standard Class,CUST-1027,Samuel Clark,Home Office,India,Asia Pacific,Maharashtra,Mumbai,PROD-TEC-120,Technology,Laptops,ThinkPad X1 Carbon,3,1050,1399,4197,0.0,0.0,4197.0,3150,1047.0,24.95,Credit Card,4
ORD-2026-11931,2025-09-13,2025-09-18,2025,Q3,September,9,Standard Class,CUST-1018,Abigail Moore,Consumer,Singapore,Asia Pacific,Central,Singapore,PROD-FUR-165,Furniture,Bookcases,Glass Display Credenza,2,310,520,1040,0.0,0.0,1040.0,620,420.0,40.38,Wire Transfer,5
ORD-2025-13475,2025-09-13,2025-09-15,2025,Q3,September,9,Standard Class,CUST-1025,David Harris,Corporate,France,Europe,Auvergne-Rhône-Alpes,Lyon,PROD-FUR-142,Furniture,Chairs,Steelcase Gesture Chair,3,820,1250,3750,0.0,0.0,3750.0,2460,1290.0,34.4,Credit Card,5
ORD-2025-12038,2025-09-13,2025-09-16,2025,Q3,September,9,Standard Class,CUST-1025,David Harris,Consumer,France,Europe,Île-de-France,Paris,PROD-FUR-125,Furniture,Chairs,Steelcase Gesture Chair,3,820,1250,3750,0.05,187.5,3562.5,2460,1102.5,30.95,Credit Card,3
ORD-2024-11170,2025-09-14,2025-09-18,2025,Q3,September,9,Standard Class,CUST-1007,Lucas Miller,Home Office,Brazil,Latin America,São Paulo,São Paulo,PROD-FUR-147,Furniture,Tables,Modular Team Workstation,1,640,990,990,0.05,49.5,940.5,640,300.5,31.95,Wire Transfer,2
ORD-2026-12195,2025-09-14,2025-09-19,2025,Q3,September,9,Standard Class,CUST-1025,David Harris,Home Office,United States,North America,California,Los Angeles,PROD-TEC-112,Technology,Laptops,MacBook Air M3,3,890,1199,3597,0.0,0.0,3597.0,2670,927.0,25.77,Direct Debit,4
ORD-2026-11409,2025-09-14,2025-09-15,2025,Q3,September,9,Standard Class,CUST-1015,Daniel Anderson,Consumer,Germany,Europe,Bavaria,Munich,PROD-FUR-198,Furniture,Tables,Smart Motorized Standing Desk,2,320,560,1120,0.05,56.0,1064.0,640,424.0,39.85,Wire Transfer,4
ORD-2024-12541,2025-09-14,2025-09-18,2025,Q3,September,9,Standard Class,CUST-1008,Mia Davis,Consumer,United States,North America,California,Los Angeles,PROD-TEC-160,Technology,Accessories,Logitech MX Master 3S,2,55,99,198,0.05,9.9,188.1,110,78.1,41.52,Credit Card,4
ORD-2026-11727,2025-09-14,2025-09-16,2025,Q3,September,9,Standard Class,CUST-1027,Samuel Clark,Corporate,Germany,Europe,Berlin,Berlin,PROD-OFF-110,Office Supplies,Storage,Locking Security Storage Box,1,65,115,115,0.1,11.5,103.5,65,38.5,37.2,Credit Card,3
ORD-2024-11782,2025-09-14,2025-09-15,2025,Q3,September,9,First Class,CUST-1025,David Harris,Home Office,Canada,North America,Ontario,Toronto,PROD-FUR-191,Furniture,Bookcases,Glass Display Credenza,1,310,520,520,0.05,26.0,494.0,310,184.0,37.25,Credit Card,5
ORD-2025-12611,2025-09-15,2025-09-18,2025,Q3,September,9,Second Class,CUST-1000,Emma Watson,Consumer,France,Europe,Île-de-France,Paris,PROD-FUR-169,Furniture,Bookcases,Glass Display Credenza,4,310,520,2080,0.0,0.0,2080.0,1240,840.0,40.38,Credit Card,5
ORD-2025-12182,2025-09-15,2025-09-16,2025,Q3,September,9,Same Day,CUST-1008,Mia Davis,Corporate,Mexico,Latin America,Federal District,Mexico City,PROD-FUR-196,Furniture,Tables,Coffee Break Lounge Table,1,120,210,210,0.0,0.0,210.0,120,90.0,42.86,Credit Card,3
ORD-2024-12349,2025-09-15,2025-09-17,2025,Q3,September,9,Standard Class,CUST-1029,Joseph Lewis,Consumer,United States,North America,California,Los Angeles,PROD-TEC-190,Technology,Accessories,Bose QuietComfort Headphones,1,180,279,279,0.1,27.9,251.1,180,71.1,28.32,PayPal,2
ORD-2024-13012,2025-09-16,2025-09-18,2025,Q3,September,9,Second Class,CUST-1014,Harper Wilson,Consumer,Mexico,Latin America,Jalisco,Guadalajara,PROD-FUR-156,Furniture,Tables,Smart Motorized Standing Desk,3,320,560,1680,0.0,0.0,1680.0,960,720.0,42.86,Direct Debit,5
ORD-2026-12819,2025-09-16,2025-09-20,2025,Q3,September,9,Second Class,CUST-1024,Avery White,Corporate,United Kingdom,Europe,England,London,PROD-OFF-191,Office Supplies,Appliances,Commercial Espresso Barista Machine,1,620,950,950,0.15,142.5,807.5,620,187.5,23.22,Credit Card,5
ORD-2026-11439,2025-09-16,2025-09-22,2025,Q3,September,9,Standard Class,CUST-1017,Matthew Taylor,Consumer,Mexico,Latin America,Federal District,Mexico City,PROD-FUR-114,Furniture,Chairs,Ergonomic Mesh Task Chair,2,160,289,578,0.0,0.0,578.0,320,258.0,44.64,Credit Card,5
ORD-2024-10873,2025-09-16,2025-09-18,2025,Q3,September,9,Second Class,CUST-1010,Charlotte Martinez,Consumer,Australia,Asia Pacific,New South Wales,Sydney,PROD-OFF-121,Office Supplies,Appliances,Heavy Duty Cross-Cut Shredder,2,90,165,330,0.0,0.0,330.0,180,150.0,45.45,Wire Transfer,4
ORD-2026-12165,2025-09-17,2025-09-22,2025,Q3,September,9,Standard Class,CUST-1029,Joseph Lewis,Corporate,United Kingdom,Europe,England,Manchester,PROD-FUR-178,Furniture,Chairs,Steelcase Gesture Chair,2,820,1250,2500,0.05,125.0,2375.0,1640,735.0,30.95,Credit Card,1
ORD-2026-12810,2025-09-18,2025-09-21,2025,Q3,September,9,Same Day,CUST-1008,Mia Davis,Home Office,India,Asia Pacific,Maharashtra,Mumbai,PROD-TEC-173,Technology,Laptops,Dell XPS 15,2,1100,1450,2900,0.0,0.0,2900.0,2200,700.0,24.14,Credit Card,5
ORD-2024-11146,2025-09-18,2025-09-20,2025,Q3,September,9,Same Day,CUST-1027,Samuel Clark,Consumer,Mexico,Latin America,Jalisco,Guadalajara,PROD-FUR-136,Furniture,Bookcases,Glass Display Credenza,1,310,520,520,0.05,26.0,494.0,310,184.0,37.25,Credit Card,4
ORD-2025-12860,2025-09-18,2025-09-21,2025,Q3,September,9,Standard Class,CUST-1027,Samuel Clark,Home Office,Germany,Europe,Bavaria,Munich,PROD-OFF-128,Office Supplies,Storage,Locking Security Storage Box,2,65,115,230,0.0,0.0,230.0,130,100.0,43.48,Credit Card,3
ORD-2024-11125,2025-09-18,2025-09-22,2025,Q3,September,9,Standard Class,CUST-1010,Charlotte Martinez,Home Office,Canada,North America,Ontario,Toronto,PROD-OFF-168,Office Supplies,Appliances,Heavy Duty Cross-Cut Shredder,5,90,165,825,0.1,82.5,742.5,450,292.5,39.39,Credit Card,4
ORD-2024-10366,2025-09-18,2025-09-21,2025,Q3,September,9,Second Class,CUST-1019,Henry Jackson,Consumer,Canada,North America,British Columbia,Vancouver,PROD-TEC-118,Technology,Phones,OnePlus 12,2,480,649,1298,0.05,64.9,1233.1,960,273.1,22.15,PayPal,5
ORD-2024-11386,2025-09-18,2025-09-22,2025,Q3,September,9,Standard Class,CUST-1025,David Harris,Corporate,France,Europe,Île-de-France,Paris,PROD-FUR-155,Furniture,Chairs,Executive Leather Recliner,3,260,420,1260,0.0,0.0,1260.0,780,480.0,38.1,Direct Debit,4
ORD-2025-12293,2025-09-19,2025-09-24,2025,Q3,September,9,Second Class,CUST-1009,Benjamin Rodriguez,Corporate,United States,North America,California,Los Angeles,PROD-FUR-101,Furniture,Bookcases,Modern 5-Tier Industrial Bookshelf,3,110,195,585,0.1,58.5,526.5,330,196.5,37.32,Direct Debit,4
ORD-2025-10613,2025-09-19,2025-09-23,2025,Q3,September,9,Standard Class,CUST-1029,Joseph Lewis,Home Office,France,Europe,Auvergne-Rhône-Alpes,Lyon,PROD-OFF-150,Office Supplies,Storage,Locking Security Storage Box,1,65,115,115,0.0,0.0,115.0,65,50.0,43.48,Credit Card,5
ORD-2026-12168,2025-09-20,2025-09-22,2025,Q3,September,9,Standard Class,CUST-1010,Charlotte Martinez,Home Office,United States,North America,New York,New York,PROD-TEC-182,Technology,Phones,OnePlus 12,5,480,649,3245,0.1,324.5,2920.5,2400,520.5,17.82,Credit Card,3
ORD-2024-11164,2025-09-20,2025-09-21,2025,Q3,September,9,Second Class,CUST-1014,Harper Wilson,Consumer,Germany,Europe,Bavaria,Munich,PROD-FUR-156,Furniture,Bookcases,Glass Display Credenza,2,310,520,1040,0.05,52.0,988.0,620,368.0,37.25,Credit Card,3
ORD-2024-11452,2025-09-20,2025-09-23,2025,Q3,September,9,Second Class,CUST-1027,Samuel Clark,Consumer,Brazil,Latin America,São Paulo,São Paulo,PROD-OFF-169,Office Supplies,Storage,Rolling Mobile Utility Cart,4,45,85,340,0.0,0.0,340.0,180,160.0,47.06,PayPal,5
ORD-2025-11933,2025-09-20,2025-09-23,2025,Q3,September,9,Standard Class,CUST-1006,Isabella Garcia,Consumer,Mexico,Latin America,Jalisco,Guadalajara,PROD-FUR-112,Furniture,Chairs,Herman Miller Aeron Chair,10,750,1195,11950,0.15,1792.5,10157.5,7500,2657.5,26.16,PayPal,4
ORD-2025-10553,2025-09-21,2025-09-23,2025,Q3,September,9,Standard Class,CUST-1014,Harper Wilson,Consumer,France,Europe,Auvergne-Rhône-Alpes,Lyon,PROD-OFF-156,Office Supplies,Storage,Rolling Mobile Utility Cart,4,45,85,340,0.0,0.0,340.0,180,160.0,47.06,Credit Card,5
ORD-2025-10145,2025-09-21,2025-09-23,2025,Q3,September,9,Same Day,CUST-1015,Daniel Anderson,Consumer,India,Asia Pacific,Karnataka,Bangalore,PROD-TEC-197,Technology,Accessories,Anker USB-C Docking Hub,2,45,79,158,0.05,7.9,150.1,90,60.1,40.04,Credit Card,5
ORD-2024-12256,2025-09-21,2025-09-23,2025,Q3,September,9,Second Class,CUST-1000,Emma Watson,Consumer,Germany,Europe,Berlin,Berlin,PROD-OFF-147,Office Supplies,Paper,Heavyweight Cardstock Reams,2,16,32,64,0.05,3.2,60.8,32,28.8,47.37,Credit Card,5
ORD-2026-12369,2025-09-21,2025-09-23,2025,Q3,September,9,Standard Class,CUST-1014,Harper Wilson,Corporate,India,Asia Pacific,Maharashtra,Mumbai,PROD-OFF-132,Office Supplies,Paper,Heavyweight Cardstock Reams,4,16,32,128,0.0,0.0,128.0,64,64.0,50.0,PayPal,5
ORD-2024-10198,2025-09-22,2025-09-25,2025,Q3,September,9,First Class,CUST-1002,Olivia Smith,Home Office,United States,North America,New York,New York,PROD-FUR-155,Furniture,Tables,Modular Team Workstation,2,640,990,1980,0.0,0.0,1980.0,1280,700.0,35.35,Credit Card,5
ORD-2024-11530,2025-09-22,2025-09-25,2025,Q3,September,9,First Class,CUST-1017,Matthew Taylor,Consumer,United Kingdom,Europe,England,Manchester,PROD-FUR-160,Furniture,Chairs,Ergonomic Mesh Task Chair,3,160,289,867,0.1,86.7,780.3,480,300.3,38.49,Wire Transfer,5
ORD-2024-11032,2025-09-22,2025-09-24,2025,Q3,September,9,Standard Class,CUST-1006,Isabella Garcia,Consumer,India,Asia Pacific,Karnataka,Bangalore,PROD-OFF-122,Office Supplies,Appliances,Smart Office Air Purifier Pro,4,140,249,996,0.0,0.0,996.0,560,436.0,43.78,Credit Card,5
ORD-2024-12751,2025-09-22,2025-09-25,2025,Q3,September,9,Standard Class,CUST-1024,Avery White,Home Office,France,Europe,Auvergne-Rhône-Alpes,Lyon,PROD-TEC-171,Technology,Laptops,ThinkPad X1 Carbon,3,1050,1399,4197,0.1,419.7,3777.3,3150,627.3,16.61,Wire Transfer,4
ORD-2025-12566,2025-09-22,2025-09-27,2025,Q3,September,9,Standard Class,CUST-1008,Mia Davis,Corporate,Brazil,Latin America,São Paulo,São Paulo,PROD-OFF-187,Office Supplies,Appliances,Heavy Duty Cross-Cut Shredder,5,90,165,825,0.1,82.5,742.5,450,292.5,39.39,Wire Transfer,5
ORD-2025-10568,2025-09-22,2025-09-25,2025,Q3,September,9,First Class,CUST-1009,Benjamin Rodriguez,Corporate,United States,North America,New York,New York,PROD-FUR-166,Furniture,Tables,Solid Oak Conference Table,6,980,1480,8880,0.2,1776.0,7104.0,5880,1224.0,17.23,Credit Card,5
ORD-2026-11181,2025-09-23,2025-09-25,2025,Q3,September,9,Second Class,CUST-1022,Elizabeth Perez,Consumer,France,Europe,Auvergne-Rhône-Alpes,Lyon,PROD-OFF-158,Office Supplies,Storage,Rolling Mobile Utility Cart,5,45,85,425,0.15,63.75,361.25,225,136.25,37.72,PayPal,5
ORD-2024-13447,2025-09-23,2025-09-27,2025,Q3,September,9,Second Class,CUST-1003,Noah Williams,Corporate,United Kingdom,Europe,England,London,PROD-FUR-177,Furniture,Chairs,Herman Miller Aeron Chair,2,750,1195,2390,0.1,239.0,2151.0,1500,651.0,30.26,Credit Card,4
ORD-2026-13482,2025-09-23,2025-09-26,2025,Q3,September,9,Second Class,CUST-1011,Elijah Hernandez,Consumer,Canada,North America,Ontario,Toronto,PROD-TEC-133,Technology,Accessories,Logitech MX Master 3S,3,55,99,297,0.1,29.7,267.3,165,102.3,38.27,Credit Card,4
ORD-2026-11676,2025-09-24,2025-09-27,2025,Q3,September,9,First Class,CUST-1007,Lucas Miller,Corporate,Australia,Asia Pacific,Victoria,Melbourne,PROD-TEC-166,Technology,Laptops,ThinkPad X1 Carbon,2,1050,1399,2798,0.0,0.0,2798.0,2100,698.0,24.95,Credit Card,5
ORD-2026-12627,2025-09-24,2025-09-28,2025,Q3,September,9,Standard Class,CUST-1028,Chloe Ramirez,Home Office,United States,North America,Illinois,Chicago,PROD-OFF-126,Office Supplies,Appliances,Smart Office Air Purifier Pro,2,140,249,498,0.05,24.9,473.1,280,193.1,40.82,Credit Card,3
ORD-2024-10843,2025-09-24,2025-09-26,2025,Q3,September,9,First Class,CUST-1026,Ella Sanchez,Home Office,India,Asia Pacific,Karnataka,Bangalore,PROD-FUR-148,Furniture,Chairs,Steelcase Gesture Chair,1,820,1250,1250,0.05,62.5,1187.5,820,367.5,30.95,PayPal,4
ORD-2025-13208,2025-09-25,2025-09-28,2025,Q3,September,9,Second Class,CUST-1023,Jack Thompson,Home Office,Germany,Europe,Berlin,Berlin,PROD-FUR-121,Furniture,Tables,Modular Team Workstation,1,640,990,990,0.0,0.0,990.0,640,350.0,35.35,Credit Card,5
ORD-2025-11186,2025-09-25,2025-09-26,2025,Q3,September,9,First Class,CUST-1027,Samuel Clark,Corporate,France,Europe,Auvergne-Rhône-Alpes,Lyon,PROD-FUR-151,Furniture,Bookcases,Modern 5-Tier Industrial Bookshelf,1,110,195,195,0.1,19.5,175.5,110,65.5,37.32,PayPal,2
ORD-2024-10759,2025-09-25,2025-09-26,2025,Q3,September,9,Second Class,CUST-1003,Noah Williams,Corporate,Mexico,Latin America,Federal District,Mexico City,PROD-FUR-154,Furniture,Chairs,Steelcase Gesture Chair,1,820,1250,1250,0.0,0.0,1250.0,820,430.0,34.4,PayPal,5
ORD-2026-10185,2025-09-26,2025-09-27,2025,Q3,September,9,Standard Class,CUST-1000,Emma Watson,Consumer,United States,North America,Texas,Houston,PROD-OFF-164,Office Supplies,Appliances,Heavy Duty Cross-Cut Shredder,2,90,165,330,0.0,0.0,330.0,180,150.0,45.45,PayPal,5
ORD-2026-10173,2025-09-27,2025-09-29,2025,Q3,September,9,First Class,CUST-1014,Harper Wilson,Consumer,Singapore,Asia Pacific,Central,Singapore,PROD-OFF-142,Office Supplies,Storage,Rolling Mobile Utility Cart,3,45,85,255,0.05,12.75,242.25,135,107.25,44.27,Wire Transfer,5
ORD-2024-13027,2025-09-27,2025-09-30,2025,Q3,September,9,Second Class,CUST-1025,David Harris,Corporate,France,Europe,Auvergne-Rhône-Alpes,Lyon,PROD-OFF-102,Office Supplies,Storage,Locking Security Storage Box,2,65,115,230,0.05,11.5,218.5,130,88.5,40.5,PayPal,3
ORD-2024-11644,2025-09-27,2025-10-01,2025,Q3,September,9,First Class,CUST-1000,Emma Watson,Home Office,France,Europe,Auvergne-Rhône-Alpes,Lyon,PROD-TEC-138,Technology,Laptops,HP Spectre x360,1,920,1250,1250,0.0,0.0,1250.0,920,330.0,26.4,Credit Card,4
ORD-2024-11542,2025-09-27,2025-09-30,2025,Q3,September,9,Standard Class,CUST-1024,Avery White,Consumer,Canada,North America,Ontario,Toronto,PROD-TEC-141,Technology,Accessories,Dell 4K UltraSharp Monitor,5,340,489,2445,0.1,244.5,2200.5,1700,500.5,22.74,Credit Card,4
ORD-2025-11291,2025-09-27,2025-09-29,2025,Q3,September,9,Standard Class,CUST-1026,Ella Sanchez,Home Office,United States,North America,New York,New York,PROD-FUR-186,Furniture,Chairs,Herman Miller Aeron Chair,1,750,1195,1195,0.0,0.0,1195.0,750,445.0,37.24,Credit Card,4
ORD-2026-12324,2025-09-27,2025-10-03,2025,Q3,September,9,Standard Class,CUST-1027,Samuel Clark,Corporate,Canada,North America,British Columbia,Vancouver,PROD-FUR-199,Furniture,Chairs,Ergonomic Mesh Task Chair,5,160,289,1445,0.1,144.5,1300.5,800,500.5,38.49,Credit Card,4
ORD-2026-11886,2025-09-27,2025-10-02,2025,Q3,September,9,Standard Class,CUST-1010,Charlotte Martinez,Consumer,United States,North America,Illinois,Chicago,PROD-OFF-145,Office Supplies,Storage,Locking Security Storage Box,1,65,115,115,0.05,5.75,109.25,65,44.25,40.5,Wire Transfer,3
ORD-2026-11880,2025-09-27,2025-09-30,2025,Q3,September,9,Second Class,CUST-1028,Chloe Ramirez,Consumer,United States,North America,Illinois,Chicago,PROD-OFF-142,Office Supplies,Storage,Rolling Mobile Utility Cart,10,45,85,850,0.15,127.5,722.5,450,272.5,37.72,Wire Transfer,5
ORD-2024-12385,2025-09-27,2025-09-30,2025,Q3,September,9,Same Day,CUST-1025,David Harris,Consumer,Canada,North America,Ontario,Toronto,PROD-OFF-101,Office Supplies,Storage,Rolling Mobile Utility Cart,3,45,85,255,0.0,0.0,255.0,135,120.0,47.06,PayPal,4
ORD-2026-13329,2025-09-27,2025-09-29,2025,Q3,September,9,Second Class,CUST-1007,Lucas Miller,Home Office,United States,North America,California,Los Angeles,PROD-OFF-155,Office Supplies,Storage,Heavy Duty 4-Drawer File Cabinet,2,130,220,440,0.0,0.0,440.0,260,180.0,40.91,Credit Card,5
ORD-2026-10767,2025-09-28,2025-10-01,2025,Q3,September,9,Standard Class,CUST-1029,Joseph Lewis,Consumer,Brazil,Latin America,Rio de Janeiro,Rio de Janeiro,PROD-TEC-116,Technology,Accessories,Bose QuietComfort Headphones,2,180,279,558,0.05,27.9,530.1,360,170.1,32.09,Credit Card,1
ORD-2024-10939,2025-09-28,2025-10-01,2025,Q3,September,9,First Class,CUST-1013,Alexander Gonzalez,Corporate,Singapore,Asia Pacific,Central,Singapore,PROD-TEC-153,Technology,Accessories,Dell 4K UltraSharp Monitor,3,340,489,1467,0.05,73.35,1393.65,1020,373.65,26.81,Credit Card,5
ORD-2024-12601,2025-09-28,2025-10-01,2025,Q3,September,9,First Class,CUST-1011,Elijah Hernandez,Corporate,United Kingdom,Europe,England,London,PROD-TEC-160,Technology,Phones,iPhone 15 Pro,2,850,1099,2198,0.0,0.0,2198.0,1700,498.0,22.66,Credit Card,2
ORD-2024-13381,2025-09-28,2025-10-02,2025,Q3,September,9,Standard Class,CUST-1027,Samuel Clark,Consumer,United States,North America,New York,New York,PROD-FUR-190,Furniture,Tables,Modular Team Workstation,3,640,990,2970,0.0,0.0,2970.0,1920,1050.0,35.35,PayPal,5
ORD-2026-13227,2025-09-29,2025-10-02,2025,Q3,September,9,First Class,CUST-1008,Mia Davis,Consumer,Mexico,Latin America,Jalisco,Guadalajara,PROD-TEC-139,Technology,Phones,Samsung Galaxy S24,2,720,950,1900,0.05,95.0,1805.0,1440,365.0,20.22,Wire Transfer,5
ORD-2026-13500,2025-09-29,2025-10-04,2025,Q3,September,9,Same Day,CUST-1029,Joseph Lewis,Consumer,Canada,North America,Ontario,Toronto,PROD-OFF-142,Office Supplies,Appliances,Heavy Duty Cross-Cut Shredder,4,90,165,660,0.0,0.0,660.0,360,300.0,45.45,PayPal,4
ORD-2026-11637,2025-09-29,2025-09-30,2025,Q3,September,9,Standard Class,CUST-1007,Lucas Miller,Consumer,United States,North America,Texas,Houston,PROD-OFF-187,Office Supplies,Storage,Heavy Duty 4-Drawer File Cabinet,1,130,220,220,0.05,11.0,209.0,130,79.0,37.8,Credit Card,4
ORD-2025-12833,2025-09-30,2025-10-02,2025,Q3,September,9,Standard Class,CUST-1011,Elijah Hernandez,Corporate,Singapore,Asia Pacific,Central,Singapore,PROD-OFF-129,Office Supplies,Storage,Locking Security Storage Box,4,65,115,460,0.0,0.0,460.0,260,200.0,43.48,Wire Transfer,5
ORD-2025-10478,2025-10-01,2025-10-04,2025,Q4,October,10,Standard Class,CUST-1027,Samuel Clark,Corporate,Germany,Europe,Berlin,Berlin,PROD-TEC-155,Technology,Accessories,Anker USB-C Docking Hub,1,45,79,79,0.1,7.9,71.1,45,26.1,36.71,Wire Transfer,5
ORD-2025-12509,2025-10-01,2025-10-03,2025,Q4,October,10,Standard Class,CUST-1017,Matthew Taylor,Corporate,United States,North America,Texas,Houston,PROD-FUR-136,Furniture,Chairs,Ergonomic Mesh Task Chair,3,160,289,867,0.1,86.7,780.3,480,300.3,38.49,Credit Card,4
ORD-2025-13388,2025-10-01,2025-10-05,2025,Q4,October,10,Same Day,CUST-1004,Sophia Brown,Consumer,Germany,Europe,Berlin,Berlin,PROD-FUR-134,Furniture,Tables,Smart Motorized Standing Desk,3,320,560,1680,0.0,0.0,1680.0,960,720.0,42.86,Credit Card,4
ORD-2025-10232,2025-10-02,2025-10-05,2025,Q4,October,10,Standard Class,CUST-1000,Emma Watson,Consumer,United Kingdom,Europe,England,London,PROD-FUR-151,Furniture,Chairs,Steelcase Gesture Chair,2,820,1250,2500,0.1,250.0,2250.0,1640,610.0,27.11,Credit Card,4
ORD-2026-13353,2025-10-02,2025-10-06,2025,Q4,October,10,Standard Class,CUST-1015,Daniel Anderson,Consumer,United States,North America,New York,New York,PROD-TEC-198,Technology,Laptops,HP Spectre x360,1,920,1250,1250,0.0,0.0,1250.0,920,330.0,26.4,PayPal,5
ORD-2025-13229,2025-10-03,2025-10-07,2025,Q4,October,10,Standard Class,CUST-1000,Emma Watson,Consumer,Australia,Asia Pacific,Victoria,Melbourne,PROD-FUR-106,Furniture,Bookcases,Glass Display Credenza,2,310,520,1040,0.0,0.0,1040.0,620,420.0,40.38,Wire Transfer,5
ORD-2024-12082,2025-10-03,2025-10-06,2025,Q4,October,10,Standard Class,CUST-1002,Olivia Smith,Home Office,Canada,North America,British Columbia,Vancouver,PROD-FUR-184,Furniture,Bookcases,Modern 5-Tier Industrial Bookshelf,4,110,195,780,0.0,0.0,780.0,440,340.0,43.59,Credit Card,1
ORD-2026-10908,2025-10-03,2025-10-06,2025,Q4,October,10,Second Class,CUST-1028,Chloe Ramirez,Corporate,India,Asia Pacific,Maharashtra,Mumbai,PROD-OFF-114,Office Supplies,Storage,Locking Security Storage Box,1,65,115,115,0.1,11.5,103.5,65,38.5,37.2,Direct Debit,3
ORD-2026-10950,2025-10-03,2025-10-05,2025,Q4,October,10,Same Day,CUST-1013,Alexander Gonzalez,Home Office,Germany,Europe,Bavaria,Munich,PROD-FUR-147,Furniture,Tables,Coffee Break Lounge Table,2,120,210,420,0.05,21.0,399.0,240,159.0,39.85,Credit Card,5
ORD-2024-12151,2025-10-03,2025-10-05,2025,Q4,October,10,Second Class,CUST-1005,James Jones,Consumer,Canada,North America,British Columbia,Vancouver,PROD-TEC-180,Technology,Laptops,ThinkPad X1 Carbon,4,1050,1399,5596,0.0,0.0,5596.0,4200,1396.0,24.95,Wire Transfer,4
ORD-2025-11348,2025-10-03,2025-10-06,2025,Q4,October,10,Standard Class,CUST-1013,Alexander Gonzalez,Home Office,United States,North America,New York,New York,PROD-FUR-143,Furniture,Bookcases,Solid Wood Library Cabinet,2,450,720,1440,0.0,0.0,1440.0,900,540.0,37.5,Direct Debit,5
ORD-2024-10945,2025-10-04,2025-10-06,2025,Q4,October,10,Second Class,CUST-1014,Harper Wilson,Consumer,United Kingdom,Europe,England,Manchester,PROD-FUR-119,Furniture,Tables,Solid Oak Conference Table,2,980,1480,2960,0.0,0.0,2960.0,1960,1000.0,33.78,Credit Card,5
ORD-2025-13172,2025-10-04,2025-10-06,2025,Q4,October,10,Standard Class,CUST-1014,Harper Wilson,Home Office,Mexico,Latin America,Jalisco,Guadalajara,PROD-FUR-132,Furniture,Tables,Coffee Break Lounge Table,1,120,210,210,0.1,21.0,189.0,120,69.0,36.51,PayPal,5
ORD-2026-11301,2025-10-04,2025-10-06,2025,Q4,October,10,Same Day,CUST-1022,Elizabeth Perez,Corporate,United States,North America,California,Los Angeles,PROD-TEC-102,Technology,Phones,iPhone 15 Pro,4,850,1099,4396,0.0,0.0,4396.0,3400,996.0,22.66,Credit Card,3
ORD-2024-12520,2025-10-04,2025-10-05,2025,Q4,October,10,Standard Class,CUST-1023,Jack Thompson,Corporate,United Kingdom,Europe,England,Manchester,PROD-FUR-188,Furniture,Bookcases,Solid Wood Library Cabinet,3,450,720,2160,0.0,0.0,2160.0,1350,810.0,37.5,Credit Card,5
ORD-2025-12794,2025-10-05,2025-10-09,2025,Q4,October,10,Second Class,CUST-1019,Henry Jackson,Consumer,India,Asia Pacific,Maharashtra,Mumbai,PROD-FUR-143,Furniture,Tables,Smart Motorized Standing Desk,2,320,560,1120,0.0,0.0,1120.0,640,480.0,42.86,Wire Transfer,4
ORD-2024-12079,2025-10-05,2025-10-08,2025,Q4,October,10,Standard Class,CUST-1000,Emma Watson,Home Office,Canada,North America,British Columbia,Vancouver,PROD-TEC-161,Technology,Accessories,Bose QuietComfort Headphones,3,180,279,837,0.1,83.7,753.3,540,213.3,28.32,PayPal,1
ORD-2024-10741,2025-10-05,2025-10-08,2025,Q4,October,10,Standard Class,CUST-1025,David Harris,Home Office,United Kingdom,Europe,England,Manchester,PROD-FUR-165,Furniture,Bookcases,Solid Wood Library Cabinet,6,450,720,4320,0.15,648.0,3672.0,2700,972.0,26.47,Wire Transfer,5
ORD-2025-10508,2025-10-06,2025-10-09,2025,Q4,October,10,Standard Class,CUST-1014,Harper Wilson,Consumer,Mexico,Latin America,Jalisco,Guadalajara,PROD-TEC-132,Technology,Phones,Google Pixel 8,2,540,699,1398,0.0,0.0,1398.0,1080,318.0,22.75,Credit Card,5
ORD-2026-11871,2025-10-06,2025-10-09,2025,Q4,October,10,Same Day,CUST-1026,Ella Sanchez,Consumer,Germany,Europe,Bavaria,Munich,PROD-OFF-124,Office Supplies,Storage,Locking Security Storage Box,3,65,115,345,0.0,0.0,345.0,195,150.0,43.48,Credit Card,4
ORD-2026-12831,2025-10-06,2025-10-08,2025,Q4,October,10,Standard Class,CUST-1007,Lucas Miller,Corporate,United States,North America,Illinois,Chicago,PROD-FUR-106,Furniture,Bookcases,Solid Wood Library Cabinet,1,450,720,720,0.1,72.0,648.0,450,198.0,30.56,Credit Card,4
ORD-2025-12866,2025-10-06,2025-10-10,2025,Q4,October,10,Standard Class,CUST-1023,Jack Thompson,Home Office,Australia,Asia Pacific,New South Wales,Sydney,PROD-TEC-162,Technology,Accessories,Bose QuietComfort Headphones,4,180,279,1116,0.0,0.0,1116.0,720,396.0,35.48,Wire Transfer,5
ORD-2025-10370,2025-10-07,2025-10-12,2025,Q4,October,10,Standard Class,CUST-1014,Harper Wilson,Consumer,United States,North America,Illinois,Chicago,PROD-FUR-179,Furniture,Tables,Modular Team Workstation,5,640,990,4950,0.15,742.5,4207.5,3200,1007.5,23.95,Direct Debit,5
ORD-2025-11084,2025-10-07,2025-10-11,2025,Q4,October,10,Standard Class,CUST-1023,Jack Thompson,Corporate,Canada,North America,British Columbia,Vancouver,PROD-FUR-188,Furniture,Tables,Smart Motorized Standing Desk,2,320,560,1120,0.0,0.0,1120.0,640,480.0,42.86,PayPal,4
ORD-2024-11623,2025-10-07,2025-10-10,2025,Q4,October,10,Standard Class,CUST-1010,Charlotte Martinez,Consumer,France,Europe,Île-de-France,Paris,PROD-TEC-129,Technology,Laptops,ThinkPad X1 Carbon,2,1050,1399,2798,0.0,0.0,2798.0,2100,698.0,24.95,Credit Card,4
ORD-2025-10538,2025-10-07,2025-10-11,2025,Q4,October,10,Second Class,CUST-1017,Matthew Taylor,Corporate,United Kingdom,Europe,England,London,PROD-TEC-173,Technology,Accessories,Logitech MX Master 3S,2,55,99,198,0.1,19.8,178.2,110,68.2,38.27,Wire Transfer,5
ORD-2026-13200,2025-10-07,2025-10-09,2025,Q4,October,10,Standard Class,CUST-1013,Alexander Gonzalez,Consumer,Germany,Europe,Bavaria,Munich,PROD-FUR-162,Furniture,Tables,Modular Team Workstation,1,640,990,990,0.0,0.0,990.0,640,350.0,35.35,Wire Transfer,5
ORD-2024-10219,2025-10-07,2025-10-13,2025,Q4,October,10,Standard Class,CUST-1000,Emma Watson,Home Office,Australia,Asia Pacific,Victoria,Melbourne,PROD-FUR-173,Furniture,Tables,Modular Team Workstation,2,640,990,1980,0.0,0.0,1980.0,1280,700.0,35.35,Credit Card,5
ORD-2024-10252,2025-10-08,2025-10-14,2025,Q4,October,10,Standard Class,CUST-1001,Liam Johnson,Consumer,United States,North America,California,Los Angeles,PROD-FUR-198,Furniture,Chairs,Executive Leather Recliner,4,260,420,1680,0.0,0.0,1680.0,1040,640.0,38.1,Credit Card,5
ORD-2026-13434,2025-10-08,2025-10-10,2025,Q4,October,10,Standard Class,CUST-1007,Lucas Miller,Consumer,Germany,Europe,Bavaria,Munich,PROD-TEC-186,Technology,Phones,Google Pixel 8,2,540,699,1398,0.05,69.9,1328.1,1080,248.1,18.68,Wire Transfer,4
ORD-2025-12599,2025-10-08,2025-10-11,2025,Q4,October,10,Second Class,CUST-1005,James Jones,Home Office,India,Asia Pacific,Maharashtra,Mumbai,PROD-TEC-110,Technology,Phones,Google Pixel 8,1,540,699,699,0.0,0.0,699.0,540,159.0,22.75,Direct Debit,5
ORD-2026-11505,2025-10-10,2025-10-16,2025,Q4,October,10,Standard Class,CUST-1015,Daniel Anderson,Corporate,Germany,Europe,Bavaria,Munich,PROD-TEC-158,Technology,Phones,iPhone 15 Pro,5,850,1099,5495,0.15,824.25,4670.75,4250,420.75,9.01,Credit Card,3
ORD-2026-10437,2025-10-10,2025-10-11,2025,Q4,October,10,Second Class,CUST-1012,Amelia Lopez,Home Office,United States,North America,New York,New York,PROD-TEC-188,Technology,Laptops,Dell XPS 15,1,1100,1450,1450,0.1,145.0,1305.0,1100,205.0,15.71,PayPal,5
ORD-2026-11016,2025-10-10,2025-10-13,2025,Q4,October,10,First Class,CUST-1002,Olivia Smith,Consumer,Canada,North America,Ontario,Toronto,PROD-TEC-166,Technology,Phones,OnePlus 12,8,480,649,5192,0.1,519.2,4672.8,3840,832.8,17.82,Credit Card,4
ORD-2025-10634,2025-10-10,2025-10-13,2025,Q4,October,10,Standard Class,CUST-1011,Elijah Hernandez,Corporate,France,Europe,Île-de-France,Paris,PROD-FUR-141,Furniture,Tables,Solid Oak Conference Table,10,980,1480,14800,0.1,1480.0,13320.0,9800,3520.0,26.43,Credit Card,4
ORD-2024-10543,2025-10-10,2025-10-12,2025,Q4,October,10,First Class,CUST-1008,Mia Davis,Corporate,United Kingdom,Europe,England,London,PROD-TEC-139,Technology,Accessories,Bose QuietComfort Headphones,3,180,279,837,0.05,41.85,795.15,540,255.15,32.09,PayPal,5
ORD-2025-11642,2025-10-11,2025-10-15,2025,Q4,October,10,First Class,CUST-1012,Amelia Lopez,Home Office,India,Asia Pacific,Maharashtra,Mumbai,PROD-FUR-135,Furniture,Tables,Coffee Break Lounge Table,2,120,210,420,0.0,0.0,420.0,240,180.0,42.86,Wire Transfer,5
ORD-2025-13154,2025-10-11,2025-10-13,2025,Q4,October,10,Standard Class,CUST-1000,Emma Watson,Corporate,France,Europe,Auvergne-Rhône-Alpes,Lyon,PROD-FUR-151,Furniture,Chairs,Steelcase Gesture Chair,1,820,1250,1250,0.1,125.0,1125.0,820,305.0,27.11,Direct Debit,5
ORD-2026-12537,2025-10-11,2025-10-13,2025,Q4,October,10,Standard Class,CUST-1025,David Harris,Consumer,Singapore,Asia Pacific,Central,Singapore,PROD-TEC-120,Technology,Accessories,Bose QuietComfort Headphones,1,180,279,279,0.0,0.0,279.0,180,99.0,35.48,Credit Card,5
ORD-2024-12664,2025-10-11,2025-10-14,2025,Q4,October,10,Standard Class,CUST-1017,Matthew Taylor,Consumer,United States,North America,New York,New York,PROD-OFF-155,Office Supplies,Appliances,Heavy Duty Cross-Cut Shredder,2,90,165,330,0.0,0.0,330.0,180,150.0,45.45,Direct Debit,5
ORD-2026-10599,2025-10-12,2025-10-14,2025,Q4,October,10,First Class,CUST-1015,Daniel Anderson,Consumer,Mexico,Latin America,Jalisco,Guadalajara,PROD-TEC-155,Technology,Laptops,HP Spectre x360,2,920,1250,2500,0.05,125.0,2375.0,1840,535.0,22.53,PayPal,4
ORD-2025-10823,2025-10-12,2025-10-15,2025,Q4,October,10,First Class,CUST-1000,Emma Watson,Consumer,United Kingdom,Europe,England,London,PROD-TEC-173,Technology,Accessories,Logitech MX Master 3S,6,55,99,594,0.1,59.4,534.6,330,204.6,38.27,Direct Debit,5
ORD-2025-11345,2025-10-12,2025-10-16,2025,Q4,October,10,Standard Class,CUST-1025,David Harris,Consumer,Japan,Asia Pacific,Kanto,Tokyo,PROD-FUR-188,Furniture,Tables,Coffee Break Lounge Table,4,120,210,840,0.0,0.0,840.0,480,360.0,42.86,PayPal,5
ORD-2025-12893,2025-10-12,2025-10-16,2025,Q4,October,10,Standard Class,CUST-1013,Alexander Gonzalez,Home Office,Canada,North America,Ontario,Toronto,PROD-TEC-189,Technology,Laptops,MacBook Air M3,3,890,1199,3597,0.1,359.7,3237.3,2670,567.3,17.52,Wire Transfer,2
ORD-2026-10914,2025-10-12,2025-10-14,2025,Q4,October,10,Second Class,CUST-1006,Isabella Garcia,Corporate,Singapore,Asia Pacific,Central,Singapore,PROD-TEC-123,Technology,Laptops,ThinkPad X1 Carbon,4,1050,1399,5596,0.1,559.6,5036.4,4200,836.4,16.61,Credit Card,4
ORD-2025-10454,2025-10-13,2025-10-16,2025,Q4,October,10,Second Class,CUST-1028,Chloe Ramirez,Consumer,Canada,North America,British Columbia,Vancouver,PROD-FUR-198,Furniture,Chairs,Herman Miller Aeron Chair,1,750,1195,1195,0.1,119.5,1075.5,750,325.5,30.26,Credit Card,4
ORD-2025-13478,2025-10-13,2025-10-16,2025,Q4,October,10,Same Day,CUST-1025,David Harris,Consumer,United States,North America,Texas,Houston,PROD-FUR-158,Furniture,Chairs,Herman Miller Aeron Chair,4,750,1195,4780,0.05,239.0,4541.0,3000,1541.0,33.94,Credit Card,4
ORD-2025-10673,2025-10-13,2025-10-15,2025,Q4,October,10,First Class,CUST-1020,Emily Martin,Home Office,Canada,North America,Ontario,Toronto,PROD-FUR-169,Furniture,Bookcases,Solid Wood Library Cabinet,2,450,720,1440,0.0,0.0,1440.0,900,540.0,37.5,Credit Card,4
ORD-2025-10409,2025-10-14,2025-10-16,2025,Q4,October,10,Standard Class,CUST-1026,Ella Sanchez,Consumer,United Kingdom,Europe,England,London,PROD-TEC-161,Technology,Laptops,HP Spectre x360,2,920,1250,2500,0.05,125.0,2375.0,1840,535.0,22.53,PayPal,5
ORD-2024-12556,2025-10-14,2025-10-16,2025,Q4,October,10,Standard Class,CUST-1005,James Jones,Consumer,Australia,Asia Pacific,Victoria,Melbourne,PROD-TEC-146,Technology,Laptops,ThinkPad X1 Carbon,2,1050,1399,2798,0.0,0.0,2798.0,2100,698.0,24.95,Credit Card,4
ORD-2026-12285,2025-10-14,2025-10-17,2025,Q4,October,10,First Class,CUST-1018,Abigail Moore,Corporate,United Kingdom,Europe,England,Manchester,PROD-FUR-140,Furniture,Tables,Smart Motorized Standing Desk,1,320,560,560,0.05,28.0,532.0,320,212.0,39.85,Credit Card,4
ORD-2025-12362,2025-10-14,2025-10-18,2025,Q4,October,10,Standard Class,CUST-1009,Benjamin Rodriguez,Home Office,United States,North America,California,Los Angeles,PROD-OFF-180,Office Supplies,Paper,Heavyweight Cardstock Reams,6,16,32,192,0.2,38.4,153.6,96,57.6,37.5,Credit Card,5
ORD-2024-13243,2025-10-14,2025-10-18,2025,Q4,October,10,Standard Class,CUST-1020,Emily Martin,Consumer,Canada,North America,Ontario,Toronto,PROD-TEC-199,Technology,Accessories,Bose QuietComfort Headphones,4,180,279,1116,0.0,0.0,1116.0,720,396.0,35.48,Credit Card,5
ORD-2026-13107,2025-10-14,2025-10-19,2025,Q4,October,10,Second Class,CUST-1009,Benjamin Rodriguez,Home Office,Singapore,Asia Pacific,Central,Singapore,PROD-FUR-122,Furniture,Tables,Coffee Break Lounge Table,1,120,210,210,0.1,21.0,189.0,120,69.0,36.51,Credit Card,2
ORD-2025-10115,2025-10-16,2025-10-22,2025,Q4,October,10,Same Day,CUST-1002,Olivia Smith,Corporate,Canada,North America,Ontario,Toronto,PROD-OFF-104,Office Supplies,Appliances,Commercial Espresso Barista Machine,1,620,950,950,0.05,47.5,902.5,620,282.5,31.3,PayPal,5
ORD-2025-10001,2025-10-16,2025-10-18,2025,Q4,October,10,Second Class,CUST-1007,Lucas Miller,Consumer,Singapore,Asia Pacific,Central,Singapore,PROD-FUR-176,Furniture,Bookcases,Modern 5-Tier Industrial Bookshelf,2,110,195,390,0.0,0.0,390.0,220,170.0,43.59,Credit Card,5
ORD-2024-10108,2025-10-16,2025-10-20,2025,Q4,October,10,Standard Class,CUST-1003,Noah Williams,Home Office,France,Europe,Île-de-France,Paris,PROD-TEC-192,Technology,Accessories,Bose QuietComfort Headphones,1,180,279,279,0.0,0.0,279.0,180,99.0,35.48,Wire Transfer,5
ORD-2025-11747,2025-10-17,2025-10-20,2025,Q4,October,10,Standard Class,CUST-1008,Mia Davis,Consumer,India,Asia Pacific,Maharashtra,Mumbai,PROD-OFF-102,Office Supplies,Storage,Rolling Mobile Utility Cart,2,45,85,170,0.05,8.5,161.5,90,71.5,44.27,Credit Card,5
ORD-2025-12266,2025-10-17,2025-10-19,2025,Q4,October,10,First Class,CUST-1009,Benjamin Rodriguez,Corporate,United States,North America,Illinois,Chicago,PROD-FUR-123,Furniture,Bookcases,Solid Wood Library Cabinet,10,450,720,7200,0.1,720.0,6480.0,4500,1980.0,30.56,Credit Card,5
ORD-2024-11626,2025-10-17,2025-10-19,2025,Q4,October,10,Standard Class,CUST-1029,Joseph Lewis,Consumer,United States,North America,Illinois,Chicago,PROD-OFF-165,Office Supplies,Storage,Rolling Mobile Utility Cart,2,45,85,170,0.0,0.0,170.0,90,80.0,47.06,Direct Debit,4
ORD-2024-11893,2025-10-17,2025-10-23,2025,Q4,October,10,Standard Class,CUST-1010,Charlotte Martinez,Consumer,Mexico,Latin America,Federal District,Mexico City,PROD-TEC-153,Technology,Phones,Google Pixel 8,2,540,699,1398,0.05,69.9,1328.1,1080,248.1,18.68,PayPal,5
ORD-2024-13387,2025-10-17,2025-10-20,2025,Q4,October,10,Standard Class,CUST-1018,Abigail Moore,Consumer,Canada,North America,Ontario,Toronto,PROD-FUR-189,Furniture,Bookcases,Modern 5-Tier Industrial Bookshelf,2,110,195,390,0.05,19.5,370.5,220,150.5,40.62,Wire Transfer,4
ORD-2026-10968,2025-10-17,2025-10-19,2025,Q4,October,10,Standard Class,CUST-1026,Ella Sanchez,Consumer,United States,North America,New York,New York,PROD-FUR-137,Furniture,Bookcases,Solid Wood Library Cabinet,4,450,720,2880,0.0,0.0,2880.0,1800,1080.0,37.5,Credit Card,5
ORD-2026-13497,2025-10-17,2025-10-20,2025,Q4,October,10,Standard Class,CUST-1002,Olivia Smith,Consumer,Canada,North America,Ontario,Toronto,PROD-FUR-158,Furniture,Bookcases,Solid Wood Library Cabinet,2,450,720,1440,0.0,0.0,1440.0,900,540.0,37.5,Direct Debit,5
ORD-2024-13006,2025-10-17,2025-10-20,2025,Q4,October,10,Standard Class,CUST-1020,Emily Martin,Corporate,United States,North America,New York,New York,PROD-FUR-102,Furniture,Bookcases,Glass Display Credenza,4,310,520,2080,0.0,0.0,2080.0,1240,840.0,40.38,Wire Transfer,3
ORD-2024-12982,2025-10-17,2025-10-18,2025,Q4,October,10,Standard Class,CUST-1017,Matthew Taylor,Consumer,United States,North America,California,Los Angeles,PROD-OFF-104,Office Supplies,Appliances,Commercial Espresso Barista Machine,4,620,950,3800,0.0,0.0,3800.0,2480,1320.0,34.74,Credit Card,4
ORD-2024-10594,2025-10-17,2025-10-20,2025,Q4,October,10,Standard Class,CUST-1022,Elizabeth Perez,Home Office,Canada,North America,Ontario,Toronto,PROD-OFF-131,Office Supplies,Storage,Rolling Mobile Utility Cart,4,45,85,340,0.05,17.0,323.0,180,143.0,44.27,Wire Transfer,5
ORD-2025-11576,2025-10-17,2025-10-20,2025,Q4,October,10,Standard Class,CUST-1009,Benjamin Rodriguez,Consumer,Germany,Europe,Bavaria,Munich,PROD-FUR-109,Furniture,Tables,Solid Oak Conference Table,3,980,1480,4440,0.05,222.0,4218.0,2940,1278.0,30.3,Credit Card,5
ORD-2026-13350,2025-10-18,2025-10-20,2025,Q4,October,10,First Class,CUST-1025,David Harris,Corporate,Canada,North America,British Columbia,Vancouver,PROD-TEC-139,Technology,Phones,OnePlus 12,2,480,649,1298,0.0,0.0,1298.0,960,338.0,26.04,Wire Transfer,4
ORD-2025-13127,2025-10-18,2025-10-21,2025,Q4,October,10,Standard Class,CUST-1029,Joseph Lewis,Consumer,Japan,Asia Pacific,Kanto,Tokyo,PROD-FUR-121,Furniture,Tables,Smart Motorized Standing Desk,3,320,560,1680,0.0,0.0,1680.0,960,720.0,42.86,Credit Card,4
ORD-2025-11087,2025-10-18,2025-10-21,2025,Q4,October,10,Same Day,CUST-1007,Lucas Miller,Consumer,United States,North America,California,Los Angeles,PROD-FUR-188,Furniture,Bookcases,Modern 5-Tier Industrial Bookshelf,2,110,195,390,0.1,39.0,351.0,220,131.0,37.32,Credit Card,5
ORD-2025-10526,2025-10-18,2025-10-20,2025,Q4,October,10,Standard Class,CUST-1020,Emily Martin,Home Office,India,Asia Pacific,Karnataka,Bangalore,PROD-OFF-188,Office Supplies,Paper,Heavyweight Cardstock Reams,3,16,32,96,0.1,9.6,86.4,48,38.4,44.44,PayPal,5
ORD-2024-10009,2025-10-18,2025-10-20,2025,Q4,October,10,Standard Class,CUST-1005,James Jones,Consumer,Mexico,Latin America,Federal District,Mexico City,PROD-OFF-114,Office Supplies,Storage,Locking Security Storage Box,5,65,115,575,0.1,57.5,517.5,325,192.5,37.2,Wire Transfer,4
ORD-2025-11585,2025-10-19,2025-10-21,2025,Q4,October,10,Same Day,CUST-1021,Sebastian Lee,Home Office,United Kingdom,Europe,England,London,PROD-TEC-185,Technology,Phones,Google Pixel 8,6,540,699,4194,0.1,419.4,3774.6,3240,534.6,14.16,Credit Card,3
ORD-2025-13007,2025-10-19,2025-10-23,2025,Q4,October,10,Second Class,CUST-1026,Ella Sanchez,Consumer,United States,North America,Texas,Houston,PROD-FUR-164,Furniture,Bookcases,Glass Display Credenza,1,310,520,520,0.1,52.0,468.0,310,158.0,33.76,Credit Card,4
ORD-2026-11742,2025-10-19,2025-10-22,2025,Q4,October,10,Standard Class,CUST-1007,Lucas Miller,Consumer,United Kingdom,Europe,England,London,PROD-FUR-185,Furniture,Chairs,Ergonomic Mesh Task Chair,3,160,289,867,0.1,86.7,780.3,480,300.3,38.49,Credit Card,2
ORD-2026-11499,2025-10-19,2025-10-23,2025,Q4,October,10,Standard Class,CUST-1001,Liam Johnson,Consumer,Canada,North America,British Columbia,Vancouver,PROD-TEC-171,Technology,Accessories,Anker USB-C Docking Hub,4,45,79,316,0.05,15.8,300.2,180,120.2,40.04,Direct Debit,5
ORD-2026-11844,2025-10-20,2025-10-22,2025,Q4,October,10,First Class,CUST-1023,Jack Thompson,Corporate,Australia,Asia Pacific,Victoria,Melbourne,PROD-OFF-136,Office Supplies,Storage,Rolling Mobile Utility Cart,2,45,85,170,0.0,0.0,170.0,90,80.0,47.06,Direct Debit,5
ORD-2026-12501,2025-10-20,2025-10-23,2025,Q4,October,10,Standard Class,CUST-1024,Avery White,Consumer,United States,North America,New York,New York,PROD-OFF-167,Office Supplies,Appliances,Heavy Duty Cross-Cut Shredder,3,90,165,495,0.1,49.5,445.5,270,175.5,39.39,Credit Card,5
ORD-2026-12135,2025-10-20,2025-10-25,2025,Q4,October,10,Standard Class,CUST-1029,Joseph Lewis,Corporate,Brazil,Latin America,São Paulo,São Paulo,PROD-TEC-175,Technology,Phones,Samsung Galaxy S24,4,720,950,3800,0.0,0.0,3800.0,2880,920.0,24.21,Wire Transfer,5
ORD-2026-10203,2025-10-20,2025-10-21,2025,Q4,October,10,Second Class,CUST-1023,Jack Thompson,Home Office,United States,North America,California,Los Angeles,PROD-TEC-159,Technology,Laptops,MacBook Air M3,3,890,1199,3597,0.0,0.0,3597.0,2670,927.0,25.77,Wire Transfer,4
ORD-2026-11187,2025-10-22,2025-10-25,2025,Q4,October,10,Standard Class,CUST-1021,Sebastian Lee,Consumer,France,Europe,Auvergne-Rhône-Alpes,Lyon,PROD-FUR-175,Furniture,Bookcases,Glass Display Credenza,6,310,520,3120,0.2,624.0,2496.0,1860,636.0,25.48,Direct Debit,5
ORD-2026-11190,2025-10-22,2025-10-25,2025,Q4,October,10,Second Class,CUST-1015,Daniel Anderson,Consumer,Australia,Asia Pacific,Victoria,Melbourne,PROD-TEC-134,Technology,Phones,Google Pixel 8,5,540,699,3495,0.15,524.25,2970.75,2700,270.75,9.11,Direct Debit,5
ORD-2025-13457,2025-10-23,2025-10-25,2025,Q4,October,10,Second Class,CUST-1018,Abigail Moore,Home Office,Canada,North America,Ontario,Toronto,PROD-TEC-130,Technology,Accessories,Logitech MX Master 3S,1,55,99,99,0.0,0.0,99.0,55,44.0,44.44,Wire Transfer,5
ORD-2024-10015,2025-10-23,2025-10-24,2025,Q4,October,10,Standard Class,CUST-1010,Charlotte Martinez,Corporate,United States,North America,California,Los Angeles,PROD-TEC-155,Technology,Laptops,Dell XPS 15,1,1100,1450,1450,0.05,72.5,1377.5,1100,277.5,20.15,PayPal,5
ORD-2026-10371,2025-10-23,2025-10-26,2025,Q4,October,10,Second Class,CUST-1003,Noah Williams,Consumer,France,Europe,Auvergne-Rhône-Alpes,Lyon,PROD-FUR-142,Furniture,Tables,Coffee Break Lounge Table,2,120,210,420,0.0,0.0,420.0,240,180.0,42.86,Wire Transfer,4
ORD-2025-11384,2025-10-23,2025-10-25,2025,Q4,October,10,Same Day,CUST-1029,Joseph Lewis,Consumer,Singapore,Asia Pacific,Central,Singapore,PROD-FUR-138,Furniture,Chairs,Ergonomic Mesh Task Chair,1,160,289,289,0.0,0.0,289.0,160,129.0,44.64,Direct Debit,5
ORD-2024-11551,2025-10-23,2025-10-24,2025,Q4,October,10,First Class,CUST-1005,James Jones,Corporate,United States,North America,Illinois,Chicago,PROD-TEC-177,Technology,Accessories,Bose QuietComfort Headphones,1,180,279,279,0.0,0.0,279.0,180,99.0,35.48,PayPal,5
ORD-2026-12396,2025-10-24,2025-10-26,2025,Q4,October,10,Second Class,CUST-1000,Emma Watson,Home Office,India,Asia Pacific,Maharashtra,Mumbai,PROD-TEC-191,Technology,Phones,Google Pixel 8,3,540,699,2097,0.05,104.85,1992.15,1620,372.15,18.68,Wire Transfer,4
ORD-2024-10156,2025-10-24,2025-10-25,2025,Q4,October,10,Standard Class,CUST-1011,Elijah Hernandez,Consumer,Australia,Asia Pacific,New South Wales,Sydney,PROD-TEC-110,Technology,Laptops,MacBook Air M3,1,890,1199,1199,0.05,59.95,1139.05,890,249.05,21.86,PayPal,4
ORD-2025-11762,2025-10-24,2025-10-27,2025,Q4,October,10,Standard Class,CUST-1029,Joseph Lewis,Consumer,United States,North America,California,Los Angeles,PROD-FUR-106,Furniture,Chairs,Herman Miller Aeron Chair,1,750,1195,1195,0.05,59.75,1135.25,750,385.25,33.94,Wire Transfer,5
ORD-2025-11564,2025-10-25,2025-10-28,2025,Q4,October,10,Second Class,CUST-1009,Benjamin Rodriguez,Consumer,France,Europe,Île-de-France,Paris,PROD-TEC-107,Technology,Phones,OnePlus 12,2,480,649,1298,0.0,0.0,1298.0,960,338.0,26.04,Wire Transfer,5
ORD-2024-11572,2025-10-25,2025-10-29,2025,Q4,October,10,Standard Class,CUST-1022,Elizabeth Perez,Corporate,Germany,Europe,Bavaria,Munich,PROD-FUR-153,Furniture,Tables,Smart Motorized Standing Desk,2,320,560,1120,0.0,0.0,1120.0,640,480.0,42.86,Credit Card,5
ORD-2026-10401,2025-10-25,2025-10-26,2025,Q4,October,10,Second Class,CUST-1015,Daniel Anderson,Corporate,Brazil,Latin America,Rio de Janeiro,Rio de Janeiro,PROD-TEC-159,Technology,Accessories,Anker USB-C Docking Hub,5,45,79,395,0.15,59.25,335.75,225,110.75,32.99,Direct Debit,4
ORD-2026-10698,2025-10-26,2025-11-01,2025,Q4,October,10,Standard Class,CUST-1011,Elijah Hernandez,Consumer,France,Europe,Île-de-France,Paris,PROD-OFF-123,Office Supplies,Paper,Premium Multipurpose Laser Paper 5000ct,2,28,48,96,0.0,0.0,96.0,56,40.0,41.67,Wire Transfer,5
ORD-2024-10195,2025-10-26,2025-10-28,2025,Q4,October,10,Standard Class,CUST-1009,Benjamin Rodriguez,Corporate,India,Asia Pacific,Maharashtra,Mumbai,PROD-FUR-101,Furniture,Bookcases,Modern 5-Tier Industrial Bookshelf,1,110,195,195,0.0,0.0,195.0,110,85.0,43.59,Wire Transfer,5
ORD-2025-13001,2025-10-26,2025-10-29,2025,Q4,October,10,First Class,CUST-1017,Matthew Taylor,Home Office,United States,North America,New York,New York,PROD-TEC-121,Technology,Laptops,MacBook Air M3,2,890,1199,2398,0.0,0.0,2398.0,1780,618.0,25.77,PayPal,5
ORD-2024-10423,2025-10-26,2025-10-28,2025,Q4,October,10,Standard Class,CUST-1001,Liam Johnson,Home Office,Japan,Asia Pacific,Kanto,Tokyo,PROD-FUR-114,Furniture,Chairs,Herman Miller Aeron Chair,1,750,1195,1195,0.0,0.0,1195.0,750,445.0,37.24,Wire Transfer,5
ORD-2025-10661,2025-10-26,2025-10-28,2025,Q4,October,10,Second Class,CUST-1011,Elijah Hernandez,Consumer,Mexico,Latin America,Federal District,Mexico City,PROD-FUR-142,Furniture,Tables,Modular Team Workstation,8,640,990,7920,0.15,1188.0,6732.0,5120,1612.0,23.95,Credit Card,5
ORD-2024-10282,2025-10-26,2025-10-27,2025,Q4,October,10,Second Class,CUST-1014,Harper Wilson,Consumer,France,Europe,Île-de-France,Paris,PROD-TEC-149,Technology,Phones,Google Pixel 8,5,540,699,3495,0.2,699.0,2796.0,2700,96.0,3.43,Credit Card,5
ORD-2026-12234,2025-10-27,2025-10-30,2025,Q4,October,10,Standard Class,CUST-1000,Emma Watson,Corporate,United States,North America,California,Los Angeles,PROD-FUR-108,Furniture,Bookcases,Glass Display Credenza,3,310,520,1560,0.05,78.0,1482.0,930,552.0,37.25,Credit Card,5
ORD-2024-12880,2025-10-27,2025-10-31,2025,Q4,October,10,Standard Class,CUST-1021,Sebastian Lee,Consumer,United States,North America,California,Los Angeles,PROD-OFF-181,Office Supplies,Appliances,Heavy Duty Cross-Cut Shredder,4,90,165,660,0.0,0.0,660.0,360,300.0,45.45,Credit Card,2
ORD-2026-12069,2025-10-27,2025-10-29,2025,Q4,October,10,First Class,CUST-1000,Emma Watson,Home Office,Mexico,Latin America,Jalisco,Guadalajara,PROD-OFF-157,Office Supplies,Storage,Heavy Duty 4-Drawer File Cabinet,2,130,220,440,0.1,44.0,396.0,260,136.0,34.34,PayPal,4
ORD-2024-12523,2025-10-27,2025-10-30,2025,Q4,October,10,Standard Class,CUST-1009,Benjamin Rodriguez,Consumer,United Kingdom,Europe,England,Manchester,PROD-FUR-188,Furniture,Chairs,Executive Leather Recliner,4,260,420,1680,0.0,0.0,1680.0,1040,640.0,38.1,Credit Card,5
ORD-2025-11819,2025-10-28,2025-10-31,2025,Q4,October,10,Standard Class,CUST-1022,Elizabeth Perez,Corporate,United Kingdom,Europe,England,Manchester,PROD-FUR-137,Furniture,Bookcases,Glass Display Credenza,10,310,520,5200,0.15,780.0,4420.0,3100,1320.0,29.86,Credit Card,3
ORD-2024-13303,2025-10-28,2025-11-02,2025,Q4,October,10,Second Class,CUST-1028,Chloe Ramirez,Corporate,United States,North America,New York,New York,PROD-FUR-147,Furniture,Chairs,Ergonomic Mesh Task Chair,1,160,289,289,0.1,28.9,260.1,160,100.1,38.49,Credit Card,4
ORD-2025-10256,2025-10-28,2025-11-01,2025,Q4,October,10,Standard Class,CUST-1020,Emily Martin,Consumer,United Kingdom,Europe,England,London,PROD-FUR-184,Furniture,Chairs,Herman Miller Aeron Chair,4,750,1195,4780,0.0,0.0,4780.0,3000,1780.0,37.24,Credit Card,5
ORD-2025-12971,2025-10-28,2025-11-01,2025,Q4,October,10,Standard Class,CUST-1023,Jack Thompson,Consumer,United States,North America,Illinois,Chicago,PROD-TEC-142,Technology,Laptops,MacBook Air M3,1,890,1199,1199,0.05,59.95,1139.05,890,249.05,21.86,Credit Card,5
ORD-2025-12485,2025-10-29,2025-11-02,2025,Q4,October,10,Second Class,CUST-1012,Amelia Lopez,Consumer,United States,North America,New York,New York,PROD-TEC-160,Technology,Laptops,MacBook Air M3,1,890,1199,1199,0.0,0.0,1199.0,890,309.0,25.77,PayPal,5
ORD-2025-10952,2025-10-29,2025-11-01,2025,Q4,October,10,First Class,CUST-1024,Avery White,Home Office,United States,North America,California,Los Angeles,PROD-TEC-185,Technology,Accessories,Bose QuietComfort Headphones,2,180,279,558,0.0,0.0,558.0,360,198.0,35.48,Credit Card,5
ORD-2026-11565,2025-10-29,2025-11-03,2025,Q4,October,10,Standard Class,CUST-1013,Alexander Gonzalez,Consumer,United States,North America,Texas,Houston,PROD-TEC-152,Technology,Laptops,Dell XPS 15,3,1100,1450,4350,0.05,217.5,4132.5,3300,832.5,20.15,Direct Debit,5
ORD-2025-10817,2025-10-29,2025-10-31,2025,Q4,October,10,Standard Class,CUST-1011,Elijah Hernandez,Home Office,Australia,Asia Pacific,Victoria,Melbourne,PROD-FUR-149,Furniture,Chairs,Ergonomic Mesh Task Chair,2,160,289,578,0.1,57.8,520.2,320,200.2,38.49,Direct Debit,5
ORD-2025-11501,2025-10-29,2025-11-01,2025,Q4,October,10,Standard Class,CUST-1023,Jack Thompson,Consumer,Germany,Europe,Bavaria,Munich,PROD-OFF-188,Office Supplies,Storage,Rolling Mobile Utility Cart,3,45,85,255,0.1,25.5,229.5,135,94.5,41.18,Direct Debit,4
ORD-2026-11352,2025-10-29,2025-10-31,2025,Q4,October,10,Second Class,CUST-1014,Harper Wilson,Home Office,France,Europe,Île-de-France,Paris,PROD-FUR-146,Furniture,Tables,Coffee Break Lounge Table,1,120,210,210,0.05,10.5,199.5,120,79.5,39.85,Credit Card,4
ORD-2026-12096,2025-10-30,2025-11-02,2025,Q4,October,10,Standard Class,CUST-1003,Noah Williams,Consumer,Mexico,Latin America,Federal District,Mexico City,PROD-FUR-127,Furniture,Chairs,Ergonomic Mesh Task Chair,1,160,289,289,0.0,0.0,289.0,160,129.0,44.64,Credit Card,5
ORD-2024-10627,2025-10-30,2025-11-02,2025,Q4,October,10,Standard Class,CUST-1003,Noah Williams,Consumer,France,Europe,Auvergne-Rhône-Alpes,Lyon,PROD-OFF-176,Office Supplies,Storage,Heavy Duty 4-Drawer File Cabinet,3,130,220,660,0.0,0.0,660.0,390,270.0,40.91,Credit Card,4
ORD-2025-13256,2025-10-30,2025-11-03,2025,Q4,October,10,First Class,CUST-1027,Samuel Clark,Consumer,United States,North America,Texas,Houston,PROD-TEC-118,Technology,Laptops,ThinkPad X1 Carbon,2,1050,1399,2798,0.0,0.0,2798.0,2100,698.0,24.95,Credit Card,5
ORD-2026-13251,2025-10-30,2025-11-02,2025,Q4,October,10,Standard Class,CUST-1006,Isabella Garcia,Consumer,Canada,North America,British Columbia,Vancouver,PROD-TEC-162,Technology,Accessories,Dell 4K UltraSharp Monitor,3,340,489,1467,0.0,0.0,1467.0,1020,447.0,30.47,Direct Debit,5
ORD-2025-12887,2025-10-30,2025-11-01,2025,Q4,October,10,Standard Class,CUST-1021,Sebastian Lee,Consumer,United Kingdom,Europe,England,Manchester,PROD-FUR-164,Furniture,Bookcases,Modern 5-Tier Industrial Bookshelf,2,110,195,390,0.05,19.5,370.5,220,150.5,40.62,Credit Card,5
ORD-2025-12152,2025-10-31,2025-11-03,2025,Q4,October,10,First Class,CUST-1020,Emily Martin,Consumer,Germany,Europe,Berlin,Berlin,PROD-FUR-196,Furniture,Bookcases,Solid Wood Library Cabinet,2,450,720,1440,0.05,72.0,1368.0,900,468.0,34.21,Credit Card,5
ORD-2024-10267,2025-10-31,2025-11-01,2025,Q4,October,10,Standard Class,CUST-1001,Liam Johnson,Corporate,United States,North America,New York,New York,PROD-OFF-139,Office Supplies,Appliances,Heavy Duty Cross-Cut Shredder,5,90,165,825,0.15,123.75,701.25,450,251.25,35.83,Wire Transfer,5
ORD-2026-13404,2025-10-31,2025-11-03,2025,Q4,October,10,Second Class,CUST-1004,Sophia Brown,Consumer,Germany,Europe,Bavaria,Munich,PROD-FUR-114,Furniture,Chairs,Ergonomic Mesh Task Chair,1,160,289,289,0.1,28.9,260.1,160,100.1,38.49,PayPal,5
ORD-2025-11906,2025-11-01,2025-11-03,2025,Q4,November,11,Standard Class,CUST-1005,James Jones,Home Office,Australia,Asia Pacific,New South Wales,Sydney,PROD-OFF-181,Office Supplies,Paper,Premium Multipurpose Laser Paper 5000ct,3,28,48,144,0.1,14.4,129.6,84,45.6,35.19,PayPal,3
ORD-2024-10765,2025-11-01,2025-11-07,2025,Q4,November,11,Standard Class,CUST-1012,Amelia Lopez,Consumer,United States,North America,New York,New York,PROD-TEC-164,Technology,Accessories,Bose QuietComfort Headphones,3,180,279,837,0.05,41.85,795.15,540,255.15,32.09,PayPal,3
ORD-2026-13206,2025-11-02,2025-11-03,2025,Q4,November,11,Standard Class,CUST-1012,Amelia Lopez,Consumer,France,Europe,Auvergne-Rhône-Alpes,Lyon,PROD-FUR-159,Furniture,Tables,Modular Team Workstation,4,640,990,3960,0.0,0.0,3960.0,2560,1400.0,35.35,Credit Card,5
ORD-2026-12444,2025-11-02,2025-11-05,2025,Q4,November,11,Standard Class,CUST-1017,Matthew Taylor,Corporate,Australia,Asia Pacific,Victoria,Melbourne,PROD-FUR-179,Furniture,Bookcases,Glass Display Credenza,3,310,520,1560,0.15,234.0,1326.0,930,396.0,29.86,Credit Card,5
ORD-2024-11830,2025-11-03,2025-11-04,2025,Q4,November,11,Same Day,CUST-1005,James Jones,Consumer,United States,North America,Texas,Houston,PROD-OFF-156,Office Supplies,Storage,Locking Security Storage Box,4,65,115,460,0.0,0.0,460.0,260,200.0,43.48,Credit Card,4
ORD-2024-12796,2025-11-03,2025-11-05,2025,Q4,November,11,Second Class,CUST-1026,Ella Sanchez,Consumer,Mexico,Latin America,Jalisco,Guadalajara,PROD-FUR-134,Furniture,Chairs,Executive Leather Recliner,2,260,420,840,0.0,0.0,840.0,520,320.0,38.1,Credit Card,4
ORD-2024-12532,2025-11-03,2025-11-07,2025,Q4,November,11,Standard Class,CUST-1025,David Harris,Corporate,Singapore,Asia Pacific,Central,Singapore,PROD-FUR-109,Furniture,Bookcases,Solid Wood Library Cabinet,2,450,720,1440,0.05,72.0,1368.0,900,468.0,34.21,Credit Card,2
ORD-2026-13356,2025-11-03,2025-11-08,2025,Q4,November,11,Standard Class,CUST-1001,Liam Johnson,Home Office,United States,North America,New York,New York,PROD-TEC-151,Technology,Laptops,HP Spectre x360,2,920,1250,2500,0.1,250.0,2250.0,1840,410.0,18.22,Wire Transfer,4
ORD-2026-13035,2025-11-03,2025-11-07,2025,Q4,November,11,Standard Class,CUST-1013,Alexander Gonzalez,Consumer,United States,North America,Texas,Houston,PROD-FUR-195,Furniture,Chairs,Steelcase Gesture Chair,2,820,1250,2500,0.0,0.0,2500.0,1640,860.0,34.4,Wire Transfer,4
ORD-2026-11082,2025-11-04,2025-11-08,2025,Q4,November,11,Second Class,CUST-1001,Liam Johnson,Consumer,Japan,Asia Pacific,Kanto,Tokyo,PROD-FUR-118,Furniture,Tables,Smart Motorized Standing Desk,1,320,560,560,0.1,56.0,504.0,320,184.0,36.51,Wire Transfer,5
ORD-2026-10500,2025-11-04,2025-11-07,2025,Q4,November,11,Standard Class,CUST-1001,Liam Johnson,Consumer,United States,North America,Illinois,Chicago,PROD-TEC-115,Technology,Laptops,HP Spectre x360,10,920,1250,12500,0.2,2500.0,10000.0,9200,800.0,8.0,Credit Card,5
ORD-2025-11330,2025-11-04,2025-11-06,2025,Q4,November,11,Same Day,CUST-1021,Sebastian Lee,Home Office,Canada,North America,British Columbia,Vancouver,PROD-FUR-168,Furniture,Chairs,Executive Leather Recliner,4,260,420,1680,0.1,168.0,1512.0,1040,472.0,31.22,Credit Card,5
ORD-2025-12125,2025-11-04,2025-11-07,2025,Q4,November,11,Standard Class,CUST-1017,Matthew Taylor,Consumer,United Kingdom,Europe,England,Manchester,PROD-TEC-137,Technology,Accessories,Dell 4K UltraSharp Monitor,1,340,489,489,0.1,48.9,440.1,340,100.1,22.74,Credit Card,4
ORD-2026-11838,2025-11-04,2025-11-06,2025,Q4,November,11,Standard Class,CUST-1019,Henry Jackson,Corporate,United States,North America,Illinois,Chicago,PROD-TEC-171,Technology,Accessories,Bose QuietComfort Headphones,1,180,279,279,0.1,27.9,251.1,180,71.1,28.32,Credit Card,5
ORD-2025-10058,2025-11-04,2025-11-07,2025,Q4,November,11,Standard Class,CUST-1016,Evelyn Thomas,Consumer,Singapore,Asia Pacific,Central,Singapore,PROD-FUR-135,Furniture,Chairs,Ergonomic Mesh Task Chair,2,160,289,578,0.1,57.8,520.2,320,200.2,38.49,Credit Card,4
ORD-2025-11066,2025-11-05,2025-11-08,2025,Q4,November,11,Standard Class,CUST-1012,Amelia Lopez,Home Office,Brazil,Latin America,Rio de Janeiro,Rio de Janeiro,PROD-FUR-159,Furniture,Bookcases,Modern 5-Tier Industrial Bookshelf,6,110,195,1170,0.15,175.5,994.5,660,334.5,33.63,Credit Card,1
ORD-2026-12360,2025-11-05,2025-11-07,2025,Q4,November,11,Standard Class,CUST-1018,Abigail Moore,Consumer,Brazil,Latin America,Rio de Janeiro,Rio de Janeiro,PROD-OFF-134,Office Supplies,Paper,Heavyweight Cardstock Reams,3,16,32,96,0.05,4.8,91.2,48,43.2,47.37,Credit Card,5
ORD-2024-11566,2025-11-05,2025-11-08,2025,Q4,November,11,Standard Class,CUST-1026,Ella Sanchez,Corporate,United Kingdom,Europe,England,London,PROD-OFF-161,Office Supplies,Storage,Rolling Mobile Utility Cart,5,45,85,425,0.1,42.5,382.5,225,157.5,41.18,PayPal,5
ORD-2026-10539,2025-11-05,2025-11-07,2025,Q4,November,11,Standard Class,CUST-1025,David Harris,Consumer,India,Asia Pacific,Karnataka,Bangalore,PROD-FUR-142,Furniture,Bookcases,Glass Display Credenza,2,310,520,1040,0.0,0.0,1040.0,620,420.0,40.38,PayPal,5
ORD-2024-13354,2025-11-05,2025-11-09,2025,Q4,November,11,Standard Class,CUST-1025,David Harris,Consumer,Singapore,Asia Pacific,Central,Singapore,PROD-OFF-173,Office Supplies,Paper,Premium Multipurpose Laser Paper 5000ct,1,28,48,48,0.05,2.4,45.6,28,17.6,38.6,Wire Transfer,5
ORD-2024-10027,2025-11-06,2025-11-08,2025,Q4,November,11,First Class,CUST-1024,Avery White,Consumer,Germany,Europe,Bavaria,Munich,PROD-FUR-104,Furniture,Bookcases,Solid Wood Library Cabinet,1,450,720,720,0.1,72.0,648.0,450,198.0,30.56,Credit Card,2
ORD-2026-10896,2025-11-06,2025-11-07,2025,Q4,November,11,Standard Class,CUST-1028,Chloe Ramirez,Corporate,United States,North America,Illinois,Chicago,PROD-TEC-143,Technology,Accessories,Dell 4K UltraSharp Monitor,3,340,489,1467,0.05,73.35,1393.65,1020,373.65,26.81,Wire Transfer,5
ORD-2026-12666,2025-11-06,2025-11-09,2025,Q4,November,11,Standard Class,CUST-1027,Samuel Clark,Home Office,Germany,Europe,Bavaria,Munich,PROD-FUR-151,Furniture,Tables,Modular Team Workstation,4,640,990,3960,0.0,0.0,3960.0,2560,1400.0,35.35,Credit Card,5
ORD-2025-11786,2025-11-06,2025-11-09,2025,Q4,November,11,Second Class,CUST-1015,Daniel Anderson,Consumer,Canada,North America,British Columbia,Vancouver,PROD-TEC-155,Technology,Laptops,HP Spectre x360,2,920,1250,2500,0.05,125.0,2375.0,1840,535.0,22.53,Credit Card,4
ORD-2025-12518,2025-11-07,2025-11-11,2025,Q4,November,11,First Class,CUST-1007,Lucas Miller,Corporate,India,Asia Pacific,Maharashtra,Mumbai,PROD-TEC-162,Technology,Phones,Google Pixel 8,3,540,699,2097,0.1,209.7,1887.3,1620,267.3,14.16,PayPal,4
ORD-2025-10475,2025-11-08,2025-11-10,2025,Q4,November,11,Standard Class,CUST-1002,Olivia Smith,Home Office,United States,North America,Illinois,Chicago,PROD-TEC-169,Technology,Phones,iPhone 15 Pro,2,850,1099,2198,0.0,0.0,2198.0,1700,498.0,22.66,PayPal,4
ORD-2026-13188,2025-11-08,2025-11-11,2025,Q4,November,11,Standard Class,CUST-1025,David Harris,Corporate,India,Asia Pacific,Maharashtra,Mumbai,PROD-TEC-143,Technology,Laptops,Dell XPS 15,1,1100,1450,1450,0.0,0.0,1450.0,1100,350.0,24.14,Credit Card,5
ORD-2026-12522,2025-11-08,2025-11-10,2025,Q4,November,11,Standard Class,CUST-1016,Evelyn Thomas,Consumer,India,Asia Pacific,Maharashtra,Mumbai,PROD-FUR-147,Furniture,Tables,Smart Motorized Standing Desk,4,320,560,2240,0.05,112.0,2128.0,1280,848.0,39.85,Credit Card,2
ORD-2025-11978,2025-11-08,2025-11-11,2025,Q4,November,11,Same Day,CUST-1007,Lucas Miller,Corporate,Canada,North America,British Columbia,Vancouver,PROD-FUR-154,Furniture,Chairs,Executive Leather Recliner,3,260,420,1260,0.05,63.0,1197.0,780,417.0,34.84,Credit Card,5
ORD-2026-13458,2025-11-08,2025-11-13,2025,Q4,November,11,Standard Class,CUST-1023,Jack Thompson,Corporate,Canada,North America,British Columbia,Vancouver,PROD-TEC-113,Technology,Phones,OnePlus 12,1,480,649,649,0.0,0.0,649.0,480,169.0,26.04,PayPal,5
ORD-2024-13249,2025-11-08,2025-11-11,2025,Q4,November,11,Standard Class,CUST-1018,Abigail Moore,Home Office,United States,North America,California,Los Angeles,PROD-OFF-142,Office Supplies,Appliances,Heavy Duty Cross-Cut Shredder,2,90,165,330,0.05,16.5,313.5,180,133.5,42.58,Wire Transfer,4
ORD-2024-10150,2025-11-08,2025-11-10,2025,Q4,November,11,First Class,CUST-1003,Noah Williams,Consumer,France,Europe,Île-de-France,Paris,PROD-TEC-197,Technology,Phones,iPhone 15 Pro,1,850,1099,1099,0.0,0.0,1099.0,850,249.0,22.66,Wire Transfer,5
ORD-2026-13383,2025-11-08,2025-11-11,2025,Q4,November,11,Standard Class,CUST-1012,Amelia Lopez,Consumer,Germany,Europe,Berlin,Berlin,PROD-FUR-178,Furniture,Chairs,Steelcase Gesture Chair,2,820,1250,2500,0.0,0.0,2500.0,1640,860.0,34.4,Credit Card,4
ORD-2025-10487,2025-11-09,2025-11-10,2025,Q4,November,11,First Class,CUST-1021,Sebastian Lee,Consumer,Germany,Europe,Berlin,Berlin,PROD-FUR-188,Furniture,Bookcases,Solid Wood Library Cabinet,1,450,720,720,0.1,72.0,648.0,450,198.0,30.56,PayPal,5
ORD-2024-12190,2025-11-09,2025-11-11,2025,Q4,November,11,First Class,CUST-1014,Harper Wilson,Home Office,Singapore,Asia Pacific,Central,Singapore,PROD-OFF-151,Office Supplies,Storage,Heavy Duty 4-Drawer File Cabinet,3,130,220,660,0.0,0.0,660.0,390,270.0,40.91,Credit Card,4
ORD-2026-13062,2025-11-10,2025-11-12,2025,Q4,November,11,Standard Class,CUST-1029,Joseph Lewis,Corporate,Germany,Europe,Bavaria,Munich,PROD-OFF-116,Office Supplies,Storage,Heavy Duty 4-Drawer File Cabinet,5,130,220,1100,0.2,220.0,880.0,650,230.0,26.14,Credit Card,5
ORD-2026-12153,2025-11-10,2025-11-13,2025,Q4,November,11,Second Class,CUST-1021,Sebastian Lee,Corporate,United States,North America,New York,New York,PROD-FUR-193,Furniture,Chairs,Steelcase Gesture Chair,1,820,1250,1250,0.0,0.0,1250.0,820,430.0,34.4,Direct Debit,4
ORD-2024-10957,2025-11-10,2025-11-15,2025,Q4,November,11,Standard Class,CUST-1001,Liam Johnson,Consumer,United States,North America,Texas,Houston,PROD-FUR-157,Furniture,Chairs,Steelcase Gesture Chair,3,820,1250,3750,0.0,0.0,3750.0,2460,1290.0,34.4,PayPal,1
ORD-2024-10822,2025-11-11,2025-11-15,2025,Q4,November,11,Second Class,CUST-1002,Olivia Smith,Consumer,Australia,Asia Pacific,New South Wales,Sydney,PROD-FUR-157,Furniture,Chairs,Ergonomic Mesh Task Chair,1,160,289,289,0.05,14.45,274.55,160,114.55,41.72,Wire Transfer,5
ORD-2024-11344,2025-11-11,2025-11-14,2025,Q4,November,11,Standard Class,CUST-1023,Jack Thompson,Home Office,United States,North America,Texas,Houston,PROD-TEC-128,Technology,Accessories,Dell 4K UltraSharp Monitor,2,340,489,978,0.0,0.0,978.0,680,298.0,30.47,Credit Card,3
ORD-2026-11685,2025-11-11,2025-11-14,2025,Q4,November,11,Standard Class,CUST-1026,Ella Sanchez,Home Office,Japan,Asia Pacific,Kanto,Tokyo,PROD-TEC-186,Technology,Laptops,ThinkPad X1 Carbon,2,1050,1399,2798,0.05,139.9,2658.1,2100,558.1,21.0,Credit Card,4
ORD-2024-12250,2025-11-12,2025-11-16,2025,Q4,November,11,Standard Class,CUST-1021,Sebastian Lee,Consumer,United States,North America,Illinois,Chicago,PROD-TEC-126,Technology,Phones,OnePlus 12,3,480,649,1947,0.1,194.7,1752.3,1440,312.3,17.82,Wire Transfer,5
ORD-2025-11201,2025-11-12,2025-11-16,2025,Q4,November,11,Standard Class,CUST-1024,Avery White,Corporate,United States,North America,New York,New York,PROD-TEC-181,Technology,Accessories,Anker USB-C Docking Hub,2,45,79,158,0.15,23.7,134.3,90,44.3,32.99,PayPal,4
ORD-2025-13100,2025-11-12,2025-11-15,2025,Q4,November,11,Standard Class,CUST-1006,Isabella Garcia,Consumer,Canada,North America,Ontario,Toronto,PROD-TEC-176,Technology,Phones,iPhone 15 Pro,4,850,1099,4396,0.05,219.8,4176.2,3400,776.2,18.59,Credit Card,1
ORD-2024-13261,2025-11-12,2025-11-16,2025,Q4,November,11,Second Class,CUST-1009,Benjamin Rodriguez,Consumer,Germany,Europe,Bavaria,Munich,PROD-OFF-112,Office Supplies,Paper,Executive Recycled Notepad Pack,1,12,24,24,0.0,0.0,24.0,12,12.0,50.0,Credit Card,4
ORD-2025-10604,2025-11-12,2025-11-14,2025,Q4,November,11,Standard Class,CUST-1021,Sebastian Lee,Consumer,Canada,North America,Ontario,Toronto,PROD-OFF-115,Office Supplies,Storage,Heavy Duty 4-Drawer File Cabinet,4,130,220,880,0.05,44.0,836.0,520,316.0,37.8,Direct Debit,5
ORD-2026-10974,2025-11-12,2025-11-17,2025,Q4,November,11,Standard Class,CUST-1010,Charlotte Martinez,Corporate,United Kingdom,Europe,England,Manchester,PROD-TEC-154,Technology,Laptops,Dell XPS 15,2,1100,1450,2900,0.15,435.0,2465.0,2200,265.0,10.75,Wire Transfer,5
ORD-2024-11608,2025-11-13,2025-11-15,2025,Q4,November,11,Second Class,CUST-1026,Ella Sanchez,Consumer,United States,North America,New York,New York,PROD-FUR-141,Furniture,Chairs,Steelcase Gesture Chair,5,820,1250,6250,0.1,625.0,5625.0,4100,1525.0,27.11,Credit Card,5
ORD-2024-10450,2025-11-13,2025-11-15,2025,Q4,November,11,First Class,CUST-1011,Elijah Hernandez,Consumer,United States,North America,Illinois,Chicago,PROD-TEC-128,Technology,Laptops,MacBook Air M3,3,890,1199,3597,0.0,0.0,3597.0,2670,927.0,25.77,Direct Debit,4
ORD-2024-11350,2025-11-13,2025-11-16,2025,Q4,November,11,Second Class,CUST-1003,Noah Williams,Consumer,United Kingdom,Europe,England,Manchester,PROD-TEC-197,Technology,Phones,Samsung Galaxy S24,3,720,950,2850,0.1,285.0,2565.0,2160,405.0,15.79,Wire Transfer,5
ORD-2025-10415,2025-11-14,2025-11-16,2025,Q4,November,11,Standard Class,CUST-1002,Olivia Smith,Consumer,United States,North America,Texas,Houston,PROD-TEC-134,Technology,Phones,Google Pixel 8,1,540,699,699,0.0,0.0,699.0,540,159.0,22.75,Direct Debit,5
ORD-2024-12835,2025-11-14,2025-11-16,2025,Q4,November,11,Second Class,CUST-1025,David Harris,Corporate,India,Asia Pacific,Maharashtra,Mumbai,PROD-FUR-199,Furniture,Chairs,Herman Miller Aeron Chair,1,750,1195,1195,0.0,0.0,1195.0,750,445.0,37.24,Credit Card,4
ORD-2024-11671,2025-11-14,2025-11-17,2025,Q4,November,11,Standard Class,CUST-1002,Olivia Smith,Corporate,Japan,Asia Pacific,Kanto,Tokyo,PROD-TEC-184,Technology,Accessories,Anker USB-C Docking Hub,4,45,79,316,0.0,0.0,316.0,180,136.0,43.04,PayPal,4
ORD-2025-12734,2025-11-14,2025-11-16,2025,Q4,November,11,Second Class,CUST-1029,Joseph Lewis,Consumer,Canada,North America,British Columbia,Vancouver,PROD-TEC-146,Technology,Accessories,Bose QuietComfort Headphones,3,180,279,837,0.0,0.0,837.0,540,297.0,35.48,PayPal,4
ORD-2024-11329,2025-11-14,2025-11-17,2025,Q4,November,11,Second Class,CUST-1007,Lucas Miller,Corporate,United States,North America,Texas,Houston,PROD-OFF-140,Office Supplies,Paper,Heavyweight Cardstock Reams,1,16,32,32,0.1,3.2,28.8,16,12.8,44.44,Wire Transfer,5
ORD-2026-10911,2025-11-14,2025-11-17,2025,Q4,November,11,Second Class,CUST-1025,David Harris,Corporate,United States,North America,New York,New York,PROD-TEC-175,Technology,Phones,Google Pixel 8,3,540,699,2097,0.15,314.55,1782.45,1620,162.45,9.11,Credit Card,5
ORD-2026-13218,2025-11-15,2025-11-18,2025,Q4,November,11,Second Class,CUST-1000,Emma Watson,Consumer,United Kingdom,Europe,England,London,PROD-OFF-183,Office Supplies,Paper,Executive Recycled Notepad Pack,6,12,24,144,0.15,21.6,122.4,72,50.4,41.18,PayPal,4
ORD-2025-12512,2025-11-15,2025-11-18,2025,Q4,November,11,Standard Class,CUST-1006,Isabella Garcia,Home Office,Japan,Asia Pacific,Kanto,Tokyo,PROD-TEC-124,Technology,Laptops,HP Spectre x360,8,920,1250,10000,0.1,1000.0,9000.0,7360,1640.0,18.22,Credit Card,5
ORD-2026-12366,2025-11-15,2025-11-16,2025,Q4,November,11,Standard Class,CUST-1028,Chloe Ramirez,Corporate,Germany,Europe,Berlin,Berlin,PROD-FUR-105,Furniture,Chairs,Herman Miller Aeron Chair,2,750,1195,2390,0.1,239.0,2151.0,1500,651.0,30.26,Wire Transfer,4
ORD-2025-10091,2025-11-15,2025-11-16,2025,Q4,November,11,First Class,CUST-1001,Liam Johnson,Consumer,United Kingdom,Europe,England,London,PROD-OFF-174,Office Supplies,Appliances,Smart Office Air Purifier Pro,2,140,249,498,0.05,24.9,473.1,280,193.1,40.82,Credit Card,5
ORD-2026-12828,2025-11-16,2025-11-19,2025,Q4,November,11,Second Class,CUST-1011,Elijah Hernandez,Home Office,United States,North America,California,Los Angeles,PROD-TEC-104,Technology,Accessories,Logitech MX Master 3S,3,55,99,297,0.1,29.7,267.3,165,102.3,38.27,PayPal,5
ORD-2024-11800,2025-11-16,2025-11-17,2025,Q4,November,11,First Class,CUST-1022,Elizabeth Perez,Home Office,United Kingdom,Europe,England,Manchester,PROD-TEC-112,Technology,Laptops,MacBook Air M3,2,890,1199,2398,0.05,119.9,2278.1,1780,498.1,21.86,PayPal,5
ORD-2024-12481,2025-11-16,2025-11-19,2025,Q4,November,11,First Class,CUST-1005,James Jones,Corporate,United States,North America,New York,New York,PROD-OFF-106,Office Supplies,Paper,Heavyweight Cardstock Reams,5,16,32,160,0.15,24.0,136.0,80,56.0,41.18,Wire Transfer,4
ORD-2026-11346,2025-11-16,2025-11-20,2025,Q4,November,11,Same Day,CUST-1024,Avery White,Consumer,United Kingdom,Europe,England,Manchester,PROD-TEC-129,Technology,Accessories,Logitech MX Master 3S,4,55,99,396,0.0,0.0,396.0,220,176.0,44.44,Wire Transfer,5
ORD-2024-11971,2025-11-16,2025-11-20,2025,Q4,November,11,Standard Class,CUST-1018,Abigail Moore,Home Office,Japan,Asia Pacific,Kanto,Tokyo,PROD-TEC-155,Technology,Accessories,Anker USB-C Docking Hub,6,45,79,474,0.1,47.4,426.6,270,156.6,36.71,PayPal,4
ORD-2026-10026,2025-11-16,2025-11-20,2025,Q4,November,11,Standard Class,CUST-1025,David Harris,Corporate,United States,North America,New York,New York,PROD-OFF-159,Office Supplies,Storage,Heavy Duty 4-Drawer File Cabinet,2,130,220,440,0.1,44.0,396.0,260,136.0,34.34,PayPal,5
ORD-2024-11152,2025-11-16,2025-11-19,2025,Q4,November,11,Standard Class,CUST-1011,Elijah Hernandez,Consumer,United States,North America,Texas,Houston,PROD-TEC-140,Technology,Accessories,Dell 4K UltraSharp Monitor,1,340,489,489,0.0,0.0,489.0,340,149.0,30.47,Direct Debit,3
ORD-2025-10616,2025-11-17,2025-11-19,2025,Q4,November,11,Standard Class,CUST-1023,Jack Thompson,Consumer,Australia,Asia Pacific,Victoria,Melbourne,PROD-OFF-109,Office Supplies,Appliances,Heavy Duty Cross-Cut Shredder,3,90,165,495,0.0,0.0,495.0,270,225.0,45.45,PayPal,4
ORD-2026-10005,2025-11-17,2025-11-22,2025,Q4,November,11,Second Class,CUST-1019,Henry Jackson,Corporate,United Kingdom,Europe,England,Manchester,PROD-TEC-182,Technology,Laptops,ThinkPad X1 Carbon,3,1050,1399,4197,0.0,0.0,4197.0,3150,1047.0,24.95,Credit Card,4
ORD-2024-11980,2025-11-18,2025-11-22,2025,Q4,November,11,Second Class,CUST-1025,David Harris,Consumer,Germany,Europe,Bavaria,Munich,PROD-TEC-152,Technology,Accessories,Logitech MX Master 3S,1,55,99,99,0.05,4.95,94.05,55,39.05,41.52,Wire Transfer,5
ORD-2026-13308,2025-11-18,2025-11-21,2025,Q4,November,11,Standard Class,CUST-1000,Emma Watson,Corporate,United States,North America,New York,New York,PROD-TEC-171,Technology,Laptops,HP Spectre x360,2,920,1250,2500,0.0,0.0,2500.0,1840,660.0,26.4,Credit Card,5
ORD-2026-10020,2025-11-18,2025-11-21,2025,Q4,November,11,First Class,CUST-1029,Joseph Lewis,Consumer,France,Europe,Île-de-France,Paris,PROD-OFF-128,Office Supplies,Storage,Locking Security Storage Box,2,65,115,230,0.0,0.0,230.0,130,100.0,43.48,Credit Card,5
ORD-2025-10484,2025-11-18,2025-11-19,2025,Q4,November,11,Same Day,CUST-1023,Jack Thompson,Home Office,Canada,North America,Ontario,Toronto,PROD-FUR-164,Furniture,Chairs,Steelcase Gesture Chair,5,820,1250,6250,0.1,625.0,5625.0,4100,1525.0,27.11,Credit Card,4
ORD-2025-10958,2025-11-18,2025-11-22,2025,Q4,November,11,Same Day,CUST-1028,Chloe Ramirez,Consumer,Canada,North America,Ontario,Toronto,PROD-TEC-115,Technology,Laptops,Dell XPS 15,10,1100,1450,14500,0.15,2175.0,12325.0,11000,1325.0,10.75,Wire Transfer,2
ORD-2026-12252,2025-11-19,2025-11-21,2025,Q4,November,11,Standard Class,CUST-1022,Elizabeth Perez,Consumer,United States,North America,New York,New York,PROD-FUR-145,Furniture,Tables,Coffee Break Lounge Table,4,120,210,840,0.05,42.0,798.0,480,318.0,39.85,Wire Transfer,4
ORD-2026-13314,2025-11-19,2025-11-24,2025,Q4,November,11,Second Class,CUST-1019,Henry Jackson,Corporate,India,Asia Pacific,Karnataka,Bangalore,PROD-OFF-199,Office Supplies,Appliances,Smart Office Air Purifier Pro,1,140,249,249,0.1,24.9,224.1,140,84.1,37.53,Wire Transfer,5
ORD-2026-12861,2025-11-20,2025-11-22,2025,Q4,November,11,Standard Class,CUST-1007,Lucas Miller,Consumer,Canada,North America,Ontario,Toronto,PROD-FUR-136,Furniture,Tables,Smart Motorized Standing Desk,4,320,560,2240,0.0,0.0,2240.0,1280,960.0,42.86,Credit Card,5
ORD-2025-10208,2025-11-20,2025-11-22,2025,Q4,November,11,First Class,CUST-1001,Liam Johnson,Home Office,United States,North America,Texas,Houston,PROD-OFF-112,Office Supplies,Paper,Heavyweight Cardstock Reams,3,16,32,96,0.0,0.0,96.0,48,48.0,50.0,Credit Card,4
ORD-2024-13024,2025-11-20,2025-11-22,2025,Q4,November,11,Same Day,CUST-1016,Evelyn Thomas,Corporate,Australia,Asia Pacific,New South Wales,Sydney,PROD-OFF-152,Office Supplies,Storage,Heavy Duty 4-Drawer File Cabinet,5,130,220,1100,0.1,110.0,990.0,650,340.0,34.34,Credit Card,3
ORD-2025-12869,2025-11-20,2025-11-23,2025,Q4,November,11,Standard Class,CUST-1001,Liam Johnson,Consumer,United States,North America,New York,New York,PROD-OFF-127,Office Supplies,Appliances,Commercial Espresso Barista Machine,2,620,950,1900,0.0,0.0,1900.0,1240,660.0,34.74,Direct Debit,5
ORD-2025-13322,2025-11-20,2025-11-21,2025,Q4,November,11,Standard Class,CUST-1021,Sebastian Lee,Corporate,Mexico,Latin America,Jalisco,Guadalajara,PROD-TEC-197,Technology,Laptops,Dell XPS 15,2,1100,1450,2900,0.1,290.0,2610.0,2200,410.0,15.71,Credit Card,3
ORD-2024-13234,2025-11-21,2025-11-24,2025,Q4,November,11,Standard Class,CUST-1028,Chloe Ramirez,Consumer,United Kingdom,Europe,England,London,PROD-OFF-165,Office Supplies,Paper,Executive Recycled Notepad Pack,10,12,24,240,0.1,24.0,216.0,120,96.0,44.44,PayPal,5
ORD-2026-10683,2025-11-21,2025-11-24,2025,Q4,November,11,Second Class,CUST-1003,Noah Williams,Corporate,Japan,Asia Pacific,Kanto,Tokyo,PROD-FUR-176,Furniture,Tables,Coffee Break Lounge Table,5,120,210,1050,0.1,105.0,945.0,600,345.0,36.51,Credit Card,4
ORD-2024-10696,2025-11-21,2025-11-24,2025,Q4,November,11,Standard Class,CUST-1014,Harper Wilson,Home Office,Singapore,Asia Pacific,Central,Singapore,PROD-FUR-105,Furniture,Bookcases,Modern 5-Tier Industrial Bookshelf,1,110,195,195,0.1,19.5,175.5,110,65.5,37.32,Credit Card,5
ORD-2024-10438,2025-11-21,2025-11-22,2025,Q4,November,11,Standard Class,CUST-1014,Harper Wilson,Corporate,United States,North America,California,Los Angeles,PROD-FUR-172,Furniture,Bookcases,Modern 5-Tier Industrial Bookshelf,3,110,195,585,0.0,0.0,585.0,330,255.0,43.59,Direct Debit,5
ORD-2026-12174,2025-11-21,2025-11-24,2025,Q4,November,11,Standard Class,CUST-1028,Chloe Ramirez,Consumer,Australia,Asia Pacific,New South Wales,Sydney,PROD-TEC-127,Technology,Phones,iPhone 15 Pro,5,850,1099,5495,0.2,1099.0,4396.0,4250,146.0,3.32,Wire Transfer,1
ORD-2025-10019,2025-11-22,2025-11-25,2025,Q4,November,11,Same Day,CUST-1018,Abigail Moore,Consumer,France,Europe,Île-de-France,Paris,PROD-TEC-134,Technology,Accessories,Dell 4K UltraSharp Monitor,1,340,489,489,0.05,24.45,464.55,340,124.55,26.81,Credit Card,5
ORD-2026-13488,2025-11-22,2025-11-26,2025,Q4,November,11,Standard Class,CUST-1025,David Harris,Home Office,United States,North America,California,Los Angeles,PROD-OFF-152,Office Supplies,Appliances,Commercial Espresso Barista Machine,10,620,950,9500,0.15,1425.0,8075.0,6200,1875.0,23.22,Direct Debit,4
ORD-2026-10473,2025-11-22,2025-11-25,2025,Q4,November,11,Standard Class,CUST-1015,Daniel Anderson,Consumer,India,Asia Pacific,Karnataka,Bangalore,PROD-TEC-176,Technology,Laptops,HP Spectre x360,8,920,1250,10000,0.15,1500.0,8500.0,7360,1140.0,13.41,Credit Card,1
ORD-2024-12169,2025-11-22,2025-11-26,2025,Q4,November,11,Second Class,CUST-1024,Avery White,Home Office,United States,North America,Texas,Houston,PROD-FUR-139,Furniture,Chairs,Steelcase Gesture Chair,2,820,1250,2500,0.1,250.0,2250.0,1640,610.0,27.11,Credit Card,3
ORD-2026-11901,2025-11-22,2025-11-24,2025,Q4,November,11,Standard Class,CUST-1012,Amelia Lopez,Consumer,United States,North America,New York,New York,PROD-FUR-163,Furniture,Bookcases,Glass Display Credenza,4,310,520,2080,0.0,0.0,2080.0,1240,840.0,40.38,Wire Transfer,4
ORD-2024-10837,2025-11-22,2025-11-23,2025,Q4,November,11,Same Day,CUST-1013,Alexander Gonzalez,Consumer,Canada,North America,Ontario,Toronto,PROD-OFF-145,Office Supplies,Paper,Premium Multipurpose Laser Paper 5000ct,3,28,48,144,0.0,0.0,144.0,84,60.0,41.67,PayPal,4
ORD-2026-11325,2025-11-22,2025-11-24,2025,Q4,November,11,Standard Class,CUST-1018,Abigail Moore,Corporate,Australia,Asia Pacific,Victoria,Melbourne,PROD-FUR-126,Furniture,Bookcases,Solid Wood Library Cabinet,2,450,720,1440,0.0,0.0,1440.0,900,540.0,37.5,Credit Card,5
ORD-2024-11701,2025-11-22,2025-11-26,2025,Q4,November,11,Standard Class,CUST-1023,Jack Thompson,Consumer,United States,North America,California,Los Angeles,PROD-TEC-105,Technology,Laptops,HP Spectre x360,1,920,1250,1250,0.0,0.0,1250.0,920,330.0,26.4,Credit Card,4
ORD-2024-12109,2025-11-23,2025-11-25,2025,Q4,November,11,Second Class,CUST-1002,Olivia Smith,Consumer,United States,North America,California,Los Angeles,PROD-OFF-188,Office Supplies,Paper,Executive Recycled Notepad Pack,2,12,24,48,0.0,0.0,48.0,24,24.0,50.0,Credit Card,5
ORD-2024-12898,2025-11-23,2025-11-26,2025,Q4,November,11,Standard Class,CUST-1008,Mia Davis,Consumer,United Kingdom,Europe,England,Manchester,PROD-OFF-148,Office Supplies,Paper,Premium Multipurpose Laser Paper 5000ct,3,28,48,144,0.0,0.0,144.0,84,60.0,41.67,Wire Transfer,4
ORD-2024-12184,2025-11-24,2025-11-29,2025,Q4,November,11,Standard Class,CUST-1001,Liam Johnson,Consumer,Canada,North America,Ontario,Toronto,PROD-FUR-111,Furniture,Chairs,Herman Miller Aeron Chair,1,750,1195,1195,0.05,59.75,1135.25,750,385.25,33.94,Credit Card,2
ORD-2026-12876,2025-11-24,2025-11-26,2025,Q4,November,11,Same Day,CUST-1010,Charlotte Martinez,Corporate,Brazil,Latin America,São Paulo,São Paulo,PROD-FUR-132,Furniture,Bookcases,Glass Display Credenza,1,310,520,520,0.15,78.0,442.0,310,132.0,29.86,Credit Card,2
ORD-2026-10641,2025-11-24,2025-11-27,2025,Q4,November,11,Standard Class,CUST-1019,Henry Jackson,Consumer,Japan,Asia Pacific,Kanto,Tokyo,PROD-FUR-196,Furniture,Bookcases,Glass Display Credenza,2,310,520,1040,0.1,104.0,936.0,620,316.0,33.76,Wire Transfer,3
ORD-2024-12124,2025-11-24,2025-11-28,2025,Q4,November,11,Second Class,CUST-1001,Liam Johnson,Home Office,United Kingdom,Europe,England,London,PROD-OFF-150,Office Supplies,Paper,Heavyweight Cardstock Reams,1,16,32,32,0.1,3.2,28.8,16,12.8,44.44,Wire Transfer,5
ORD-2026-10593,2025-11-25,2025-11-29,2025,Q4,November,11,Standard Class,CUST-1005,James Jones,Corporate,Australia,Asia Pacific,Victoria,Melbourne,PROD-OFF-109,Office Supplies,Appliances,Smart Office Air Purifier Pro,2,140,249,498,0.05,24.9,473.1,280,193.1,40.82,Wire Transfer,5
ORD-2025-12467,2025-11-26,2025-12-01,2025,Q4,November,11,Standard Class,CUST-1024,Avery White,Corporate,United Kingdom,Europe,England,London,PROD-OFF-152,Office Supplies,Storage,Rolling Mobile Utility Cart,1,45,85,85,0.05,4.25,80.75,45,35.75,44.27,Wire Transfer,5
ORD-2026-11613,2025-11-26,2025-11-29,2025,Q4,November,11,Second Class,CUST-1017,Matthew Taylor,Home Office,Singapore,Asia Pacific,Central,Singapore,PROD-OFF-111,Office Supplies,Paper,Premium Multipurpose Laser Paper 5000ct,1,28,48,48,0.05,2.4,45.6,28,17.6,38.6,Direct Debit,4
ORD-2026-10467,2025-11-26,2025-11-27,2025,Q4,November,11,Second Class,CUST-1021,Sebastian Lee,Consumer,France,Europe,Auvergne-Rhône-Alpes,Lyon,PROD-FUR-151,Furniture,Chairs,Ergonomic Mesh Task Chair,2,160,289,578,0.0,0.0,578.0,320,258.0,44.64,Credit Card,3
ORD-2025-13142,2025-11-26,2025-11-29,2025,Q4,November,11,First Class,CUST-1026,Ella Sanchez,Corporate,Australia,Asia Pacific,New South Wales,Sydney,PROD-OFF-164,Office Supplies,Appliances,Smart Office Air Purifier Pro,3,140,249,747,0.0,0.0,747.0,420,327.0,43.78,Wire Transfer,5
ORD-2026-13026,2025-11-26,2025-11-29,2025,Q4,November,11,First Class,CUST-1015,Daniel Anderson,Corporate,Singapore,Asia Pacific,Central,Singapore,PROD-TEC-117,Technology,Laptops,HP Spectre x360,1,920,1250,1250,0.05,62.5,1187.5,920,267.5,22.53,Credit Card,5
ORD-2025-11159,2025-11-26,2025-11-28,2025,Q4,November,11,Second Class,CUST-1017,Matthew Taylor,Home Office,Mexico,Latin America,Federal District,Mexico City,PROD-FUR-167,Furniture,Chairs,Herman Miller Aeron Chair,3,750,1195,3585,0.1,358.5,3226.5,2250,976.5,30.26,Credit Card,4
ORD-2025-13196,2025-11-26,2025-11-29,2025,Q4,November,11,Standard Class,CUST-1006,Isabella Garcia,Home Office,France,Europe,Île-de-France,Paris,PROD-OFF-146,Office Supplies,Appliances,Smart Office Air Purifier Pro,2,140,249,498,0.05,24.9,473.1,280,193.1,40.82,Credit Card,4
ORD-2025-12473,2025-11-27,2025-11-28,2025,Q4,November,11,Standard Class,CUST-1009,Benjamin Rodriguez,Consumer,United States,North America,Illinois,Chicago,PROD-OFF-148,Office Supplies,Appliances,Smart Office Air Purifier Pro,1,140,249,249,0.05,12.45,236.55,140,96.55,40.82,Credit Card,5
ORD-2026-11169,2025-11-27,2025-11-29,2025,Q4,November,11,Second Class,CUST-1023,Jack Thompson,Home Office,Germany,Europe,Berlin,Berlin,PROD-TEC-152,Technology,Accessories,Bose QuietComfort Headphones,6,180,279,1674,0.1,167.4,1506.6,1080,426.6,28.32,Wire Transfer,5
ORD-2024-10732,2025-11-27,2025-12-01,2025,Q4,November,11,Standard Class,CUST-1005,James Jones,Corporate,Japan,Asia Pacific,Kanto,Tokyo,PROD-TEC-158,Technology,Accessories,Dell 4K UltraSharp Monitor,2,340,489,978,0.0,0.0,978.0,680,298.0,30.47,Wire Transfer,4
ORD-2024-13351,2025-11-28,2025-12-01,2025,Q4,November,11,Standard Class,CUST-1024,Avery White,Consumer,United States,North America,Texas,Houston,PROD-TEC-199,Technology,Laptops,ThinkPad X1 Carbon,1,1050,1399,1399,0.0,0.0,1399.0,1050,349.0,24.95,Credit Card,4
ORD-2026-13056,2025-11-28,2025-12-01,2025,Q4,November,11,Second Class,CUST-1003,Noah Williams,Corporate,Mexico,Latin America,Jalisco,Guadalajara,PROD-FUR-150,Furniture,Bookcases,Glass Display Credenza,3,310,520,1560,0.05,78.0,1482.0,930,552.0,37.25,Credit Card,5
ORD-2025-10175,2025-11-29,2025-11-30,2025,Q4,November,11,Second Class,CUST-1022,Elizabeth Perez,Consumer,Singapore,Asia Pacific,Central,Singapore,PROD-TEC-118,Technology,Laptops,HP Spectre x360,3,920,1250,3750,0.0,0.0,3750.0,2760,990.0,26.4,Wire Transfer,4
ORD-2025-11981,2025-11-29,2025-12-03,2025,Q4,November,11,Standard Class,CUST-1025,David Harris,Corporate,Mexico,Latin America,Jalisco,Guadalajara,PROD-FUR-117,Furniture,Chairs,Steelcase Gesture Chair,2,820,1250,2500,0.05,125.0,2375.0,1640,735.0,30.95,Credit Card,2
ORD-2026-10689,2025-11-29,2025-12-05,2025,Q4,November,11,Standard Class,CUST-1025,David Harris,Consumer,Japan,Asia Pacific,Kanto,Tokyo,PROD-TEC-149,Technology,Phones,Google Pixel 8,1,540,699,699,0.0,0.0,699.0,540,159.0,22.75,Credit Card,5
ORD-2024-10525,2025-11-29,2025-11-30,2025,Q4,November,11,Standard Class,CUST-1000,Emma Watson,Corporate,United Kingdom,Europe,England,London,PROD-TEC-199,Technology,Laptops,HP Spectre x360,1,920,1250,1250,0.0,0.0,1250.0,920,330.0,26.4,PayPal,4
ORD-2024-10648,2025-11-29,2025-12-01,2025,Q4,November,11,Second Class,CUST-1028,Chloe Ramirez,Consumer,Singapore,Asia Pacific,Central,Singapore,PROD-OFF-115,Office Supplies,Paper,Premium Multipurpose Laser Paper 5000ct,6,28,48,288,0.15,43.2,244.8,168,76.8,31.37,Credit Card,5
ORD-2024-10201,2025-11-30,2025-12-03,2025,Q4,November,11,Same Day,CUST-1002,Olivia Smith,Consumer,United States,North America,Illinois,Chicago,PROD-TEC-165,Technology,Phones,OnePlus 12,1,480,649,649,0.05,32.45,616.55,480,136.55,22.15,PayPal,5
ORD-2025-12491,2025-11-30,2025-12-01,2025,Q4,November,11,Standard Class,CUST-1006,Isabella Garcia,Consumer,United Kingdom,Europe,England,Manchester,PROD-FUR-153,Furniture,Chairs,Executive Leather Recliner,5,260,420,2100,0.1,210.0,1890.0,1300,590.0,31.22,Credit Card,4
ORD-2026-13221,2025-11-30,2025-12-05,2025,Q4,November,11,Standard Class,CUST-1005,James Jones,Corporate,Japan,Asia Pacific,Kanto,Tokyo,PROD-TEC-151,Technology,Accessories,Anker USB-C Docking Hub,1,45,79,79,0.1,7.9,71.1,45,26.1,36.71,Direct Debit,5
ORD-2026-10236,2025-11-30,2025-12-06,2025,Q4,November,11,Second Class,CUST-1026,Ella Sanchez,Corporate,Canada,North America,British Columbia,Vancouver,PROD-OFF-150,Office Supplies,Storage,Heavy Duty 4-Drawer File Cabinet,3,130,220,660,0.05,33.0,627.0,390,237.0,37.8,PayPal,5
ORD-2025-12677,2025-12-01,2025-12-04,2025,Q4,December,12,Standard Class,CUST-1024,Avery White,Consumer,United Kingdom,Europe,England,London,PROD-FUR-172,Furniture,Tables,Modular Team Workstation,1,640,990,990,0.0,0.0,990.0,640,350.0,35.35,Credit Card,4
ORD-2024-12865,2025-12-01,2025-12-05,2025,Q4,December,12,Standard Class,CUST-1028,Chloe Ramirez,Consumer,United States,North America,New York,New York,PROD-FUR-147,Furniture,Tables,Modular Team Workstation,3,640,990,2970,0.0,0.0,2970.0,1920,1050.0,35.35,Credit Card,5
ORD-2026-12390,2025-12-02,2025-12-05,2025,Q4,December,12,Standard Class,CUST-1018,Abigail Moore,Consumer,United Kingdom,Europe,England,London,PROD-OFF-190,Office Supplies,Storage,Heavy Duty 4-Drawer File Cabinet,2,130,220,440,0.05,22.0,418.0,260,158.0,37.8,Wire Transfer,4
ORD-2024-12067,2025-12-02,2025-12-03,2025,Q4,December,12,Same Day,CUST-1019,Henry Jackson,Consumer,United States,North America,Texas,Houston,PROD-OFF-129,Office Supplies,Storage,Rolling Mobile Utility Cart,2,45,85,170,0.0,0.0,170.0,90,80.0,47.06,Credit Card,5
ORD-2025-11849,2025-12-02,2025-12-06,2025,Q4,December,12,Second Class,CUST-1016,Evelyn Thomas,Consumer,India,Asia Pacific,Maharashtra,Mumbai,PROD-TEC-169,Technology,Phones,Samsung Galaxy S24,3,720,950,2850,0.05,142.5,2707.5,2160,547.5,20.22,Credit Card,2
ORD-2025-11555,2025-12-02,2025-12-06,2025,Q4,December,12,Standard Class,CUST-1013,Alexander Gonzalez,Home Office,United States,North America,California,Los Angeles,PROD-FUR-102,Furniture,Bookcases,Solid Wood Library Cabinet,1,450,720,720,0.0,0.0,720.0,450,270.0,37.5,Wire Transfer,5
ORD-2025-11942,2025-12-03,2025-12-06,2025,Q4,December,12,Same Day,CUST-1012,Amelia Lopez,Corporate,Brazil,Latin America,Rio de Janeiro,Rio de Janeiro,PROD-FUR-196,Furniture,Tables,Smart Motorized Standing Desk,3,320,560,1680,0.1,168.0,1512.0,960,552.0,36.51,Wire Transfer,5
ORD-2025-12851,2025-12-03,2025-12-06,2025,Q4,December,12,Standard Class,CUST-1019,Henry Jackson,Consumer,United States,North America,Texas,Houston,PROD-FUR-121,Furniture,Bookcases,Solid Wood Library Cabinet,8,450,720,5760,0.2,1152.0,4608.0,3600,1008.0,21.88,PayPal,5
ORD-2025-10577,2025-12-03,2025-12-07,2025,Q4,December,12,Second Class,CUST-1009,Benjamin Rodriguez,Consumer,United States,North America,New York,New York,PROD-OFF-173,Office Supplies,Storage,Rolling Mobile Utility Cart,3,45,85,255,0.05,12.75,242.25,135,107.25,44.27,Wire Transfer,3
ORD-2026-10638,2025-12-04,2025-12-06,2025,Q4,December,12,Standard Class,CUST-1012,Amelia Lopez,Corporate,Canada,North America,British Columbia,Vancouver,PROD-FUR-187,Furniture,Tables,Solid Oak Conference Table,3,980,1480,4440,0.1,444.0,3996.0,2940,1056.0,26.43,Credit Card,1
ORD-2024-13432,2025-12-04,2025-12-06,2025,Q4,December,12,Standard Class,CUST-1007,Lucas Miller,Consumer,Brazil,Latin America,Rio de Janeiro,Rio de Janeiro,PROD-TEC-106,Technology,Laptops,ThinkPad X1 Carbon,1,1050,1399,1399,0.05,69.95,1329.05,1050,279.05,21.0,PayPal,5
ORD-2026-13365,2025-12-04,2025-12-06,2025,Q4,December,12,Standard Class,CUST-1020,Emily Martin,Consumer,Germany,Europe,Berlin,Berlin,PROD-FUR-159,Furniture,Chairs,Steelcase Gesture Chair,2,820,1250,2500,0.05,125.0,2375.0,1640,735.0,30.95,Credit Card,5
ORD-2026-12723,2025-12-04,2025-12-06,2025,Q4,December,12,Standard Class,CUST-1028,Chloe Ramirez,Consumer,Brazil,Latin America,São Paulo,São Paulo,PROD-OFF-103,Office Supplies,Appliances,Heavy Duty Cross-Cut Shredder,1,90,165,165,0.0,0.0,165.0,90,75.0,45.45,Wire Transfer,2
ORD-2024-11926,2025-12-04,2025-12-08,2025,Q4,December,12,Standard Class,CUST-1020,Emily Martin,Consumer,Germany,Europe,Bavaria,Munich,PROD-OFF-119,Office Supplies,Appliances,Smart Office Air Purifier Pro,1,140,249,249,0.0,0.0,249.0,140,109.0,43.78,Credit Card,4
ORD-2025-11975,2025-12-04,2025-12-05,2025,Q4,December,12,Standard Class,CUST-1020,Emily Martin,Corporate,Canada,North America,Ontario,Toronto,PROD-TEC-166,Technology,Accessories,Anker USB-C Docking Hub,2,45,79,158,0.0,0.0,158.0,90,68.0,43.04,PayPal,5
ORD-2025-10388,2025-12-04,2025-12-08,2025,Q4,December,12,Standard Class,CUST-1028,Chloe Ramirez,Consumer,France,Europe,Auvergne-Rhône-Alpes,Lyon,PROD-FUR-182,Furniture,Chairs,Steelcase Gesture Chair,5,820,1250,6250,0.1,625.0,5625.0,4100,1525.0,27.11,Credit Card,5
ORD-2026-12048,2025-12-05,2025-12-07,2025,Q4,December,12,Second Class,CUST-1026,Ella Sanchez,Consumer,Canada,North America,Ontario,Toronto,PROD-FUR-114,Furniture,Chairs,Herman Miller Aeron Chair,1,750,1195,1195,0.05,59.75,1135.25,750,385.25,33.94,Credit Card,5
ORD-2024-11854,2025-12-05,2025-12-08,2025,Q4,December,12,Standard Class,CUST-1004,Sophia Brown,Home Office,United States,North America,Illinois,Chicago,PROD-FUR-198,Furniture,Chairs,Executive Leather Recliner,4,260,420,1680,0.1,168.0,1512.0,1040,472.0,31.22,Credit Card,5
ORD-2025-12749,2025-12-05,2025-12-07,2025,Q4,December,12,Standard Class,CUST-1024,Avery White,Consumer,United States,North America,Texas,Houston,PROD-TEC-199,Technology,Phones,OnePlus 12,2,480,649,1298,0.0,0.0,1298.0,960,338.0,26.04,Credit Card,3
ORD-2025-10715,2025-12-05,2025-12-07,2025,Q4,December,12,Standard Class,CUST-1025,David Harris,Consumer,United States,North America,New York,New York,PROD-TEC-168,Technology,Accessories,Bose QuietComfort Headphones,1,180,279,279,0.0,0.0,279.0,180,99.0,35.48,PayPal,2
ORD-2026-11811,2025-12-05,2025-12-08,2025,Q4,December,12,Standard Class,CUST-1012,Amelia Lopez,Home Office,United States,North America,California,Los Angeles,PROD-FUR-187,Furniture,Bookcases,Glass Display Credenza,5,310,520,2600,0.15,390.0,2210.0,1550,660.0,29.86,Wire Transfer,5
ORD-2026-13161,2025-12-05,2025-12-07,2025,Q4,December,12,First Class,CUST-1021,Sebastian Lee,Consumer,Australia,Asia Pacific,Victoria,Melbourne,PROD-OFF-143,Office Supplies,Appliances,Smart Office Air Purifier Pro,4,140,249,996,0.05,49.8,946.2,560,386.2,40.82,Wire Transfer,3
ORD-2024-10846,2025-12-06,2025-12-08,2025,Q4,December,12,Second Class,CUST-1019,Henry Jackson,Consumer,United States,North America,Illinois,Chicago,PROD-TEC-103,Technology,Laptops,Dell XPS 15,4,1100,1450,5800,0.05,290.0,5510.0,4400,1110.0,20.15,Credit Card,5
ORD-2026-10053,2025-12-06,2025-12-08,2025,Q4,December,12,Standard Class,CUST-1022,Elizabeth Perez,Consumer,Japan,Asia Pacific,Kanto,Tokyo,PROD-FUR-155,Furniture,Tables,Solid Oak Conference Table,1,980,1480,1480,0.0,0.0,1480.0,980,500.0,33.78,Credit Card,5
ORD-2026-12900,2025-12-06,2025-12-09,2025,Q4,December,12,Standard Class,CUST-1019,Henry Jackson,Corporate,Australia,Asia Pacific,New South Wales,Sydney,PROD-TEC-163,Technology,Accessories,Bose QuietComfort Headphones,1,180,279,279,0.05,13.95,265.05,180,85.05,32.09,Wire Transfer,5
ORD-2024-11938,2025-12-06,2025-12-09,2025,Q4,December,12,Standard Class,CUST-1024,Avery White,Corporate,France,Europe,Auvergne-Rhône-Alpes,Lyon,PROD-TEC-192,Technology,Phones,Samsung Galaxy S24,2,720,950,1900,0.0,0.0,1900.0,1440,460.0,24.21,PayPal,5
ORD-2025-12506,2025-12-06,2025-12-09,2025,Q4,December,12,Standard Class,CUST-1028,Chloe Ramirez,Consumer,Germany,Europe,Berlin,Berlin,PROD-FUR-114,Furniture,Chairs,Steelcase Gesture Chair,2,820,1250,2500,0.1,250.0,2250.0,1640,610.0,27.11,Direct Debit,4
ORD-2024-10807,2025-12-07,2025-12-10,2025,Q4,December,12,Standard Class,CUST-1015,Daniel Anderson,Consumer,Germany,Europe,Berlin,Berlin,PROD-FUR-114,Furniture,Tables,Smart Motorized Standing Desk,2,320,560,1120,0.0,0.0,1120.0,640,480.0,42.86,Credit Card,5
ORD-2026-13449,2025-12-07,2025-12-10,2025,Q4,December,12,Standard Class,CUST-1028,Chloe Ramirez,Consumer,Australia,Asia Pacific,Victoria,Melbourne,PROD-TEC-113,Technology,Laptops,MacBook Air M3,2,890,1199,2398,0.1,239.8,2158.2,1780,378.2,17.52,Credit Card,3
ORD-2026-12183,2025-12-07,2025-12-10,2025,Q4,December,12,Standard Class,CUST-1017,Matthew Taylor,Consumer,United Kingdom,Europe,England,London,PROD-TEC-131,Technology,Laptops,Dell XPS 15,3,1100,1450,4350,0.0,0.0,4350.0,3300,1050.0,24.14,Credit Card,3
ORD-2025-11324,2025-12-07,2025-12-08,2025,Q4,December,12,First Class,CUST-1027,Samuel Clark,Corporate,United Kingdom,Europe,England,London,PROD-TEC-148,Technology,Accessories,Dell 4K UltraSharp Monitor,5,340,489,2445,0.15,366.75,2078.25,1700,378.25,18.2,Credit Card,4
ORD-2026-11820,2025-12-07,2025-12-10,2025,Q4,December,12,Standard Class,CUST-1012,Amelia Lopez,Home Office,Mexico,Latin America,Federal District,Mexico City,PROD-OFF-133,Office Supplies,Appliances,Smart Office Air Purifier Pro,1,140,249,249,0.0,0.0,249.0,140,109.0,43.78,Direct Debit,4
ORD-2026-10350,2025-12-07,2025-12-12,2025,Q4,December,12,Standard Class,CUST-1018,Abigail Moore,Home Office,United States,North America,New York,New York,PROD-FUR-134,Furniture,Chairs,Ergonomic Mesh Task Chair,2,160,289,578,0.0,0.0,578.0,320,258.0,44.64,Credit Card,4
ORD-2024-11776,2025-12-08,2025-12-11,2025,Q4,December,12,Second Class,CUST-1020,Emily Martin,Consumer,United States,North America,New York,New York,PROD-OFF-133,Office Supplies,Appliances,Heavy Duty Cross-Cut Shredder,3,90,165,495,0.0,0.0,495.0,270,225.0,45.45,Credit Card,3
ORD-2026-10461,2025-12-08,2025-12-10,2025,Q4,December,12,Standard Class,CUST-1015,Daniel Anderson,Corporate,United States,North America,New York,New York,PROD-TEC-161,Technology,Accessories,Logitech MX Master 3S,1,55,99,99,0.0,0.0,99.0,55,44.0,44.44,Credit Card,4
ORD-2025-13139,2025-12-08,2025-12-11,2025,Q4,December,12,Standard Class,CUST-1010,Charlotte Martinez,Corporate,United States,North America,New York,New York,PROD-FUR-123,Furniture,Bookcases,Modern 5-Tier Industrial Bookshelf,2,110,195,390,0.05,19.5,370.5,220,150.5,40.62,Credit Card,4
ORD-2026-13005,2025-12-09,2025-12-12,2025,Q4,December,12,Standard Class,CUST-1001,Liam Johnson,Consumer,Canada,North America,British Columbia,Vancouver,PROD-OFF-155,Office Supplies,Appliances,Commercial Espresso Barista Machine,3,620,950,2850,0.05,142.5,2707.5,1860,847.5,31.3,Credit Card,5
ORD-2025-10427,2025-12-09,2025-12-11,2025,Q4,December,12,Standard Class,CUST-1002,Olivia Smith,Corporate,Australia,Asia Pacific,Victoria,Melbourne,PROD-FUR-125,Furniture,Bookcases,Modern 5-Tier Industrial Bookshelf,1,110,195,195,0.05,9.75,185.25,110,75.25,40.62,Credit Card,5
ORD-2024-11263,2025-12-09,2025-12-12,2025,Q4,December,12,Standard Class,CUST-1001,Liam Johnson,Home Office,France,Europe,Auvergne-Rhône-Alpes,Lyon,PROD-FUR-162,Furniture,Bookcases,Glass Display Credenza,3,310,520,1560,0.0,0.0,1560.0,930,630.0,40.38,Wire Transfer,4
ORD-2024-12112,2025-12-09,2025-12-12,2025,Q4,December,12,Standard Class,CUST-1028,Chloe Ramirez,Consumer,United States,North America,Illinois,Chicago,PROD-FUR-157,Furniture,Tables,Modular Team Workstation,2,640,990,1980,0.05,99.0,1881.0,1280,601.0,31.95,PayPal,5
ORD-2025-11792,2025-12-09,2025-12-15,2025,Q4,December,12,Standard Class,CUST-1019,Henry Jackson,Home Office,India,Asia Pacific,Maharashtra,Mumbai,PROD-OFF-175,Office Supplies,Appliances,Heavy Duty Cross-Cut Shredder,3,90,165,495,0.0,0.0,495.0,270,225.0,45.45,Credit Card,4
ORD-2026-10377,2025-12-09,2025-12-12,2025,Q4,December,12,Standard Class,CUST-1014,Harper Wilson,Corporate,United States,North America,New York,New York,PROD-TEC-148,Technology,Laptops,ThinkPad X1 Carbon,5,1050,1399,6995,0.2,1399.0,5596.0,5250,346.0,6.18,PayPal,3
ORD-2024-12961,2025-12-10,2025-12-15,2025,Q4,December,12,Standard Class,CUST-1029,Joseph Lewis,Corporate,Australia,Asia Pacific,Victoria,Melbourne,PROD-TEC-136,Technology,Accessories,Logitech MX Master 3S,4,55,99,396,0.0,0.0,396.0,220,176.0,44.44,PayPal,4
ORD-2026-12915,2025-12-10,2025-12-12,2025,Q4,December,12,Standard Class,CUST-1029,Joseph Lewis,Consumer,United States,North America,Illinois,Chicago,PROD-TEC-118,Technology,Laptops,ThinkPad X1 Carbon,3,1050,1399,4197,0.05,209.85,3987.15,3150,837.15,21.0,Credit Card,3
ORD-2025-12488,2025-12-10,2025-12-12,2025,Q4,December,12,Second Class,CUST-1019,Henry Jackson,Corporate,Germany,Europe,Berlin,Berlin,PROD-OFF-174,Office Supplies,Paper,Executive Recycled Notepad Pack,2,12,24,48,0.05,2.4,45.6,24,21.6,47.37,Credit Card,5
ORD-2026-12372,2025-12-10,2025-12-13,2025,Q4,December,12,First Class,CUST-1008,Mia Davis,Corporate,United States,North America,Texas,Houston,PROD-FUR-140,Furniture,Bookcases,Modern 5-Tier Industrial Bookshelf,6,110,195,1170,0.1,117.0,1053.0,660,393.0,37.32,PayPal,5
ORD-2025-13328,2025-12-10,2025-12-14,2025,Q4,December,12,Standard Class,CUST-1026,Ella Sanchez,Consumer,United Kingdom,Europe,England,Manchester,PROD-FUR-158,Furniture,Chairs,Steelcase Gesture Chair,2,820,1250,2500,0.1,250.0,2250.0,1640,610.0,27.11,PayPal,3
ORD-2025-11246,2025-12-11,2025-12-13,2025,Q4,December,12,Standard Class,CUST-1010,Charlotte Martinez,Corporate,United States,North America,New York,New York,PROD-TEC-112,Technology,Laptops,MacBook Air M3,2,890,1199,2398,0.15,359.7,2038.3,1780,258.3,12.67,Wire Transfer,2
ORD-2024-11305,2025-12-11,2025-12-13,2025,Q4,December,12,Standard Class,CUST-1002,Olivia Smith,Consumer,Brazil,Latin America,São Paulo,São Paulo,PROD-FUR-157,Furniture,Chairs,Herman Miller Aeron Chair,1,750,1195,1195,0.05,59.75,1135.25,750,385.25,33.94,PayPal,5
ORD-2024-10210,2025-12-11,2025-12-16,2025,Q4,December,12,Standard Class,CUST-1021,Sebastian Lee,Consumer,Australia,Asia Pacific,Victoria,Melbourne,PROD-TEC-154,Technology,Accessories,Bose QuietComfort Headphones,2,180,279,558,0.0,0.0,558.0,360,198.0,35.48,Direct Debit,4
ORD-2025-10184,2025-12-11,2025-12-13,2025,Q4,December,12,Second Class,CUST-1018,Abigail Moore,Consumer,Canada,North America,British Columbia,Vancouver,PROD-FUR-172,Furniture,Bookcases,Modern 5-Tier Industrial Bookshelf,1,110,195,195,0.0,0.0,195.0,110,85.0,43.59,Credit Card,3
ORD-2026-10953,2025-12-11,2025-12-14,2025,Q4,December,12,Standard Class,CUST-1023,Jack Thompson,Corporate,Singapore,Asia Pacific,Central,Singapore,PROD-FUR-153,Furniture,Chairs,Ergonomic Mesh Task Chair,2,160,289,578,0.0,0.0,578.0,320,258.0,44.64,PayPal,4
ORD-2024-13465,2025-12-11,2025-12-13,2025,Q4,December,12,Standard Class,CUST-1015,Daniel Anderson,Corporate,Germany,Europe,Bavaria,Munich,PROD-FUR-110,Furniture,Tables,Solid Oak Conference Table,1,980,1480,1480,0.05,74.0,1406.0,980,426.0,30.3,Wire Transfer,4
ORD-2026-12621,2025-12-12,2025-12-13,2025,Q4,December,12,Same Day,CUST-1021,Sebastian Lee,Home Office,India,Asia Pacific,Maharashtra,Mumbai,PROD-FUR-179,Furniture,Tables,Solid Oak Conference Table,1,980,1480,1480,0.0,0.0,1480.0,980,500.0,33.78,Credit Card,5
ORD-2026-12690,2025-12-12,2025-12-15,2025,Q4,December,12,Standard Class,CUST-1027,Samuel Clark,Consumer,Canada,North America,Ontario,Toronto,PROD-TEC-112,Technology,Accessories,Dell 4K UltraSharp Monitor,4,340,489,1956,0.05,97.8,1858.2,1360,498.2,26.81,Credit Card,2
ORD-2026-11163,2025-12-12,2025-12-13,2025,Q4,December,12,First Class,CUST-1007,Lucas Miller,Home Office,United States,North America,Texas,Houston,PROD-FUR-124,Furniture,Bookcases,Glass Display Credenza,1,310,520,520,0.05,26.0,494.0,310,184.0,37.25,Credit Card,4
ORD-2024-10192,2025-12-12,2025-12-14,2025,Q4,December,12,Same Day,CUST-1010,Charlotte Martinez,Corporate,Singapore,Asia Pacific,Central,Singapore,PROD-TEC-109,Technology,Laptops,ThinkPad X1 Carbon,4,1050,1399,5596,0.0,0.0,5596.0,4200,1396.0,24.95,Direct Debit,4
ORD-2024-10138,2025-12-13,2025-12-15,2025,Q4,December,12,Second Class,CUST-1007,Lucas Miller,Consumer,France,Europe,Île-de-France,Paris,PROD-TEC-113,Technology,Phones,iPhone 15 Pro,2,850,1099,2198,0.05,109.9,2088.1,1700,388.1,18.59,Credit Card,4
ORD-2024-10513,2025-12-13,2025-12-17,2025,Q4,December,12,Standard Class,CUST-1020,Emily Martin,Consumer,Canada,North America,British Columbia,Vancouver,PROD-OFF-112,Office Supplies,Appliances,Commercial Espresso Barista Machine,2,620,950,1900,0.0,0.0,1900.0,1240,660.0,34.74,Wire Transfer,5
ORD-2025-10277,2025-12-13,2025-12-16,2025,Q4,December,12,First Class,CUST-1012,Amelia Lopez,Consumer,Singapore,Asia Pacific,Central,Singapore,PROD-TEC-102,Technology,Accessories,Logitech MX Master 3S,4,55,99,396,0.0,0.0,396.0,220,176.0,44.44,PayPal,3
ORD-2025-10037,2025-12-13,2025-12-17,2025,Q4,December,12,Standard Class,CUST-1015,Daniel Anderson,Consumer,United States,North America,Texas,Houston,PROD-OFF-196,Office Supplies,Paper,Executive Recycled Notepad Pack,4,12,24,96,0.05,4.8,91.2,48,43.2,47.37,PayPal,5
ORD-2026-11238,2025-12-14,2025-12-17,2025,Q4,December,12,First Class,CUST-1012,Amelia Lopez,Corporate,United Kingdom,Europe,England,London,PROD-TEC-141,Technology,Accessories,Dell 4K UltraSharp Monitor,4,340,489,1956,0.0,0.0,1956.0,1360,596.0,30.47,Credit Card,5
ORD-2026-12171,2025-12-14,2025-12-16,2025,Q4,December,12,First Class,CUST-1010,Charlotte Martinez,Corporate,United States,North America,Illinois,Chicago,PROD-FUR-111,Furniture,Bookcases,Solid Wood Library Cabinet,2,450,720,1440,0.0,0.0,1440.0,900,540.0,37.5,Wire Transfer,4
ORD-2026-11772,2025-12-15,2025-12-18,2025,Q4,December,12,Standard Class,CUST-1020,Emily Martin,Corporate,United States,North America,Illinois,Chicago,PROD-FUR-132,Furniture,Bookcases,Modern 5-Tier Industrial Bookshelf,1,110,195,195,0.05,9.75,185.25,110,75.25,40.62,PayPal,4
ORD-2024-10576,2025-12-15,2025-12-18,2025,Q4,December,12,First Class,CUST-1000,Emma Watson,Consumer,United Kingdom,Europe,England,Manchester,PROD-TEC-164,Technology,Accessories,Logitech MX Master 3S,4,55,99,396,0.05,19.8,376.2,220,156.2,41.52,Credit Card,5
ORD-2026-10752,2025-12-15,2025-12-20,2025,Q4,December,12,Standard Class,CUST-1019,Henry Jackson,Home Office,United States,North America,New York,New York,PROD-OFF-113,Office Supplies,Storage,Heavy Duty 4-Drawer File Cabinet,3,130,220,660,0.0,0.0,660.0,390,270.0,40.91,Wire Transfer,5
ORD-2026-12912,2025-12-15,2025-12-19,2025,Q4,December,12,Standard Class,CUST-1003,Noah Williams,Corporate,Mexico,Latin America,Jalisco,Guadalajara,PROD-FUR-144,Furniture,Chairs,Steelcase Gesture Chair,4,820,1250,5000,0.0,0.0,5000.0,3280,1720.0,34.4,Credit Card,5
ORD-2026-11709,2025-12-15,2025-12-17,2025,Q4,December,12,Standard Class,CUST-1008,Mia Davis,Home Office,Canada,North America,British Columbia,Vancouver,PROD-TEC-127,Technology,Phones,Google Pixel 8,3,540,699,2097,0.05,104.85,1992.15,1620,372.15,18.68,Wire Transfer,5
ORD-2026-13326,2025-12-16,2025-12-19,2025,Q4,December,12,Same Day,CUST-1019,Henry Jackson,Home Office,United Kingdom,Europe,England,London,PROD-FUR-115,Furniture,Bookcases,Glass Display Credenza,4,310,520,2080,0.1,208.0,1872.0,1240,632.0,33.76,Wire Transfer,5
ORD-2024-12166,2025-12-16,2025-12-18,2025,Q4,December,12,First Class,CUST-1016,Evelyn Thomas,Corporate,United States,North America,Illinois,Chicago,PROD-OFF-138,Office Supplies,Appliances,Smart Office Air Purifier Pro,2,140,249,498,0.0,0.0,498.0,280,218.0,43.78,PayPal,4
ORD-2024-10834,2025-12-16,2025-12-19,2025,Q4,December,12,Standard Class,CUST-1014,Harper Wilson,Corporate,Japan,Asia Pacific,Kanto,Tokyo,PROD-TEC-152,Technology,Laptops,Dell XPS 15,4,1100,1450,5800,0.1,580.0,5220.0,4400,820.0,15.71,PayPal,4
ORD-2024-10768,2025-12-16,2025-12-20,2025,Q4,December,12,Same Day,CUST-1000,Emma Watson,Consumer,United States,North America,Illinois,Chicago,PROD-FUR-108,Furniture,Tables,Smart Motorized Standing Desk,1,320,560,560,0.05,28.0,532.0,320,212.0,39.85,Wire Transfer,3
ORD-2024-10486,2025-12-17,2025-12-19,2025,Q4,December,12,Standard Class,CUST-1021,Sebastian Lee,Consumer,United States,North America,California,Los Angeles,PROD-TEC-140,Technology,Accessories,Dell 4K UltraSharp Monitor,1,340,489,489,0.1,48.9,440.1,340,100.1,22.74,Wire Transfer,3
ORD-2025-13472,2025-12-17,2025-12-19,2025,Q4,December,12,Standard Class,CUST-1027,Samuel Clark,Corporate,India,Asia Pacific,Maharashtra,Mumbai,PROD-FUR-166,Furniture,Bookcases,Solid Wood Library Cabinet,6,450,720,4320,0.15,648.0,3672.0,2700,972.0,26.47,Wire Transfer,5
ORD-2024-10273,2025-12-17,2025-12-20,2025,Q4,December,12,First Class,CUST-1017,Matthew Taylor,Home Office,India,Asia Pacific,Karnataka,Bangalore,PROD-FUR-180,Furniture,Chairs,Ergonomic Mesh Task Chair,3,160,289,867,0.05,43.35,823.65,480,343.65,41.72,Direct Debit,5
ORD-2024-11059,2025-12-17,2025-12-20,2025,Q4,December,12,Standard Class,CUST-1009,Benjamin Rodriguez,Consumer,Singapore,Asia Pacific,Central,Singapore,PROD-TEC-146,Technology,Laptops,HP Spectre x360,6,920,1250,7500,0.1,750.0,6750.0,5520,1230.0,18.22,Wire Transfer,4
ORD-2026-12006,2025-12-17,2025-12-21,2025,Q4,December,12,First Class,CUST-1018,Abigail Moore,Consumer,Canada,North America,Ontario,Toronto,PROD-OFF-174,Office Supplies,Paper,Executive Recycled Notepad Pack,2,12,24,48,0.0,0.0,48.0,24,24.0,50.0,Credit Card,5
ORD-2025-13043,2025-12-17,2025-12-22,2025,Q4,December,12,First Class,CUST-1026,Ella Sanchez,Home Office,Brazil,Latin America,Rio de Janeiro,Rio de Janeiro,PROD-TEC-182,Technology,Accessories,Anker USB-C Docking Hub,3,45,79,237,0.05,11.85,225.15,135,90.15,40.04,Credit Card,3
ORD-2024-10927,2025-12-18,2025-12-20,2025,Q4,December,12,Standard Class,CUST-1022,Elizabeth Perez,Consumer,Australia,Asia Pacific,New South Wales,Sydney,PROD-TEC-191,Technology,Laptops,Dell XPS 15,2,1100,1450,2900,0.0,0.0,2900.0,2200,700.0,24.14,Credit Card,5
ORD-2025-11282,2025-12-18,2025-12-21,2025,Q4,December,12,First Class,CUST-1018,Abigail Moore,Corporate,Germany,Europe,Berlin,Berlin,PROD-FUR-173,Furniture,Chairs,Ergonomic Mesh Task Chair,2,160,289,578,0.05,28.9,549.1,320,229.1,41.72,Wire Transfer,5
ORD-2025-11006,2025-12-18,2025-12-22,2025,Q4,December,12,Second Class,CUST-1024,Avery White,Consumer,France,Europe,Île-de-France,Paris,PROD-OFF-104,Office Supplies,Appliances,Smart Office Air Purifier Pro,2,140,249,498,0.1,49.8,448.2,280,168.2,37.53,PayPal,5
ORD-2025-10763,2025-12-19,2025-12-21,2025,Q4,December,12,Standard Class,CUST-1028,Chloe Ramirez,Corporate,Mexico,Latin America,Federal District,Mexico City,PROD-TEC-131,Technology,Laptops,MacBook Air M3,1,890,1199,1199,0.05,59.95,1139.05,890,249.05,21.86,Credit Card,4
ORD-2025-10226,2025-12-19,2025-12-21,2025,Q4,December,12,Same Day,CUST-1018,Abigail Moore,Consumer,France,Europe,Île-de-France,Paris,PROD-TEC-164,Technology,Accessories,Logitech MX Master 3S,1,55,99,99,0.05,4.95,94.05,55,39.05,41.52,Credit Card,1
ORD-2025-11879,2025-12-19,2025-12-20,2025,Q4,December,12,Second Class,CUST-1016,Evelyn Thomas,Consumer,United States,North America,Illinois,Chicago,PROD-FUR-179,Furniture,Tables,Smart Motorized Standing Desk,4,320,560,2240,0.0,0.0,2240.0,1280,960.0,42.86,Credit Card,5
ORD-2025-13220,2025-12-19,2025-12-22,2025,Q4,December,12,Second Class,CUST-1022,Elizabeth Perez,Consumer,United Kingdom,Europe,England,Manchester,PROD-TEC-112,Technology,Accessories,Dell 4K UltraSharp Monitor,2,340,489,978,0.1,97.8,880.2,680,200.2,22.74,Direct Debit,4
ORD-2024-10165,2025-12-20,2025-12-23,2025,Q4,December,12,Standard Class,CUST-1025,David Harris,Consumer,Brazil,Latin America,São Paulo,São Paulo,PROD-OFF-128,Office Supplies,Storage,Heavy Duty 4-Drawer File Cabinet,5,130,220,1100,0.15,165.0,935.0,650,285.0,30.48,Wire Transfer,5
ORD-2024-13360,2025-12-20,2025-12-23,2025,Q4,December,12,Second Class,CUST-1017,Matthew Taylor,Corporate,Canada,North America,British Columbia,Vancouver,PROD-FUR-185,Furniture,Chairs,Steelcase Gesture Chair,1,820,1250,1250,0.0,0.0,1250.0,820,430.0,34.4,Credit Card,5
ORD-2026-13068,2025-12-20,2025-12-23,2025,Q4,December,12,Standard Class,CUST-1000,Emma Watson,Consumer,United States,North America,New York,New York,PROD-TEC-112,Technology,Accessories,Anker USB-C Docking Hub,2,45,79,158,0.0,0.0,158.0,90,68.0,43.04,Wire Transfer,5
ORD-2025-12542,2025-12-20,2025-12-25,2025,Q4,December,12,Standard Class,CUST-1027,Samuel Clark,Consumer,United Kingdom,Europe,England,Manchester,PROD-FUR-133,Furniture,Tables,Modular Team Workstation,2,640,990,1980,0.0,0.0,1980.0,1280,700.0,35.35,Credit Card,5
ORD-2024-11716,2025-12-20,2025-12-24,2025,Q4,December,12,Standard Class,CUST-1026,Ella Sanchez,Consumer,United States,North America,California,Los Angeles,PROD-FUR-181,Furniture,Bookcases,Glass Display Credenza,5,310,520,2600,0.1,260.0,2340.0,1550,790.0,33.76,Credit Card,4
ORD-2026-13284,2025-12-20,2025-12-21,2025,Q4,December,12,Standard Class,CUST-1014,Harper Wilson,Corporate,France,Europe,Île-de-France,Paris,PROD-FUR-185,Furniture,Chairs,Steelcase Gesture Chair,1,820,1250,1250,0.0,0.0,1250.0,820,430.0,34.4,Wire Transfer,5
ORD-2024-11008,2025-12-21,2025-12-23,2025,Q4,December,12,Standard Class,CUST-1000,Emma Watson,Corporate,France,Europe,Auvergne-Rhône-Alpes,Lyon,PROD-OFF-109,Office Supplies,Appliances,Smart Office Air Purifier Pro,2,140,249,498,0.05,24.9,473.1,280,193.1,40.82,Wire Transfer,5
ORD-2026-10551,2025-12-21,2025-12-23,2025,Q4,December,12,Standard Class,CUST-1026,Ella Sanchez,Corporate,United States,North America,Illinois,Chicago,PROD-FUR-171,Furniture,Tables,Solid Oak Conference Table,1,980,1480,1480,0.1,148.0,1332.0,980,352.0,26.43,Wire Transfer,4
ORD-2025-10676,2025-12-21,2025-12-24,2025,Q4,December,12,Second Class,CUST-1013,Alexander Gonzalez,Consumer,Singapore,Asia Pacific,Central,Singapore,PROD-FUR-104,Furniture,Tables,Solid Oak Conference Table,1,980,1480,1480,0.0,0.0,1480.0,980,500.0,33.78,Credit Card,5
ORD-2026-12090,2025-12-21,2025-12-24,2025,Q4,December,12,Standard Class,CUST-1028,Chloe Ramirez,Consumer,United States,North America,California,Los Angeles,PROD-TEC-104,Technology,Laptops,ThinkPad X1 Carbon,3,1050,1399,4197,0.0,0.0,4197.0,3150,1047.0,24.95,Credit Card,5
ORD-2026-10182,2025-12-21,2025-12-22,2025,Q4,December,12,Standard Class,CUST-1027,Samuel Clark,Corporate,United States,North America,California,Los Angeles,PROD-FUR-168,Furniture,Tables,Coffee Break Lounge Table,6,120,210,1260,0.1,126.0,1134.0,720,414.0,36.51,Credit Card,5
ORD-2024-10819,2025-12-22,2025-12-25,2025,Q4,December,12,Same Day,CUST-1026,Ella Sanchez,Consumer,India,Asia Pacific,Maharashtra,Mumbai,PROD-OFF-163,Office Supplies,Appliances,Smart Office Air Purifier Pro,1,140,249,249,0.05,12.45,236.55,140,96.55,40.82,Wire Transfer,5
ORD-2025-10391,2025-12-22,2025-12-25,2025,Q4,December,12,First Class,CUST-1022,Elizabeth Perez,Consumer,United States,North America,Illinois,Chicago,PROD-OFF-169,Office Supplies,Appliances,Heavy Duty Cross-Cut Shredder,1,90,165,165,0.1,16.5,148.5,90,58.5,39.39,PayPal,4
ORD-2026-10965,2025-12-22,2025-12-27,2025,Q4,December,12,First Class,CUST-1005,James Jones,Consumer,Brazil,Latin America,São Paulo,São Paulo,PROD-FUR-127,Furniture,Bookcases,Modern 5-Tier Industrial Bookshelf,1,110,195,195,0.0,0.0,195.0,110,85.0,43.59,Credit Card,5
ORD-2024-11587,2025-12-22,2025-12-25,2025,Q4,December,12,Second Class,CUST-1014,Harper Wilson,Consumer,Mexico,Latin America,Federal District,Mexico City,PROD-TEC-198,Technology,Laptops,Dell XPS 15,5,1100,1450,7250,0.1,725.0,6525.0,5500,1025.0,15.71,Credit Card,5
ORD-2024-12028,2025-12-23,2025-12-26,2025,Q4,December,12,Standard Class,CUST-1011,Elijah Hernandez,Corporate,Canada,North America,Ontario,Toronto,PROD-TEC-130,Technology,Phones,Google Pixel 8,3,540,699,2097,0.05,104.85,1992.15,1620,372.15,18.68,Credit Card,5
ORD-2026-11568,2025-12-23,2025-12-25,2025,Q4,December,12,Standard Class,CUST-1016,Evelyn Thomas,Consumer,United States,North America,Texas,Houston,PROD-FUR-103,Furniture,Bookcases,Modern 5-Tier Industrial Bookshelf,4,110,195,780,0.0,0.0,780.0,440,340.0,43.59,PayPal,3
ORD-2026-11682,2025-12-23,2025-12-26,2025,Q4,December,12,Same Day,CUST-1007,Lucas Miller,Consumer,United States,North America,Texas,Houston,PROD-OFF-109,Office Supplies,Appliances,Smart Office Air Purifier Pro,2,140,249,498,0.05,24.9,473.1,280,193.1,40.82,Credit Card,5
ORD-2025-12548,2025-12-24,2025-12-27,2025,Q4,December,12,Second Class,CUST-1019,Henry Jackson,Consumer,United States,North America,Illinois,Chicago,PROD-OFF-133,Office Supplies,Storage,Rolling Mobile Utility Cart,5,45,85,425,0.1,42.5,382.5,225,157.5,41.18,Credit Card,5
ORD-2024-11860,2025-12-24,2025-12-27,2025,Q4,December,12,Second Class,CUST-1005,James Jones,Consumer,United States,North America,Illinois,Chicago,PROD-FUR-106,Furniture,Tables,Smart Motorized Standing Desk,5,320,560,2800,0.1,280.0,2520.0,1600,920.0,36.51,PayPal,4
ORD-2025-12683,2025-12-25,2025-12-28,2025,Q4,December,12,Same Day,CUST-1024,Avery White,Home Office,Australia,Asia Pacific,Victoria,Melbourne,PROD-FUR-130,Furniture,Tables,Solid Oak Conference Table,2,980,1480,2960,0.0,0.0,2960.0,1960,1000.0,33.78,Credit Card,5
ORD-2026-12567,2025-12-25,2025-12-29,2025,Q4,December,12,Standard Class,CUST-1009,Benjamin Rodriguez,Consumer,India,Asia Pacific,Karnataka,Bangalore,PROD-TEC-113,Technology,Accessories,Bose QuietComfort Headphones,2,180,279,558,0.0,0.0,558.0,360,198.0,35.48,Credit Card,4
ORD-2026-10446,2025-12-25,2025-12-27,2025,Q4,December,12,Standard Class,CUST-1011,Elijah Hernandez,Consumer,Mexico,Latin America,Federal District,Mexico City,PROD-TEC-164,Technology,Phones,OnePlus 12,4,480,649,2596,0.1,259.6,2336.4,1920,416.4,17.82,Direct Debit,5
ORD-2024-11923,2025-12-25,2025-12-28,2025,Q4,December,12,Standard Class,CUST-1028,Chloe Ramirez,Consumer,Singapore,Asia Pacific,Central,Singapore,PROD-OFF-113,Office Supplies,Appliances,Heavy Duty Cross-Cut Shredder,1,90,165,165,0.1,16.5,148.5,90,58.5,39.39,PayPal,4
ORD-2025-10916,2025-12-25,2025-12-27,2025,Q4,December,12,Standard Class,CUST-1011,Elijah Hernandez,Corporate,Mexico,Latin America,Federal District,Mexico City,PROD-TEC-165,Technology,Phones,Google Pixel 8,3,540,699,2097,0.05,104.85,1992.15,1620,372.15,18.68,PayPal,5
ORD-2025-11927,2025-12-26,2025-12-27,2025,Q4,December,12,Standard Class,CUST-1007,Lucas Miller,Consumer,Singapore,Asia Pacific,Central,Singapore,PROD-OFF-164,Office Supplies,Appliances,Smart Office Air Purifier Pro,1,140,249,249,0.0,0.0,249.0,140,109.0,43.78,Wire Transfer,5
ORD-2025-12395,2025-12-26,2025-12-29,2025,Q4,December,12,Standard Class,CUST-1022,Elizabeth Perez,Home Office,Canada,North America,Ontario,Toronto,PROD-OFF-199,Office Supplies,Storage,Rolling Mobile Utility Cart,10,45,85,850,0.1,85.0,765.0,450,315.0,41.18,Direct Debit,5
ORD-2026-12336,2025-12-26,2025-12-29,2025,Q4,December,12,First Class,CUST-1002,Olivia Smith,Consumer,United States,North America,California,Los Angeles,PROD-FUR-162,Furniture,Tables,Smart Motorized Standing Desk,4,320,560,2240,0.0,0.0,2240.0,1280,960.0,42.86,PayPal,5
ORD-2026-12939,2025-12-26,2025-12-28,2025,Q4,December,12,Same Day,CUST-1028,Chloe Ramirez,Consumer,United States,North America,New York,New York,PROD-FUR-194,Furniture,Chairs,Executive Leather Recliner,2,260,420,840,0.0,0.0,840.0,520,320.0,38.1,PayPal,4
ORD-2026-13317,2025-12-27,2025-12-30,2025,Q4,December,12,Standard Class,CUST-1013,Alexander Gonzalez,Home Office,United Kingdom,Europe,England,London,PROD-TEC-173,Technology,Phones,Samsung Galaxy S24,3,720,950,2850,0.0,0.0,2850.0,2160,690.0,24.21,PayPal,5
ORD-2026-10647,2025-12-27,2025-12-29,2025,Q4,December,12,Standard Class,CUST-1012,Amelia Lopez,Consumer,United States,North America,New York,New York,PROD-TEC-186,Technology,Phones,OnePlus 12,8,480,649,5192,0.1,519.2,4672.8,3840,832.8,17.82,Wire Transfer,5
ORD-2024-10501,2025-12-27,2025-12-30,2025,Q4,December,12,Standard Class,CUST-1023,Jack Thompson,Home Office,United States,North America,New York,New York,PROD-TEC-122,Technology,Laptops,Dell XPS 15,4,1100,1450,5800,0.05,290.0,5510.0,4400,1110.0,20.15,Wire Transfer,4
ORD-2025-12131,2025-12-28,2025-12-30,2025,Q4,December,12,Standard Class,CUST-1013,Alexander Gonzalez,Corporate,Canada,North America,British Columbia,Vancouver,PROD-TEC-148,Technology,Laptops,ThinkPad X1 Carbon,2,1050,1399,2798,0.15,419.7,2378.3,2100,278.3,11.7,Wire Transfer,5
ORD-2025-12836,2025-12-28,2025-12-30,2025,Q4,December,12,Same Day,CUST-1028,Chloe Ramirez,Corporate,India,Asia Pacific,Karnataka,Bangalore,PROD-OFF-181,Office Supplies,Paper,Heavyweight Cardstock Reams,1,16,32,32,0.0,0.0,32.0,16,16.0,50.0,Credit Card,4
ORD-2025-13316,2025-12-28,2026-01-02,2025,Q4,December,12,Second Class,CUST-1025,David Harris,Consumer,Germany,Europe,Berlin,Berlin,PROD-FUR-152,Furniture,Chairs,Ergonomic Mesh Task Chair,2,160,289,578,0.05,28.9,549.1,320,229.1,41.72,Wire Transfer,5
ORD-2026-13392,2025-12-28,2025-12-30,2025,Q4,December,12,Standard Class,CUST-1001,Liam Johnson,Consumer,Mexico,Latin America,Federal District,Mexico City,PROD-TEC-193,Technology,Accessories,Logitech MX Master 3S,5,55,99,495,0.2,99.0,396.0,275,121.0,30.56,Credit Card,5
ORD-2025-13109,2025-12-28,2025-12-31,2025,Q4,December,12,Second Class,CUST-1018,Abigail Moore,Home Office,Mexico,Latin America,Federal District,Mexico City,PROD-TEC-175,Technology,Laptops,ThinkPad X1 Carbon,2,1050,1399,2798,0.0,0.0,2798.0,2100,698.0,24.95,Wire Transfer,5
ORD-2025-10274,2025-12-28,2026-01-02,2025,Q4,December,12,Standard Class,CUST-1022,Elizabeth Perez,Corporate,Australia,Asia Pacific,Victoria,Melbourne,PROD-FUR-186,Furniture,Bookcases,Glass Display Credenza,3,310,520,1560,0.05,78.0,1482.0,930,552.0,37.25,PayPal,5
ORD-2026-13344,2025-12-29,2025-12-31,2025,Q4,December,12,Standard Class,CUST-1021,Sebastian Lee,Corporate,Japan,Asia Pacific,Kanto,Tokyo,PROD-TEC-162,Technology,Phones,iPhone 15 Pro,1,850,1099,1099,0.1,109.9,989.1,850,139.1,14.06,PayPal,5
ORD-2026-11046,2025-12-29,2025-12-30,2025,Q4,December,12,Standard Class,CUST-1020,Emily Martin,Corporate,United States,North America,Texas,Houston,PROD-TEC-145,Technology,Accessories,Anker USB-C Docking Hub,3,45,79,237,0.0,0.0,237.0,135,102.0,43.04,Credit Card,5
ORD-2026-12564,2025-12-29,2026-01-03,2025,Q4,December,12,Second Class,CUST-1008,Mia Davis,Consumer,Canada,North America,British Columbia,Vancouver,PROD-FUR-156,Furniture,Tables,Modular Team Workstation,2,640,990,1980,0.0,0.0,1980.0,1280,700.0,35.35,Credit Card,2
ORD-2026-12222,2025-12-30,2026-01-01,2025,Q4,December,12,Second Class,CUST-1009,Benjamin Rodriguez,Corporate,Germany,Europe,Berlin,Berlin,PROD-TEC-155,Technology,Accessories,Anker USB-C Docking Hub,3,45,79,237,0.0,0.0,237.0,135,102.0,43.04,PayPal,1
ORD-2026-10494,2025-12-31,2026-01-05,2025,Q4,December,12,First Class,CUST-1008,Mia Davis,Consumer,United Kingdom,Europe,England,Manchester,PROD-FUR-137,Furniture,Chairs,Ergonomic Mesh Task Chair,3,160,289,867,0.0,0.0,867.0,480,387.0,44.64,Credit Card,4
ORD-2026-11040,2025-12-31,2026-01-03,2025,Q4,December,12,Second Class,CUST-1002,Olivia Smith,Home Office,United States,North America,Illinois,Chicago,PROD-FUR-171,Furniture,Tables,Coffee Break Lounge Table,2,120,210,420,0.0,0.0,420.0,240,180.0,42.86,Wire Transfer,2
ORD-2025-13484,2025-12-31,2026-01-02,2025,Q4,December,12,Standard Class,CUST-1004,Sophia Brown,Consumer,United States,North America,New York,New York,PROD-FUR-185,Furniture,Chairs,Executive Leather Recliner,4,260,420,1680,0.0,0.0,1680.0,1040,640.0,38.1,PayPal,5
ORD-2025-11048,2026-01-01,2026-01-04,2026,Q1,January,1,Second Class,CUST-1008,Mia Davis,Consumer,Australia,Asia Pacific,New South Wales,Sydney,PROD-TEC-151,Technology,Laptops,ThinkPad X1 Carbon,1,1050,1399,1399,0.0,0.0,1399.0,1050,349.0,24.95,Credit Card,5
ORD-2024-10669,2026-01-02,2026-01-06,2026,Q1,January,1,Standard Class,CUST-1005,James Jones,Home Office,United States,North America,Illinois,Chicago,PROD-TEC-116,Technology,Accessories,Dell 4K UltraSharp Monitor,2,340,489,978,0.1,97.8,880.2,680,200.2,22.74,Credit Card,5
ORD-2026-13185,2026-01-02,2026-01-07,2026,Q1,January,1,Standard Class,CUST-1026,Ella Sanchez,Home Office,Germany,Europe,Bavaria,Munich,PROD-OFF-164,Office Supplies,Appliances,Commercial Espresso Barista Machine,3,620,950,2850,0.0,0.0,2850.0,1860,990.0,34.74,PayPal,5
ORD-2025-13301,2026-01-02,2026-01-04,2026,Q1,January,1,Standard Class,CUST-1008,Mia Davis,Home Office,Australia,Asia Pacific,New South Wales,Sydney,PROD-OFF-138,Office Supplies,Appliances,Commercial Espresso Barista Machine,8,620,950,7600,0.1,760.0,6840.0,4960,1880.0,27.49,Credit Card,4
ORD-2025-11504,2026-01-02,2026-01-04,2026,Q1,January,1,Standard Class,CUST-1013,Alexander Gonzalez,Consumer,Canada,North America,British Columbia,Vancouver,PROD-FUR-120,Furniture,Bookcases,Solid Wood Library Cabinet,1,450,720,720,0.0,0.0,720.0,450,270.0,37.5,Wire Transfer,4
ORD-2024-11191,2026-01-02,2026-01-05,2026,Q1,January,1,Standard Class,CUST-1014,Harper Wilson,Corporate,India,Asia Pacific,Karnataka,Bangalore,PROD-FUR-157,Furniture,Chairs,Ergonomic Mesh Task Chair,1,160,289,289,0.0,0.0,289.0,160,129.0,44.64,Credit Card,3
ORD-2024-10570,2026-01-02,2026-01-07,2026,Q1,January,1,Standard Class,CUST-1018,Abigail Moore,Consumer,Brazil,Latin America,São Paulo,São Paulo,PROD-TEC-131,Technology,Phones,OnePlus 12,2,480,649,1298,0.0,0.0,1298.0,960,338.0,26.04,PayPal,4
ORD-2024-13294,2026-01-02,2026-01-05,2026,Q1,January,1,Standard Class,CUST-1018,Abigail Moore,Consumer,France,Europe,Auvergne-Rhône-Alpes,Lyon,PROD-OFF-144,Office Supplies,Appliances,Commercial Espresso Barista Machine,1,620,950,950,0.0,0.0,950.0,620,330.0,34.74,Wire Transfer,5
ORD-2026-13050,2026-01-03,2026-01-05,2026,Q1,January,1,Standard Class,CUST-1000,Emma Watson,Corporate,United States,North America,California,Los Angeles,PROD-TEC-159,Technology,Laptops,ThinkPad X1 Carbon,2,1050,1399,2798,0.0,0.0,2798.0,2100,698.0,24.95,Credit Card,3
ORD-2024-10729,2026-01-03,2026-01-06,2026,Q1,January,1,Standard Class,CUST-1007,Lucas Miller,Corporate,Australia,Asia Pacific,Victoria,Melbourne,PROD-FUR-145,Furniture,Chairs,Ergonomic Mesh Task Chair,3,160,289,867,0.1,86.7,780.3,480,300.3,38.49,Credit Card,5
ORD-2025-12236,2026-01-04,2026-01-05,2026,Q1,January,1,Standard Class,CUST-1021,Sebastian Lee,Home Office,France,Europe,Auvergne-Rhône-Alpes,Lyon,PROD-FUR-106,Furniture,Chairs,Executive Leather Recliner,4,260,420,1680,0.0,0.0,1680.0,1040,640.0,38.1,PayPal,5
ORD-2025-12419,2026-01-04,2026-01-05,2026,Q1,January,1,Standard Class,CUST-1027,Samuel Clark,Consumer,India,Asia Pacific,Maharashtra,Mumbai,PROD-TEC-136,Technology,Phones,Google Pixel 8,4,540,699,2796,0.0,0.0,2796.0,2160,636.0,22.75,Direct Debit,5
ORD-2026-13359,2026-01-04,2026-01-06,2026,Q1,January,1,Standard Class,CUST-1008,Mia Davis,Home Office,United States,North America,Illinois,Chicago,PROD-TEC-169,Technology,Accessories,Dell 4K UltraSharp Monitor,4,340,489,1956,0.0,0.0,1956.0,1360,596.0,30.47,Credit Card,5
ORD-2024-13486,2026-01-05,2026-01-08,2026,Q1,January,1,Standard Class,CUST-1024,Avery White,Corporate,Canada,North America,British Columbia,Vancouver,PROD-OFF-171,Office Supplies,Paper,Premium Multipurpose Laser Paper 5000ct,3,28,48,144,0.0,0.0,144.0,84,60.0,41.67,Direct Debit,4
ORD-2025-12224,2026-01-05,2026-01-09,2026,Q1,January,1,Second Class,CUST-1014,Harper Wilson,Consumer,Canada,North America,Ontario,Toronto,PROD-FUR-175,Furniture,Tables,Modular Team Workstation,1,640,990,990,0.0,0.0,990.0,640,350.0,35.35,Credit Card,5
ORD-2025-11624,2026-01-05,2026-01-08,2026,Q1,January,1,Standard Class,CUST-1020,Emily Martin,Consumer,United States,North America,Illinois,Chicago,PROD-OFF-121,Office Supplies,Paper,Heavyweight Cardstock Reams,5,16,32,160,0.15,24.0,136.0,80,56.0,41.18,Wire Transfer,5
ORD-2024-11719,2026-01-05,2026-01-07,2026,Q1,January,1,Second Class,CUST-1023,Jack Thompson,Corporate,Japan,Asia Pacific,Kanto,Tokyo,PROD-TEC-135,Technology,Phones,Google Pixel 8,1,540,699,699,0.15,104.85,594.15,540,54.15,9.11,Credit Card,5
ORD-2025-11630,2026-01-05,2026-01-08,2026,Q1,January,1,Standard Class,CUST-1010,Charlotte Martinez,Consumer,United States,North America,California,Los Angeles,PROD-TEC-134,Technology,Laptops,HP Spectre x360,3,920,1250,3750,0.0,0.0,3750.0,2760,990.0,26.4,Credit Card,2
ORD-2024-13363,2026-01-05,2026-01-07,2026,Q1,January,1,Standard Class,CUST-1023,Jack Thompson,Corporate,Canada,North America,British Columbia,Vancouver,PROD-FUR-183,Furniture,Bookcases,Glass Display Credenza,4,310,520,2080,0.05,104.0,1976.0,1240,736.0,37.25,Direct Debit,5
ORD-2024-12586,2026-01-06,2026-01-07,2026,Q1,January,1,Standard Class,CUST-1012,Amelia Lopez,Consumer,United States,North America,Texas,Houston,PROD-FUR-152,Furniture,Bookcases,Glass Display Credenza,6,310,520,3120,0.15,468.0,2652.0,1860,792.0,29.86,Credit Card,3
ORD-2026-12957,2026-01-06,2026-01-08,2026,Q1,January,1,Standard Class,CUST-1012,Amelia Lopez,Consumer,United States,North America,New York,New York,PROD-OFF-189,Office Supplies,Paper,Premium Multipurpose Laser Paper 5000ct,1,28,48,48,0.05,2.4,45.6,28,17.6,38.6,Credit Card,4
ORD-2024-13225,2026-01-06,2026-01-11,2026,Q1,January,1,Standard Class,CUST-1027,Samuel Clark,Consumer,United Kingdom,Europe,England,Manchester,PROD-FUR-172,Furniture,Bookcases,Modern 5-Tier Industrial Bookshelf,2,110,195,390,0.0,0.0,390.0,220,170.0,43.59,PayPal,5
ORD-2025-12725,2026-01-06,2026-01-09,2026,Q1,January,1,First Class,CUST-1018,Abigail Moore,Consumer,United States,North America,Texas,Houston,PROD-TEC-140,Technology,Laptops,Dell XPS 15,4,1100,1450,5800,0.0,0.0,5800.0,4400,1400.0,24.14,Credit Card,3
ORD-2024-11323,2026-01-07,2026-01-12,2026,Q1,January,1,Same Day,CUST-1014,Harper Wilson,Home Office,United States,North America,Illinois,Chicago,PROD-FUR-129,Furniture,Tables,Solid Oak Conference Table,1,980,1480,1480,0.1,148.0,1332.0,980,352.0,26.43,Direct Debit,5
ORD-2025-12095,2026-01-07,2026-01-10,2026,Q1,January,1,Second Class,CUST-1002,Olivia Smith,Consumer,Germany,Europe,Bavaria,Munich,PROD-OFF-128,Office Supplies,Paper,Premium Multipurpose Laser Paper 5000ct,3,28,48,144,0.0,0.0,144.0,84,60.0,41.67,Direct Debit,5
ORD-2025-12536,2026-01-07,2026-01-10,2026,Q1,January,1,First Class,CUST-1026,Ella Sanchez,Consumer,France,Europe,Auvergne-Rhône-Alpes,Lyon,PROD-FUR-116,Furniture,Chairs,Ergonomic Mesh Task Chair,4,160,289,1156,0.05,57.8,1098.2,640,458.2,41.72,Wire Transfer,4
ORD-2026-11349,2026-01-08,2026-01-10,2026,Q1,January,1,Same Day,CUST-1018,Abigail Moore,Consumer,Germany,Europe,Berlin,Berlin,PROD-OFF-101,Office Supplies,Storage,Rolling Mobile Utility Cart,4,45,85,340,0.0,0.0,340.0,180,160.0,47.06,Credit Card,1
ORD-2024-12901,2026-01-08,2026-01-11,2026,Q1,January,1,Standard Class,CUST-1021,Sebastian Lee,Corporate,Canada,North America,Ontario,Toronto,PROD-TEC-114,Technology,Phones,Google Pixel 8,1,540,699,699,0.1,69.9,629.1,540,89.1,14.16,Credit Card,4
ORD-2025-10877,2026-01-08,2026-01-11,2026,Q1,January,1,Same Day,CUST-1001,Liam Johnson,Corporate,Canada,North America,British Columbia,Vancouver,PROD-FUR-108,Furniture,Tables,Coffee Break Lounge Table,1,120,210,210,0.05,10.5,199.5,120,79.5,39.85,Credit Card,5
ORD-2025-11120,2026-01-08,2026-01-11,2026,Q1,January,1,Standard Class,CUST-1021,Sebastian Lee,Consumer,Canada,North America,British Columbia,Vancouver,PROD-TEC-149,Technology,Phones,OnePlus 12,2,480,649,1298,0.05,64.9,1233.1,960,273.1,22.15,PayPal,5
ORD-2026-11694,2026-01-09,2026-01-15,2026,Q1,January,1,First Class,CUST-1025,David Harris,Home Office,Singapore,Asia Pacific,Central,Singapore,PROD-TEC-162,Technology,Accessories,Anker USB-C Docking Hub,1,45,79,79,0.0,0.0,79.0,45,34.0,43.04,Wire Transfer,4
ORD-2024-10231,2026-01-09,2026-01-14,2026,Q1,January,1,Standard Class,CUST-1021,Sebastian Lee,Consumer,United States,North America,New York,New York,PROD-TEC-120,Technology,Accessories,Anker USB-C Docking Hub,1,45,79,79,0.0,0.0,79.0,45,34.0,43.04,Credit Card,4
ORD-2025-11996,2026-01-10,2026-01-13,2026,Q1,January,1,Second Class,CUST-1029,Joseph Lewis,Home Office,Germany,Europe,Bavaria,Munich,PROD-TEC-153,Technology,Accessories,Bose QuietComfort Headphones,4,180,279,1116,0.0,0.0,1116.0,720,396.0,35.48,Wire Transfer,3
ORD-2025-13358,2026-01-10,2026-01-12,2026,Q1,January,1,First Class,CUST-1014,Harper Wilson,Consumer,Singapore,Asia Pacific,Central,Singapore,PROD-FUR-129,Furniture,Tables,Modular Team Workstation,1,640,990,990,0.05,49.5,940.5,640,300.5,31.95,Wire Transfer,4
ORD-2026-12156,2026-01-10,2026-01-12,2026,Q1,January,1,Standard Class,CUST-1008,Mia Davis,Consumer,France,Europe,Île-de-France,Paris,PROD-TEC-122,Technology,Laptops,HP Spectre x360,1,920,1250,1250,0.0,0.0,1250.0,920,330.0,26.4,Credit Card,5
ORD-2025-11129,2026-01-10,2026-01-12,2026,Q1,January,1,Standard Class,CUST-1019,Henry Jackson,Corporate,United States,North America,Texas,Houston,PROD-TEC-110,Technology,Laptops,HP Spectre x360,1,920,1250,1250,0.15,187.5,1062.5,920,142.5,13.41,Wire Transfer,3
ORD-2026-12075,2026-01-10,2026-01-12,2026,Q1,January,1,First Class,CUST-1025,David Harris,Corporate,Germany,Europe,Berlin,Berlin,PROD-OFF-185,Office Supplies,Paper,Heavyweight Cardstock Reams,1,16,32,32,0.05,1.6,30.4,16,14.4,47.37,PayPal,4
ORD-2026-10518,2026-01-10,2026-01-13,2026,Q1,January,1,Same Day,CUST-1026,Ella Sanchez,Home Office,Germany,Europe,Berlin,Berlin,PROD-OFF-127,Office Supplies,Storage,Locking Security Storage Box,1,65,115,115,0.05,5.75,109.25,65,44.25,40.5,Wire Transfer,5
ORD-2024-13288,2026-01-11,2026-01-13,2026,Q1,January,1,Standard Class,CUST-1023,Jack Thompson,Home Office,India,Asia Pacific,Maharashtra,Mumbai,PROD-TEC-142,Technology,Phones,Google Pixel 8,4,540,699,2796,0.05,139.8,2656.2,2160,496.2,18.68,Wire Transfer,4
ORD-2025-11921,2026-01-11,2026-01-14,2026,Q1,January,1,Standard Class,CUST-1002,Olivia Smith,Consumer,Germany,Europe,Berlin,Berlin,PROD-TEC-142,Technology,Phones,iPhone 15 Pro,1,850,1099,1099,0.0,0.0,1099.0,850,249.0,22.66,PayPal,5
ORD-2025-13313,2026-01-11,2026-01-14,2026,Q1,January,1,Standard Class,CUST-1000,Emma Watson,Corporate,United Kingdom,Europe,England,London,PROD-FUR-141,Furniture,Tables,Solid Oak Conference Table,4,980,1480,5920,0.0,0.0,5920.0,3920,2000.0,33.78,Credit Card,5
ORD-2024-13192,2026-01-12,2026-01-18,2026,Q1,January,1,First Class,CUST-1028,Chloe Ramirez,Corporate,Germany,Europe,Berlin,Berlin,PROD-TEC-170,Technology,Laptops,HP Spectre x360,3,920,1250,3750,0.1,375.0,3375.0,2760,615.0,18.22,PayPal,4
ORD-2026-12825,2026-01-12,2026-01-15,2026,Q1,January,1,Standard Class,CUST-1007,Lucas Miller,Consumer,United Kingdom,Europe,England,London,PROD-OFF-125,Office Supplies,Paper,Executive Recycled Notepad Pack,3,12,24,72,0.05,3.6,68.4,36,32.4,47.37,Wire Transfer,5
ORD-2024-13168,2026-01-12,2026-01-16,2026,Q1,January,1,Standard Class,CUST-1001,Liam Johnson,Corporate,Australia,Asia Pacific,Victoria,Melbourne,PROD-FUR-107,Furniture,Chairs,Executive Leather Recliner,2,260,420,840,0.0,0.0,840.0,520,320.0,38.1,Credit Card,4
ORD-2026-10656,2026-01-12,2026-01-15,2026,Q1,January,1,Second Class,CUST-1017,Matthew Taylor,Corporate,United States,North America,California,Los Angeles,PROD-FUR-198,Furniture,Bookcases,Solid Wood Library Cabinet,5,450,720,3600,0.2,720.0,2880.0,2250,630.0,21.88,Direct Debit,3
ORD-2026-11616,2026-01-13,2026-01-16,2026,Q1,January,1,Second Class,CUST-1027,Samuel Clark,Corporate,Australia,Asia Pacific,New South Wales,Sydney,PROD-OFF-157,Office Supplies,Storage,Heavy Duty 4-Drawer File Cabinet,4,130,220,880,0.0,0.0,880.0,520,360.0,40.91,PayPal,4
ORD-2024-12667,2026-01-13,2026-01-16,2026,Q1,January,1,Second Class,CUST-1023,Jack Thompson,Home Office,United States,North America,Texas,Houston,PROD-OFF-164,Office Supplies,Appliances,Heavy Duty Cross-Cut Shredder,4,90,165,660,0.0,0.0,660.0,360,300.0,45.45,Wire Transfer,4
ORD-2024-10906,2026-01-13,2026-01-16,2026,Q1,January,1,Same Day,CUST-1004,Sophia Brown,Consumer,United States,North America,Illinois,Chicago,PROD-OFF-116,Office Supplies,Storage,Locking Security Storage Box,2,65,115,230,0.0,0.0,230.0,130,100.0,43.48,PayPal,4
ORD-2024-13159,2026-01-13,2026-01-17,2026,Q1,January,1,Standard Class,CUST-1014,Harper Wilson,Corporate,United Kingdom,Europe,England,London,PROD-TEC-125,Technology,Laptops,MacBook Air M3,2,890,1199,2398,0.0,0.0,2398.0,1780,618.0,25.77,Credit Card,5
ORD-2025-10373,2026-01-14,2026-01-18,2026,Q1,January,1,Standard Class,CUST-1005,James Jones,Consumer,United States,North America,California,Los Angeles,PROD-OFF-120,Office Supplies,Appliances,Heavy Duty Cross-Cut Shredder,1,90,165,165,0.0,0.0,165.0,90,75.0,45.45,PayPal,5
ORD-2024-12535,2026-01-14,2026-01-18,2026,Q1,January,1,First Class,CUST-1001,Liam Johnson,Consumer,Australia,Asia Pacific,New South Wales,Sydney,PROD-FUR-178,Furniture,Tables,Smart Motorized Standing Desk,4,320,560,2240,0.05,112.0,2128.0,1280,848.0,39.85,Direct Debit,5
ORD-2024-13063,2026-01-14,2026-01-15,2026,Q1,January,1,Standard Class,CUST-1025,David Harris,Corporate,United States,North America,Illinois,Chicago,PROD-OFF-139,Office Supplies,Appliances,Commercial Espresso Barista Machine,2,620,950,1900,0.0,0.0,1900.0,1240,660.0,34.74,Wire Transfer,5
ORD-2024-10537,2026-01-15,2026-01-17,2026,Q1,January,1,Second Class,CUST-1021,Sebastian Lee,Corporate,United States,North America,Texas,Houston,PROD-TEC-195,Technology,Phones,OnePlus 12,1,480,649,649,0.0,0.0,649.0,480,169.0,26.04,Credit Card,5
ORD-2025-10337,2026-01-15,2026-01-16,2026,Q1,January,1,First Class,CUST-1016,Evelyn Thomas,Consumer,Germany,Europe,Berlin,Berlin,PROD-TEC-115,Technology,Phones,Samsung Galaxy S24,1,720,950,950,0.0,0.0,950.0,720,230.0,24.21,Credit Card,4
ORD-2026-12120,2026-01-15,2026-01-18,2026,Q1,January,1,Standard Class,CUST-1008,Mia Davis,Consumer,France,Europe,Auvergne-Rhône-Alpes,Lyon,PROD-FUR-115,Furniture,Tables,Modular Team Workstation,4,640,990,3960,0.0,0.0,3960.0,2560,1400.0,35.35,Credit Card,3
ORD-2024-12910,2026-01-16,2026-01-21,2026,Q1,January,1,Standard Class,CUST-1015,Daniel Anderson,Corporate,United Kingdom,Europe,England,Manchester,PROD-OFF-195,Office Supplies,Appliances,Smart Office Air Purifier Pro,2,140,249,498,0.05,24.9,473.1,280,193.1,40.82,Direct Debit,5
ORD-2026-13446,2026-01-16,2026-01-19,2026,Q1,January,1,Standard Class,CUST-1012,Amelia Lopez,Corporate,India,Asia Pacific,Karnataka,Bangalore,PROD-TEC-187,Technology,Laptops,MacBook Air M3,2,890,1199,2398,0.1,239.8,2158.2,1780,378.2,17.52,Wire Transfer,4
ORD-2026-10650,2026-01-16,2026-01-19,2026,Q1,January,1,Standard Class,CUST-1024,Avery White,Consumer,Canada,North America,British Columbia,Vancouver,PROD-TEC-161,Technology,Laptops,Dell XPS 15,3,1100,1450,4350,0.05,217.5,4132.5,3300,832.5,20.15,PayPal,5
ORD-2026-11937,2026-01-16,2026-01-18,2026,Q1,January,1,Second Class,CUST-1012,Amelia Lopez,Consumer,Australia,Asia Pacific,Victoria,Melbourne,PROD-OFF-181,Office Supplies,Appliances,Smart Office Air Purifier Pro,2,140,249,498,0.05,24.9,473.1,280,193.1,40.82,PayPal,5
ORD-2024-11488,2026-01-18,2026-01-23,2026,Q1,January,1,Second Class,CUST-1009,Benjamin Rodriguez,Consumer,United States,North America,Illinois,Chicago,PROD-FUR-154,Furniture,Chairs,Executive Leather Recliner,8,260,420,3360,0.2,672.0,2688.0,2080,608.0,22.62,Credit Card,4
ORD-2025-13190,2026-01-18,2026-01-22,2026,Q1,January,1,Standard Class,CUST-1011,Elijah Hernandez,Home Office,United States,North America,Texas,Houston,PROD-FUR-144,Furniture,Chairs,Herman Miller Aeron Chair,3,750,1195,3585,0.0,0.0,3585.0,2250,1335.0,37.24,PayPal,5
ORD-2024-11959,2026-01-18,2026-01-21,2026,Q1,January,1,Standard Class,CUST-1012,Amelia Lopez,Corporate,Australia,Asia Pacific,Victoria,Melbourne,PROD-FUR-141,Furniture,Bookcases,Glass Display Credenza,1,310,520,520,0.1,52.0,468.0,310,158.0,33.76,Wire Transfer,2
ORD-2026-10662,2026-01-18,2026-01-23,2026,Q1,January,1,Standard Class,CUST-1000,Emma Watson,Corporate,Brazil,Latin America,São Paulo,São Paulo,PROD-FUR-184,Furniture,Bookcases,Solid Wood Library Cabinet,1,450,720,720,0.05,36.0,684.0,450,234.0,34.21,Wire Transfer,5
ORD-2024-11002,2026-01-19,2026-01-23,2026,Q1,January,1,Standard Class,CUST-1029,Joseph Lewis,Consumer,Germany,Europe,Bavaria,Munich,PROD-TEC-189,Technology,Laptops,HP Spectre x360,4,920,1250,5000,0.0,0.0,5000.0,3680,1320.0,26.4,Wire Transfer,5
ORD-2025-12209,2026-01-19,2026-01-20,2026,Q1,January,1,Standard Class,CUST-1005,James Jones,Consumer,Australia,Asia Pacific,Victoria,Melbourne,PROD-OFF-188,Office Supplies,Appliances,Commercial Espresso Barista Machine,2,620,950,1900,0.1,190.0,1710.0,1240,470.0,27.49,PayPal,5
ORD-2026-10341,2026-01-19,2026-01-22,2026,Q1,January,1,First Class,CUST-1019,Henry Jackson,Home Office,United Kingdom,Europe,England,London,PROD-FUR-134,Furniture,Tables,Modular Team Workstation,2,640,990,1980,0.0,0.0,1980.0,1280,700.0,35.35,PayPal,5
ORD-2026-12903,2026-01-19,2026-01-23,2026,Q1,January,1,Standard Class,CUST-1004,Sophia Brown,Home Office,United States,North America,California,Los Angeles,PROD-OFF-162,Office Supplies,Storage,Locking Security Storage Box,4,65,115,460,0.0,0.0,460.0,260,200.0,43.48,Credit Card,4
ORD-2024-13207,2026-01-19,2026-01-21,2026,Q1,January,1,Second Class,CUST-1027,Samuel Clark,Corporate,France,Europe,Auvergne-Rhône-Alpes,Lyon,PROD-OFF-111,Office Supplies,Paper,Executive Recycled Notepad Pack,4,12,24,96,0.0,0.0,96.0,48,48.0,50.0,Wire Transfer,4
ORD-2026-10011,2026-01-19,2026-01-22,2026,Q1,January,1,Standard Class,CUST-1024,Avery White,Corporate,Canada,North America,British Columbia,Vancouver,PROD-FUR-134,Furniture,Bookcases,Modern 5-Tier Industrial Bookshelf,2,110,195,390,0.05,19.5,370.5,220,150.5,40.62,Direct Debit,3
ORD-2026-13077,2026-01-20,2026-01-23,2026,Q1,January,1,Standard Class,CUST-1013,Alexander Gonzalez,Home Office,Canada,North America,British Columbia,Vancouver,PROD-TEC-193,Technology,Accessories,Anker USB-C Docking Hub,1,45,79,79,0.0,0.0,79.0,45,34.0,43.04,Credit Card,5
ORD-2026-11601,2026-01-20,2026-01-23,2026,Q1,January,1,Second Class,CUST-1027,Samuel Clark,Home Office,United States,North America,Illinois,Chicago,PROD-FUR-141,Furniture,Chairs,Ergonomic Mesh Task Chair,1,160,289,289,0.0,0.0,289.0,160,129.0,44.64,Credit Card,4
ORD-2025-10739,2026-01-20,2026-01-22,2026,Q1,January,1,Second Class,CUST-1002,Olivia Smith,Consumer,United States,North America,Illinois,Chicago,PROD-TEC-155,Technology,Accessories,Anker USB-C Docking Hub,2,45,79,158,0.1,15.8,142.2,90,52.2,36.71,PayPal,3
ORD-2026-12246,2026-01-20,2026-01-23,2026,Q1,January,1,First Class,CUST-1000,Emma Watson,Corporate,United Kingdom,Europe,England,Manchester,PROD-FUR-127,Furniture,Tables,Smart Motorized Standing Desk,4,320,560,2240,0.0,0.0,2240.0,1280,960.0,42.86,Credit Card,5
ORD-2025-13370,2026-01-20,2026-01-21,2026,Q1,January,1,Standard Class,CUST-1010,Charlotte Martinez,Home Office,Germany,Europe,Bavaria,Munich,PROD-TEC-138,Technology,Accessories,Logitech MX Master 3S,3,55,99,297,0.05,14.85,282.15,165,117.15,41.52,Credit Card,4
ORD-2024-10969,2026-01-20,2026-01-21,2026,Q1,January,1,Second Class,CUST-1013,Alexander Gonzalez,Consumer,Singapore,Asia Pacific,Central,Singapore,PROD-FUR-112,Furniture,Bookcases,Glass Display Credenza,2,310,520,1040,0.05,52.0,988.0,620,368.0,37.25,Direct Debit,4
ORD-2024-11515,2026-01-21,2026-01-23,2026,Q1,January,1,Standard Class,CUST-1025,David Harris,Consumer,Australia,Asia Pacific,Victoria,Melbourne,PROD-OFF-160,Office Supplies,Paper,Heavyweight Cardstock Reams,1,16,32,32,0.0,0.0,32.0,16,16.0,50.0,Credit Card,5
ORD-2024-13321,2026-01-21,2026-01-23,2026,Q1,January,1,Standard Class,CUST-1020,Emily Martin,Home Office,Canada,North America,British Columbia,Vancouver,PROD-FUR-115,Furniture,Tables,Coffee Break Lounge Table,8,120,210,1680,0.2,336.0,1344.0,960,384.0,28.57,Credit Card,5
ORD-2025-10412,2026-01-21,2026-01-24,2026,Q1,January,1,Second Class,CUST-1016,Evelyn Thomas,Consumer,United Kingdom,Europe,England,Manchester,PROD-TEC-109,Technology,Phones,iPhone 15 Pro,1,850,1099,1099,0.0,0.0,1099.0,850,249.0,22.66,Credit Card,5
ORD-2025-12503,2026-01-21,2026-01-23,2026,Q1,January,1,Same Day,CUST-1029,Joseph Lewis,Consumer,France,Europe,Auvergne-Rhône-Alpes,Lyon,PROD-FUR-167,Furniture,Tables,Modular Team Workstation,3,640,990,2970,0.0,0.0,2970.0,1920,1050.0,35.35,Credit Card,5
ORD-2024-10342,2026-01-21,2026-01-23,2026,Q1,January,1,Standard Class,CUST-1027,Samuel Clark,Consumer,Germany,Europe,Berlin,Berlin,PROD-FUR-150,Furniture,Bookcases,Glass Display Credenza,1,310,520,520,0.05,26.0,494.0,310,184.0,37.25,PayPal,5
ORD-2025-12041,2026-01-21,2026-01-23,2026,Q1,January,1,Standard Class,CUST-1021,Sebastian Lee,Consumer,France,Europe,Île-de-France,Paris,PROD-TEC-185,Technology,Laptops,MacBook Air M3,3,890,1199,3597,0.0,0.0,3597.0,2670,927.0,25.77,Credit Card,4
ORD-2025-13286,2026-01-22,2026-01-25,2026,Q1,January,1,Standard Class,CUST-1001,Liam Johnson,Home Office,France,Europe,Île-de-France,Paris,PROD-OFF-147,Office Supplies,Paper,Executive Recycled Notepad Pack,1,12,24,24,0.0,0.0,24.0,12,12.0,50.0,Credit Card,4
ORD-2026-12435,2026-01-22,2026-01-27,2026,Q1,January,1,Standard Class,CUST-1012,Amelia Lopez,Consumer,United States,North America,California,Los Angeles,PROD-OFF-118,Office Supplies,Storage,Heavy Duty 4-Drawer File Cabinet,2,130,220,440,0.1,44.0,396.0,260,136.0,34.34,Direct Debit,3
ORD-2024-12706,2026-01-23,2026-01-27,2026,Q1,January,1,Standard Class,CUST-1029,Joseph Lewis,Corporate,United Kingdom,Europe,England,Manchester,PROD-TEC-121,Technology,Accessories,Bose QuietComfort Headphones,1,180,279,279,0.1,27.9,251.1,180,71.1,28.32,Wire Transfer,4
ORD-2026-12684,2026-01-23,2026-01-26,2026,Q1,January,1,Same Day,CUST-1020,Emily Martin,Consumer,France,Europe,Île-de-France,Paris,PROD-TEC-165,Technology,Accessories,Bose QuietComfort Headphones,4,180,279,1116,0.1,111.6,1004.4,720,284.4,28.32,PayPal,5
ORD-2025-13364,2026-01-24,2026-01-25,2026,Q1,January,1,Standard Class,CUST-1009,Benjamin Rodriguez,Consumer,Brazil,Latin America,Rio de Janeiro,Rio de Janeiro,PROD-TEC-184,Technology,Laptops,HP Spectre x360,8,920,1250,10000,0.2,2000.0,8000.0,7360,640.0,8.0,Credit Card,5
ORD-2025-10814,2026-01-24,2026-01-28,2026,Q1,January,1,Second Class,CUST-1015,Daniel Anderson,Consumer,United States,North America,California,Los Angeles,PROD-OFF-119,Office Supplies,Storage,Locking Security Storage Box,1,65,115,115,0.0,0.0,115.0,65,50.0,43.48,Credit Card,5
ORD-2024-11593,2026-01-24,2026-01-27,2026,Q1,January,1,Same Day,CUST-1017,Matthew Taylor,Consumer,Canada,North America,Ontario,Toronto,PROD-FUR-191,Furniture,Tables,Coffee Break Lounge Table,2,120,210,420,0.05,21.0,399.0,240,159.0,39.85,Credit Card,4
ORD-2026-10221,2026-01-24,2026-01-25,2026,Q1,January,1,Same Day,CUST-1007,Lucas Miller,Corporate,Mexico,Latin America,Jalisco,Guadalajara,PROD-TEC-131,Technology,Phones,Samsung Galaxy S24,3,720,950,2850,0.1,285.0,2565.0,2160,405.0,15.79,Wire Transfer,3
ORD-2025-13454,2026-01-25,2026-01-29,2026,Q1,January,1,Second Class,CUST-1011,Elijah Hernandez,Consumer,France,Europe,Île-de-France,Paris,PROD-TEC-153,Technology,Accessories,Anker USB-C Docking Hub,3,45,79,237,0.0,0.0,237.0,135,102.0,43.04,PayPal,5
ORD-2024-11950,2026-01-25,2026-01-26,2026,Q1,January,1,Same Day,CUST-1028,Chloe Ramirez,Home Office,United States,North America,Illinois,Chicago,PROD-FUR-128,Furniture,Bookcases,Glass Display Credenza,3,310,520,1560,0.1,156.0,1404.0,930,474.0,33.76,Wire Transfer,5
ORD-2024-12193,2026-01-25,2026-01-31,2026,Q1,January,1,First Class,CUST-1009,Benjamin Rodriguez,Consumer,India,Asia Pacific,Karnataka,Bangalore,PROD-TEC-138,Technology,Laptops,Dell XPS 15,3,1100,1450,4350,0.05,217.5,4132.5,3300,832.5,20.15,Credit Card,5
ORD-2024-10555,2026-01-25,2026-01-27,2026,Q1,January,1,Second Class,CUST-1002,Olivia Smith,Home Office,United States,North America,Illinois,Chicago,PROD-TEC-104,Technology,Accessories,Logitech MX Master 3S,2,55,99,198,0.05,9.9,188.1,110,78.1,41.52,Wire Transfer,4
ORD-2024-11548,2026-01-26,2026-01-29,2026,Q1,January,1,Same Day,CUST-1010,Charlotte Martinez,Corporate,India,Asia Pacific,Maharashtra,Mumbai,PROD-TEC-195,Technology,Phones,iPhone 15 Pro,2,850,1099,2198,0.0,0.0,2198.0,1700,498.0,22.66,Credit Card,4
ORD-2024-13306,2026-01-26,2026-01-29,2026,Q1,January,1,Standard Class,CUST-1018,Abigail Moore,Corporate,United States,North America,Illinois,Chicago,PROD-FUR-157,Furniture,Chairs,Herman Miller Aeron Chair,1,750,1195,1195,0.0,0.0,1195.0,750,445.0,37.24,Credit Card,3
ORD-2024-10447,2026-01-26,2026-01-29,2026,Q1,January,1,Standard Class,CUST-1020,Emily Martin,Corporate,Germany,Europe,Berlin,Berlin,PROD-OFF-119,Office Supplies,Appliances,Heavy Duty Cross-Cut Shredder,4,90,165,660,0.1,66.0,594.0,360,234.0,39.39,Direct Debit,5
ORD-2025-12407,2026-01-26,2026-01-29,2026,Q1,January,1,Second Class,CUST-1023,Jack Thompson,Corporate,United Kingdom,Europe,England,Manchester,PROD-TEC-146,Technology,Phones,OnePlus 12,1,480,649,649,0.05,32.45,616.55,480,136.55,22.15,Credit Card,4
ORD-2025-10574,2026-01-27,2026-01-30,2026,Q1,January,1,Standard Class,CUST-1024,Avery White,Consumer,India,Asia Pacific,Maharashtra,Mumbai,PROD-OFF-102,Office Supplies,Appliances,Heavy Duty Cross-Cut Shredder,2,90,165,330,0.0,0.0,330.0,180,150.0,45.45,PayPal,5
ORD-2024-10915,2026-01-27,2026-01-31,2026,Q1,January,1,Same Day,CUST-1010,Charlotte Martinez,Home Office,Canada,North America,British Columbia,Vancouver,PROD-TEC-180,Technology,Laptops,ThinkPad X1 Carbon,2,1050,1399,2798,0.0,0.0,2798.0,2100,698.0,24.95,Credit Card,5
ORD-2026-11256,2026-01-28,2026-01-30,2026,Q1,January,1,Standard Class,CUST-1027,Samuel Clark,Consumer,Germany,Europe,Berlin,Berlin,PROD-FUR-145,Furniture,Chairs,Executive Leather Recliner,8,260,420,3360,0.1,336.0,3024.0,2080,944.0,31.22,Credit Card,4
ORD-2024-12754,2026-01-28,2026-01-30,2026,Q1,January,1,Second Class,CUST-1001,Liam Johnson,Consumer,Brazil,Latin America,Rio de Janeiro,Rio de Janeiro,PROD-TEC-176,Technology,Accessories,Anker USB-C Docking Hub,3,45,79,237,0.05,11.85,225.15,135,90.15,40.04,Direct Debit,4
ORD-2024-12451,2026-01-29,2026-02-01,2026,Q1,January,1,Second Class,CUST-1028,Chloe Ramirez,Consumer,Japan,Asia Pacific,Kanto,Tokyo,PROD-OFF-141,Office Supplies,Paper,Executive Recycled Notepad Pack,6,12,24,144,0.1,14.4,129.6,72,57.6,44.44,PayPal,5
ORD-2024-12613,2026-01-29,2026-01-30,2026,Q1,January,1,Standard Class,CUST-1011,Elijah Hernandez,Corporate,France,Europe,Île-de-France,Paris,PROD-FUR-192,Furniture,Tables,Coffee Break Lounge Table,1,120,210,210,0.05,10.5,199.5,120,79.5,39.85,Credit Card,5
ORD-2025-12977,2026-01-30,2026-01-31,2026,Q1,January,1,Standard Class,CUST-1001,Liam Johnson,Consumer,France,Europe,Auvergne-Rhône-Alpes,Lyon,PROD-TEC-184,Technology,Phones,OnePlus 12,1,480,649,649,0.0,0.0,649.0,480,169.0,26.04,Wire Transfer,4
ORD-2024-13297,2026-01-30,2026-02-02,2026,Q1,January,1,Standard Class,CUST-1007,Lucas Miller,Corporate,Mexico,Latin America,Jalisco,Guadalajara,PROD-OFF-182,Office Supplies,Storage,Locking Security Storage Box,4,65,115,460,0.05,23.0,437.0,260,177.0,40.5,Wire Transfer,5
ORD-2024-11110,2026-01-30,2026-02-03,2026,Q1,January,1,Second Class,CUST-1002,Olivia Smith,Corporate,United Kingdom,Europe,England,London,PROD-FUR-148,Furniture,Bookcases,Glass Display Credenza,1,310,520,520,0.05,26.0,494.0,310,184.0,37.25,Direct Debit,5
ORD-2024-10783,2026-01-30,2026-02-01,2026,Q1,January,1,First Class,CUST-1026,Ella Sanchez,Consumer,United Kingdom,Europe,England,London,PROD-TEC-155,Technology,Accessories,Anker USB-C Docking Hub,2,45,79,158,0.0,0.0,158.0,90,68.0,43.04,Wire Transfer,4
ORD-2026-11661,2026-01-31,2026-02-03,2026,Q1,January,1,Standard Class,CUST-1009,Benjamin Rodriguez,Corporate,France,Europe,Île-de-France,Paris,PROD-TEC-109,Technology,Phones,Google Pixel 8,2,540,699,1398,0.05,69.9,1328.1,1080,248.1,18.68,Credit Card,3
ORD-2026-12918,2026-01-31,2026-02-03,2026,Q1,January,1,Standard Class,CUST-1002,Olivia Smith,Home Office,Germany,Europe,Berlin,Berlin,PROD-OFF-134,Office Supplies,Storage,Rolling Mobile Utility Cart,1,45,85,85,0.1,8.5,76.5,45,31.5,41.18,Credit Card,5
ORD-2024-13135,2026-02-01,2026-02-07,2026,Q1,February,2,Standard Class,CUST-1000,Emma Watson,Corporate,Canada,North America,British Columbia,Vancouver,PROD-FUR-136,Furniture,Bookcases,Modern 5-Tier Industrial Bookshelf,3,110,195,585,0.05,29.25,555.75,330,225.75,40.62,Credit Card,5
ORD-2025-12578,2026-02-01,2026-02-03,2026,Q1,February,2,First Class,CUST-1015,Daniel Anderson,Corporate,United States,North America,New York,New York,PROD-FUR-115,Furniture,Bookcases,Modern 5-Tier Industrial Bookshelf,4,110,195,780,0.15,117.0,663.0,440,223.0,33.63,Wire Transfer,4
ORD-2024-10063,2026-02-01,2026-02-04,2026,Q1,February,2,First Class,CUST-1012,Amelia Lopez,Consumer,France,Europe,Auvergne-Rhône-Alpes,Lyon,PROD-OFF-117,Office Supplies,Paper,Premium Multipurpose Laser Paper 5000ct,2,28,48,96,0.0,0.0,96.0,56,40.0,41.67,PayPal,3
ORD-2024-10912,2026-02-01,2026-02-02,2026,Q1,February,2,Second Class,CUST-1014,Harper Wilson,Home Office,France,Europe,Île-de-France,Paris,PROD-TEC-186,Technology,Laptops,HP Spectre x360,5,920,1250,6250,0.1,625.0,5625.0,4600,1025.0,18.22,Credit Card,4
ORD-2026-11199,2026-02-02,2026-02-05,2026,Q1,February,2,Standard Class,CUST-1012,Amelia Lopez,Consumer,United States,North America,California,Los Angeles,PROD-TEC-158,Technology,Accessories,Logitech MX Master 3S,1,55,99,99,0.0,0.0,99.0,55,44.0,44.44,PayPal,5
ORD-2026-12102,2026-02-02,2026-02-05,2026,Q1,February,2,Standard Class,CUST-1022,Elizabeth Perez,Home Office,France,Europe,Auvergne-Rhône-Alpes,Lyon,PROD-TEC-126,Technology,Accessories,Dell 4K UltraSharp Monitor,10,340,489,4890,0.1,489.0,4401.0,3400,1001.0,22.74,Credit Card,5
ORD-2026-11538,2026-02-03,2026-02-06,2026,Q1,February,2,Same Day,CUST-1007,Lucas Miller,Consumer,Australia,Asia Pacific,Victoria,Melbourne,PROD-OFF-175,Office Supplies,Storage,Heavy Duty 4-Drawer File Cabinet,1,130,220,220,0.05,11.0,209.0,130,79.0,37.8,PayPal,5
ORD-2024-11167,2026-02-03,2026-02-05,2026,Q1,February,2,Standard Class,CUST-1008,Mia Davis,Consumer,Germany,Europe,Bavaria,Munich,PROD-FUR-146,Furniture,Chairs,Ergonomic Mesh Task Chair,4,160,289,1156,0.05,57.8,1098.2,640,458.2,41.72,Credit Card,5
ORD-2026-12891,2026-02-04,2026-02-06,2026,Q1,February,2,Standard Class,CUST-1012,Amelia Lopez,Corporate,Germany,Europe,Berlin,Berlin,PROD-FUR-146,Furniture,Bookcases,Glass Display Credenza,1,310,520,520,0.0,0.0,520.0,310,210.0,40.38,PayPal,4
ORD-2025-10880,2026-02-04,2026-02-08,2026,Q1,February,2,Standard Class,CUST-1014,Harper Wilson,Consumer,United States,North America,California,Los Angeles,PROD-FUR-133,Furniture,Bookcases,Solid Wood Library Cabinet,3,450,720,2160,0.1,216.0,1944.0,1350,594.0,30.56,Credit Card,4
ORD-2025-10499,2026-02-04,2026-02-06,2026,Q1,February,2,Standard Class,CUST-1028,Chloe Ramirez,Home Office,Germany,Europe,Berlin,Berlin,PROD-FUR-141,Furniture,Tables,Solid Oak Conference Table,4,980,1480,5920,0.0,0.0,5920.0,3920,2000.0,33.78,Direct Debit,4
ORD-2025-10103,2026-02-05,2026-02-09,2026,Q1,February,2,Standard Class,CUST-1007,Lucas Miller,Consumer,India,Asia Pacific,Maharashtra,Mumbai,PROD-OFF-187,Office Supplies,Storage,Rolling Mobile Utility Cart,6,45,85,510,0.2,102.0,408.0,270,138.0,33.82,Wire Transfer,5
ORD-2025-11441,2026-02-05,2026-02-06,2026,Q1,February,2,First Class,CUST-1010,Charlotte Martinez,Consumer,United Kingdom,Europe,England,London,PROD-FUR-174,Furniture,Chairs,Herman Miller Aeron Chair,1,750,1195,1195,0.0,0.0,1195.0,750,445.0,37.24,Credit Card,2
ORD-2025-10700,2026-02-06,2026-02-10,2026,Q1,February,2,First Class,CUST-1003,Noah Williams,Corporate,United Kingdom,Europe,England,London,PROD-FUR-129,Furniture,Tables,Solid Oak Conference Table,4,980,1480,5920,0.05,296.0,5624.0,3920,1704.0,30.3,Credit Card,3
ORD-2026-13020,2026-02-06,2026-02-09,2026,Q1,February,2,Second Class,CUST-1021,Sebastian Lee,Corporate,Japan,Asia Pacific,Kanto,Tokyo,PROD-OFF-128,Office Supplies,Paper,Premium Multipurpose Laser Paper 5000ct,3,28,48,144,0.0,0.0,144.0,84,60.0,41.67,Wire Transfer,5
ORD-2024-12787,2026-02-07,2026-02-12,2026,Q1,February,2,Standard Class,CUST-1007,Lucas Miller,Consumer,France,Europe,Auvergne-Rhône-Alpes,Lyon,PROD-OFF-128,Office Supplies,Appliances,Commercial Espresso Barista Machine,1,620,950,950,0.05,47.5,902.5,620,282.5,31.3,Credit Card,1
ORD-2025-11195,2026-02-07,2026-02-11,2026,Q1,February,2,First Class,CUST-1001,Liam Johnson,Consumer,United States,North America,Illinois,Chicago,PROD-TEC-174,Technology,Laptops,MacBook Air M3,5,890,1199,5995,0.15,899.25,5095.75,4450,645.75,12.67,Credit Card,5
ORD-2025-12551,2026-02-07,2026-02-09,2026,Q1,February,2,Standard Class,CUST-1001,Liam Johnson,Corporate,Singapore,Asia Pacific,Central,Singapore,PROD-FUR-144,Furniture,Bookcases,Modern 5-Tier Industrial Bookshelf,2,110,195,390,0.1,39.0,351.0,220,131.0,37.32,Wire Transfer,5
ORD-2024-12424,2026-02-07,2026-02-10,2026,Q1,February,2,Second Class,CUST-1007,Lucas Miller,Consumer,United States,North America,New York,New York,PROD-OFF-134,Office Supplies,Appliances,Smart Office Air Purifier Pro,2,140,249,498,0.0,0.0,498.0,280,218.0,43.78,Wire Transfer,5
ORD-2024-11767,2026-02-08,2026-02-10,2026,Q1,February,2,Standard Class,CUST-1013,Alexander Gonzalez,Consumer,Germany,Europe,Berlin,Berlin,PROD-FUR-136,Furniture,Chairs,Ergonomic Mesh Task Chair,4,160,289,1156,0.0,0.0,1156.0,640,516.0,44.64,PayPal,3
ORD-2025-11306,2026-02-08,2026-02-11,2026,Q1,February,2,Standard Class,CUST-1013,Alexander Gonzalez,Corporate,Canada,North America,British Columbia,Vancouver,PROD-OFF-122,Office Supplies,Appliances,Heavy Duty Cross-Cut Shredder,1,90,165,165,0.15,24.75,140.25,90,50.25,35.83,Wire Transfer,5
ORD-2024-12223,2026-02-08,2026-02-11,2026,Q1,February,2,First Class,CUST-1022,Elizabeth Perez,Home Office,Australia,Asia Pacific,New South Wales,Sydney,PROD-FUR-102,Furniture,Chairs,Herman Miller Aeron Chair,1,750,1195,1195,0.1,119.5,1075.5,750,325.5,30.26,PayPal,1
ORD-2024-12208,2026-02-09,2026-02-12,2026,Q1,February,2,First Class,CUST-1024,Avery White,Consumer,Canada,North America,British Columbia,Vancouver,PROD-FUR-125,Furniture,Bookcases,Glass Display Credenza,3,310,520,1560,0.05,78.0,1482.0,930,552.0,37.25,Credit Card,5
ORD-2026-11250,2026-02-09,2026-02-12,2026,Q1,February,2,Standard Class,CUST-1011,Elijah Hernandez,Home Office,Germany,Europe,Berlin,Berlin,PROD-OFF-140,Office Supplies,Appliances,Commercial Espresso Barista Machine,1,620,950,950,0.05,47.5,902.5,620,282.5,31.3,Wire Transfer,5
ORD-2025-13061,2026-02-09,2026-02-13,2026,Q1,February,2,Standard Class,CUST-1019,Henry Jackson,Corporate,Japan,Asia Pacific,Kanto,Tokyo,PROD-FUR-154,Furniture,Tables,Smart Motorized Standing Desk,4,320,560,2240,0.0,0.0,2240.0,1280,960.0,42.86,Credit Card,4
ORD-2026-12600,2026-02-09,2026-02-12,2026,Q1,February,2,Second Class,CUST-1028,Chloe Ramirez,Consumer,United States,North America,California,Los Angeles,PROD-FUR-123,Furniture,Bookcases,Solid Wood Library Cabinet,1,450,720,720,0.05,36.0,684.0,450,234.0,34.21,Credit Card,4
ORD-2025-13184,2026-02-10,2026-02-13,2026,Q1,February,2,Standard Class,CUST-1016,Evelyn Thomas,Home Office,United States,North America,Illinois,Chicago,PROD-FUR-144,Furniture,Tables,Solid Oak Conference Table,5,980,1480,7400,0.15,1110.0,6290.0,4900,1390.0,22.1,PayPal,5
ORD-2025-11000,2026-02-10,2026-02-13,2026,Q1,February,2,Second Class,CUST-1028,Chloe Ramirez,Consumer,France,Europe,Auvergne-Rhône-Alpes,Lyon,PROD-TEC-174,Technology,Laptops,Dell XPS 15,1,1100,1450,1450,0.05,72.5,1377.5,1100,277.5,20.15,Credit Card,4
ORD-2026-10524,2026-02-11,2026-02-14,2026,Q1,February,2,Second Class,CUST-1007,Lucas Miller,Consumer,India,Asia Pacific,Maharashtra,Mumbai,PROD-OFF-153,Office Supplies,Storage,Rolling Mobile Utility Cart,5,45,85,425,0.2,85.0,340.0,225,115.0,33.82,Direct Debit,5
ORD-2024-10462,2026-02-11,2026-02-12,2026,Q1,February,2,Standard Class,CUST-1019,Henry Jackson,Consumer,Brazil,Latin America,Rio de Janeiro,Rio de Janeiro,PROD-FUR-119,Furniture,Chairs,Herman Miller Aeron Chair,4,750,1195,4780,0.1,478.0,4302.0,3000,1302.0,30.26,Direct Debit,5
ORD-2025-10073,2026-02-11,2026-02-16,2026,Q1,February,2,First Class,CUST-1023,Jack Thompson,Corporate,Canada,North America,Ontario,Toronto,PROD-TEC-134,Technology,Laptops,MacBook Air M3,2,890,1199,2398,0.05,119.9,2278.1,1780,498.1,21.86,Wire Transfer,4
ORD-2026-10146,2026-02-11,2026-02-14,2026,Q1,February,2,Second Class,CUST-1016,Evelyn Thomas,Consumer,Japan,Asia Pacific,Kanto,Tokyo,PROD-OFF-171,Office Supplies,Storage,Heavy Duty 4-Drawer File Cabinet,5,130,220,1100,0.1,110.0,990.0,650,340.0,34.34,Wire Transfer,5
ORD-2026-10155,2026-02-11,2026-02-14,2026,Q1,February,2,Standard Class,CUST-1007,Lucas Miller,Consumer,India,Asia Pacific,Maharashtra,Mumbai,PROD-OFF-154,Office Supplies,Appliances,Smart Office Air Purifier Pro,3,140,249,747,0.0,0.0,747.0,420,327.0,43.78,Credit Card,5
ORD-2025-11177,2026-02-11,2026-02-14,2026,Q1,February,2,Standard Class,CUST-1009,Benjamin Rodriguez,Home Office,Canada,North America,British Columbia,Vancouver,PROD-TEC-170,Technology,Laptops,ThinkPad X1 Carbon,3,1050,1399,4197,0.05,209.85,3987.15,3150,837.15,21.0,Credit Card,5
ORD-2025-12269,2026-02-11,2026-02-13,2026,Q1,February,2,Standard Class,CUST-1021,Sebastian Lee,Consumer,United States,North America,Illinois,Chicago,PROD-FUR-182,Furniture,Tables,Smart Motorized Standing Desk,3,320,560,1680,0.05,84.0,1596.0,960,636.0,39.85,Credit Card,4
ORD-2025-11258,2026-02-12,2026-02-17,2026,Q1,February,2,Second Class,CUST-1010,Charlotte Martinez,Consumer,United Kingdom,Europe,England,Manchester,PROD-FUR-185,Furniture,Bookcases,Glass Display Credenza,1,310,520,520,0.0,0.0,520.0,310,210.0,40.38,Credit Card,4
ORD-2024-10012,2026-02-12,2026-02-15,2026,Q1,February,2,Standard Class,CUST-1009,Benjamin Rodriguez,Consumer,Germany,Europe,Berlin,Berlin,PROD-FUR-116,Furniture,Bookcases,Solid Wood Library Cabinet,1,450,720,720,0.0,0.0,720.0,450,270.0,37.5,Credit Card,4
ORD-2024-13042,2026-02-12,2026-02-16,2026,Q1,February,2,Standard Class,CUST-1024,Avery White,Consumer,United States,North America,California,Los Angeles,PROD-OFF-184,Office Supplies,Storage,Locking Security Storage Box,1,65,115,115,0.05,5.75,109.25,65,44.25,40.5,Credit Card,5
ORD-2026-10056,2026-02-13,2026-02-15,2026,Q1,February,2,Standard Class,CUST-1014,Harper Wilson,Home Office,Canada,North America,Ontario,Toronto,PROD-FUR-161,Furniture,Tables,Smart Motorized Standing Desk,2,320,560,1120,0.0,0.0,1120.0,640,480.0,42.86,Wire Transfer,3
ORD-2026-13467,2026-02-13,2026-02-19,2026,Q1,February,2,Second Class,CUST-1028,Chloe Ramirez,Consumer,Mexico,Latin America,Jalisco,Guadalajara,PROD-TEC-189,Technology,Accessories,Anker USB-C Docking Hub,1,45,79,79,0.1,7.9,71.1,45,26.1,36.71,Credit Card,4
ORD-2026-12573,2026-02-14,2026-02-16,2026,Q1,February,2,Standard Class,CUST-1009,Benjamin Rodriguez,Corporate,United States,North America,California,Los Angeles,PROD-OFF-115,Office Supplies,Appliances,Smart Office Air Purifier Pro,2,140,249,498,0.0,0.0,498.0,280,218.0,43.78,Credit Card,5
ORD-2024-13396,2026-02-14,2026-02-16,2026,Q1,February,2,Second Class,CUST-1026,Ella Sanchez,Consumer,United States,North America,Texas,Houston,PROD-OFF-167,Office Supplies,Appliances,Smart Office Air Purifier Pro,1,140,249,249,0.05,12.45,236.55,140,96.55,40.82,Wire Transfer,5
ORD-2025-13481,2026-02-14,2026-02-17,2026,Q1,February,2,Second Class,CUST-1000,Emma Watson,Consumer,United Kingdom,Europe,England,London,PROD-TEC-139,Technology,Accessories,Logitech MX Master 3S,2,55,99,198,0.1,19.8,178.2,110,68.2,38.27,PayPal,5
ORD-2026-10785,2026-02-14,2026-02-17,2026,Q1,February,2,Standard Class,CUST-1005,James Jones,Corporate,France,Europe,Île-de-France,Paris,PROD-TEC-187,Technology,Phones,Google Pixel 8,3,540,699,2097,0.0,0.0,2097.0,1620,477.0,22.75,Credit Card,5
ORD-2025-11075,2026-02-14,2026-02-17,2026,Q1,February,2,Standard Class,CUST-1027,Samuel Clark,Consumer,Japan,Asia Pacific,Kanto,Tokyo,PROD-OFF-122,Office Supplies,Paper,Premium Multipurpose Laser Paper 5000ct,1,28,48,48,0.05,2.4,45.6,28,17.6,38.6,PayPal,4
ORD-2025-12773,2026-02-15,2026-02-18,2026,Q1,February,2,Second Class,CUST-1014,Harper Wilson,Consumer,France,Europe,Auvergne-Rhône-Alpes,Lyon,PROD-OFF-148,Office Supplies,Appliances,Commercial Espresso Barista Machine,3,620,950,2850,0.05,142.5,2707.5,1860,847.5,31.3,Credit Card,4
ORD-2024-12946,2026-02-15,2026-02-19,2026,Q1,February,2,Second Class,CUST-1003,Noah Williams,Corporate,United States,North America,Texas,Houston,PROD-FUR-179,Furniture,Bookcases,Solid Wood Library Cabinet,3,450,720,2160,0.0,0.0,2160.0,1350,810.0,37.5,Wire Transfer,4
ORD-2026-12042,2026-02-15,2026-02-17,2026,Q1,February,2,Standard Class,CUST-1016,Evelyn Thomas,Consumer,United Kingdom,Europe,England,Manchester,PROD-FUR-193,Furniture,Chairs,Herman Miller Aeron Chair,3,750,1195,3585,0.0,0.0,3585.0,2250,1335.0,37.24,Wire Transfer,2
ORD-2024-12637,2026-02-15,2026-02-18,2026,Q1,February,2,Standard Class,CUST-1001,Liam Johnson,Corporate,Brazil,Latin America,São Paulo,São Paulo,PROD-TEC-186,Technology,Accessories,Dell 4K UltraSharp Monitor,1,340,489,489,0.05,24.45,464.55,340,124.55,26.81,PayPal,4
ORD-2025-11891,2026-02-15,2026-02-17,2026,Q1,February,2,Standard Class,CUST-1025,David Harris,Home Office,India,Asia Pacific,Maharashtra,Mumbai,PROD-TEC-146,Technology,Laptops,HP Spectre x360,2,920,1250,2500,0.05,125.0,2375.0,1840,535.0,22.53,Credit Card,5
ORD-2025-11372,2026-02-15,2026-02-17,2026,Q1,February,2,Standard Class,CUST-1016,Evelyn Thomas,Home Office,United Kingdom,Europe,England,Manchester,PROD-TEC-143,Technology,Phones,Samsung Galaxy S24,2,720,950,1900,0.1,190.0,1710.0,1440,270.0,15.79,Credit Card,3
ORD-2026-11652,2026-02-15,2026-02-17,2026,Q1,February,2,Standard Class,CUST-1003,Noah Williams,Home Office,United States,North America,Texas,Houston,PROD-FUR-107,Furniture,Chairs,Herman Miller Aeron Chair,2,750,1195,2390,0.0,0.0,2390.0,1500,890.0,37.24,Wire Transfer,4
ORD-2024-13045,2026-02-16,2026-02-20,2026,Q1,February,2,Standard Class,CUST-1004,Sophia Brown,Home Office,United States,North America,Illinois,Chicago,PROD-FUR-140,Furniture,Chairs,Herman Miller Aeron Chair,5,750,1195,5975,0.1,597.5,5377.5,3750,1627.5,30.26,Wire Transfer,5
ORD-2025-10094,2026-02-16,2026-02-19,2026,Q1,February,2,Standard Class,CUST-1024,Avery White,Corporate,France,Europe,Île-de-France,Paris,PROD-OFF-173,Office Supplies,Paper,Executive Recycled Notepad Pack,3,12,24,72,0.15,10.8,61.2,36,25.2,41.18,Credit Card,1
ORD-2025-10667,2026-02-16,2026-02-19,2026,Q1,February,2,Standard Class,CUST-1005,James Jones,Consumer,United Kingdom,Europe,England,Manchester,PROD-TEC-181,Technology,Accessories,Dell 4K UltraSharp Monitor,2,340,489,978,0.0,0.0,978.0,680,298.0,30.47,Credit Card,5
ORD-2024-13423,2026-02-16,2026-02-20,2026,Q1,February,2,Standard Class,CUST-1014,Harper Wilson,Consumer,United Kingdom,Europe,England,Manchester,PROD-OFF-117,Office Supplies,Storage,Heavy Duty 4-Drawer File Cabinet,1,130,220,220,0.0,0.0,220.0,130,90.0,40.91,Credit Card,3
ORD-2024-12007,2026-02-17,2026-02-19,2026,Q1,February,2,Standard Class,CUST-1000,Emma Watson,Consumer,United States,North America,New York,New York,PROD-FUR-140,Furniture,Chairs,Executive Leather Recliner,2,260,420,840,0.0,0.0,840.0,520,320.0,38.1,Direct Debit,5
ORD-2026-12339,2026-02-17,2026-02-20,2026,Q1,February,2,Second Class,CUST-1027,Samuel Clark,Corporate,United States,North America,Texas,Houston,PROD-TEC-121,Technology,Phones,iPhone 15 Pro,3,850,1099,3297,0.0,0.0,3297.0,2550,747.0,22.66,PayPal,3
ORD-2024-10126,2026-02-17,2026-02-19,2026,Q1,February,2,Standard Class,CUST-1010,Charlotte Martinez,Consumer,United States,North America,Texas,Houston,PROD-TEC-138,Technology,Phones,iPhone 15 Pro,6,850,1099,6594,0.2,1318.8,5275.2,5100,175.2,3.32,Credit Card,2
ORD-2026-11733,2026-02-17,2026-02-20,2026,Q1,February,2,Standard Class,CUST-1000,Emma Watson,Consumer,India,Asia Pacific,Maharashtra,Mumbai,PROD-TEC-138,Technology,Phones,iPhone 15 Pro,5,850,1099,5495,0.15,824.25,4670.75,4250,420.75,9.01,Credit Card,3
ORD-2024-11875,2026-02-17,2026-02-22,2026,Q1,February,2,Standard Class,CUST-1016,Evelyn Thomas,Consumer,Australia,Asia Pacific,New South Wales,Sydney,PROD-OFF-155,Office Supplies,Paper,Premium Multipurpose Laser Paper 5000ct,2,28,48,96,0.0,0.0,96.0,56,40.0,41.67,Credit Card,5
ORD-2025-11609,2026-02-18,2026-02-20,2026,Q1,February,2,First Class,CUST-1022,Elizabeth Perez,Corporate,Canada,North America,Ontario,Toronto,PROD-TEC-151,Technology,Phones,OnePlus 12,4,480,649,2596,0.1,259.6,2336.4,1920,416.4,17.82,PayPal,5
ORD-2024-11878,2026-02-18,2026-02-24,2026,Q1,February,2,First Class,CUST-1008,Mia Davis,Consumer,Brazil,Latin America,São Paulo,São Paulo,PROD-TEC-197,Technology,Laptops,Dell XPS 15,2,1100,1450,2900,0.05,145.0,2755.0,2200,555.0,20.15,Credit Card,5
ORD-2026-10428,2026-02-18,2026-02-24,2026,Q1,February,2,Standard Class,CUST-1014,Harper Wilson,Corporate,Germany,Europe,Berlin,Berlin,PROD-TEC-188,Technology,Phones,Samsung Galaxy S24,4,720,950,3800,0.15,570.0,3230.0,2880,350.0,10.84,Wire Transfer,5
ORD-2024-12247,2026-02-18,2026-02-20,2026,Q1,February,2,Standard Class,CUST-1020,Emily Martin,Corporate,Australia,Asia Pacific,New South Wales,Sydney,PROD-FUR-182,Furniture,Tables,Coffee Break Lounge Table,4,120,210,840,0.0,0.0,840.0,480,360.0,42.86,Credit Card,5
ORD-2025-11099,2026-02-18,2026-02-20,2026,Q1,February,2,Standard Class,CUST-1008,Mia Davis,Corporate,France,Europe,Auvergne-Rhône-Alpes,Lyon,PROD-FUR-153,Furniture,Tables,Solid Oak Conference Table,5,980,1480,7400,0.1,740.0,6660.0,4900,1760.0,26.43,Wire Transfer,5
ORD-2025-10610,2026-02-18,2026-02-20,2026,Q1,February,2,Standard Class,CUST-1024,Avery White,Consumer,Germany,Europe,Berlin,Berlin,PROD-FUR-131,Furniture,Tables,Modular Team Workstation,6,640,990,5940,0.15,891.0,5049.0,3840,1209.0,23.95,Credit Card,5
ORD-2024-11710,2026-02-19,2026-02-22,2026,Q1,February,2,Second Class,CUST-1017,Matthew Taylor,Home Office,Australia,Asia Pacific,New South Wales,Sydney,PROD-TEC-164,Technology,Accessories,Anker USB-C Docking Hub,5,45,79,395,0.1,39.5,355.5,225,130.5,36.71,Credit Card,5
ORD-2024-13228,2026-02-19,2026-02-21,2026,Q1,February,2,Second Class,CUST-1002,Olivia Smith,Consumer,United States,North America,New York,New York,PROD-TEC-181,Technology,Accessories,Bose QuietComfort Headphones,3,180,279,837,0.0,0.0,837.0,540,297.0,35.48,Wire Transfer,5
ORD-2024-12310,2026-02-19,2026-02-21,2026,Q1,February,2,Standard Class,CUST-1021,Sebastian Lee,Home Office,Canada,North America,British Columbia,Vancouver,PROD-TEC-116,Technology,Accessories,Bose QuietComfort Headphones,5,180,279,1395,0.1,139.5,1255.5,900,355.5,28.32,Wire Transfer,5
ORD-2025-11573,2026-02-20,2026-02-22,2026,Q1,February,2,First Class,CUST-1021,Sebastian Lee,Home Office,United States,North America,California,Los Angeles,PROD-OFF-123,Office Supplies,Appliances,Heavy Duty Cross-Cut Shredder,4,90,165,660,0.0,0.0,660.0,360,300.0,45.45,Wire Transfer,4
ORD-2026-11334,2026-02-20,2026-02-23,2026,Q1,February,2,Standard Class,CUST-1004,Sophia Brown,Corporate,Brazil,Latin America,São Paulo,São Paulo,PROD-TEC-184,Technology,Laptops,ThinkPad X1 Carbon,2,1050,1399,2798,0.15,419.7,2378.3,2100,278.3,11.7,Credit Card,3
ORD-2025-11132,2026-02-20,2026-02-21,2026,Q1,February,2,Standard Class,CUST-1014,Harper Wilson,Consumer,Brazil,Latin America,Rio de Janeiro,Rio de Janeiro,PROD-TEC-133,Technology,Phones,Samsung Galaxy S24,5,720,950,4750,0.1,475.0,4275.0,3600,675.0,15.79,PayPal,5
ORD-2025-11867,2026-02-20,2026-02-22,2026,Q1,February,2,First Class,CUST-1015,Daniel Anderson,Consumer,Mexico,Latin America,Federal District,Mexico City,PROD-TEC-115,Technology,Accessories,Bose QuietComfort Headphones,2,180,279,558,0.05,27.9,530.1,360,170.1,32.09,Wire Transfer,5
ORD-2024-10831,2026-02-20,2026-02-25,2026,Q1,February,2,First Class,CUST-1003,Noah Williams,Consumer,India,Asia Pacific,Karnataka,Bangalore,PROD-FUR-166,Furniture,Chairs,Ergonomic Mesh Task Chair,1,160,289,289,0.0,0.0,289.0,160,129.0,44.64,Wire Transfer,4
ORD-2024-10414,2026-02-21,2026-02-25,2026,Q1,February,2,Standard Class,CUST-1005,James Jones,Home Office,Germany,Europe,Berlin,Berlin,PROD-TEC-182,Technology,Accessories,Logitech MX Master 3S,2,55,99,198,0.1,19.8,178.2,110,68.2,38.27,PayPal,4
ORD-2025-12662,2026-02-21,2026-02-23,2026,Q1,February,2,First Class,CUST-1018,Abigail Moore,Corporate,United States,North America,New York,New York,PROD-OFF-112,Office Supplies,Appliances,Smart Office Air Purifier Pro,1,140,249,249,0.05,12.45,236.55,140,96.55,40.82,Credit Card,5
ORD-2025-11588,2026-02-21,2026-02-24,2026,Q1,February,2,Standard Class,CUST-1002,Olivia Smith,Corporate,Australia,Asia Pacific,Victoria,Melbourne,PROD-OFF-103,Office Supplies,Paper,Executive Recycled Notepad Pack,8,12,24,192,0.2,38.4,153.6,96,57.6,37.5,PayPal,5
ORD-2024-10987,2026-02-22,2026-02-24,2026,Q1,February,2,Standard Class,CUST-1022,Elizabeth Perez,Corporate,United Kingdom,Europe,England,London,PROD-TEC-130,Technology,Phones,Samsung Galaxy S24,3,720,950,2850,0.0,0.0,2850.0,2160,690.0,24.21,PayPal,4
ORD-2024-10477,2026-02-22,2026-02-25,2026,Q1,February,2,Standard Class,CUST-1009,Benjamin Rodriguez,Consumer,Germany,Europe,Bavaria,Munich,PROD-FUR-137,Furniture,Chairs,Ergonomic Mesh Task Chair,1,160,289,289,0.0,0.0,289.0,160,129.0,44.64,Wire Transfer,4
ORD-2024-11833,2026-02-22,2026-02-25,2026,Q1,February,2,Standard Class,CUST-1017,Matthew Taylor,Home Office,United States,North America,California,Los Angeles,PROD-TEC-113,Technology,Laptops,HP Spectre x360,10,920,1250,12500,0.1,1250.0,11250.0,9200,2050.0,18.22,Credit Card,5
ORD-2026-11289,2026-02-23,2026-02-25,2026,Q1,February,2,Standard Class,CUST-1020,Emily Martin,Corporate,Singapore,Asia Pacific,Central,Singapore,PROD-OFF-113,Office Supplies,Storage,Heavy Duty 4-Drawer File Cabinet,6,130,220,1320,0.2,264.0,1056.0,780,276.0,26.14,Wire Transfer,5
ORD-2024-13357,2026-02-24,2026-02-27,2026,Q1,February,2,Same Day,CUST-1002,Olivia Smith,Home Office,India,Asia Pacific,Maharashtra,Mumbai,PROD-TEC-158,Technology,Accessories,Bose QuietComfort Headphones,1,180,279,279,0.1,27.9,251.1,180,71.1,28.32,Wire Transfer,5
ORD-2025-10244,2026-02-24,2026-02-27,2026,Q1,February,2,Standard Class,CUST-1004,Sophia Brown,Corporate,United Kingdom,Europe,England,London,PROD-TEC-192,Technology,Accessories,Dell 4K UltraSharp Monitor,6,340,489,2934,0.15,440.1,2493.9,2040,453.9,18.2,Credit Card,5
ORD-2025-11507,2026-02-25,2026-02-27,2026,Q1,February,2,First Class,CUST-1005,James Jones,Consumer,India,Asia Pacific,Maharashtra,Mumbai,PROD-FUR-171,Furniture,Tables,Coffee Break Lounge Table,2,120,210,420,0.0,0.0,420.0,240,180.0,42.86,Credit Card,5
ORD-2026-12399,2026-02-26,2026-03-01,2026,Q1,February,2,Standard Class,CUST-1020,Emily Martin,Consumer,Germany,Europe,Bavaria,Munich,PROD-TEC-167,Technology,Laptops,MacBook Air M3,3,890,1199,3597,0.05,179.85,3417.15,2670,747.15,21.86,PayPal,5
ORD-2024-12823,2026-02-26,2026-03-01,2026,Q1,February,2,Second Class,CUST-1000,Emma Watson,Consumer,Japan,Asia Pacific,Kanto,Tokyo,PROD-FUR-124,Furniture,Tables,Coffee Break Lounge Table,1,120,210,210,0.0,0.0,210.0,120,90.0,42.86,Credit Card,5
ORD-2024-11023,2026-02-27,2026-03-02,2026,Q1,February,2,Standard Class,CUST-1021,Sebastian Lee,Consumer,Germany,Europe,Berlin,Berlin,PROD-TEC-116,Technology,Laptops,Dell XPS 15,3,1100,1450,4350,0.1,435.0,3915.0,3300,615.0,15.71,Wire Transfer,5
ORD-2026-11805,2026-02-27,2026-03-02,2026,Q1,February,2,Standard Class,CUST-1029,Joseph Lewis,Corporate,United Kingdom,Europe,England,London,PROD-TEC-167,Technology,Phones,OnePlus 12,1,480,649,649,0.1,64.9,584.1,480,104.1,17.82,PayPal,4
ORD-2024-12094,2026-02-27,2026-03-01,2026,Q1,February,2,Standard Class,CUST-1029,Joseph Lewis,Corporate,United States,North America,Illinois,Chicago,PROD-OFF-198,Office Supplies,Appliances,Smart Office Air Purifier Pro,2,140,249,498,0.05,24.9,473.1,280,193.1,40.82,Wire Transfer,5
ORD-2025-10772,2026-02-28,2026-03-03,2026,Q1,February,2,Standard Class,CUST-1012,Amelia Lopez,Consumer,United States,North America,Illinois,Chicago,PROD-FUR-102,Furniture,Bookcases,Glass Display Credenza,1,310,520,520,0.0,0.0,520.0,310,210.0,40.38,Credit Card,5
ORD-2024-11518,2026-02-28,2026-03-04,2026,Q1,February,2,Second Class,CUST-1012,Amelia Lopez,Home Office,Australia,Asia Pacific,New South Wales,Sydney,PROD-FUR-158,Furniture,Tables,Smart Motorized Standing Desk,2,320,560,1120,0.0,0.0,1120.0,640,480.0,42.86,Credit Card,4
ORD-2024-13291,2026-02-28,2026-03-03,2026,Q1,February,2,Second Class,CUST-1029,Joseph Lewis,Home Office,Singapore,Asia Pacific,Central,Singapore,PROD-FUR-110,Furniture,Tables,Modular Team Workstation,1,640,990,990,0.0,0.0,990.0,640,350.0,35.35,Credit Card,4
ORD-2025-11687,2026-02-28,2026-03-05,2026,Q1,February,2,First Class,CUST-1013,Alexander Gonzalez,Home Office,France,Europe,Auvergne-Rhône-Alpes,Lyon,PROD-TEC-191,Technology,Accessories,Anker USB-C Docking Hub,4,45,79,316,0.0,0.0,316.0,180,136.0,43.04,PayPal,5
ORD-2026-12804,2026-03-01,2026-03-04,2026,Q1,March,3,Same Day,CUST-1012,Amelia Lopez,Consumer,Canada,North America,British Columbia,Vancouver,PROD-TEC-129,Technology,Laptops,Dell XPS 15,1,1100,1450,1450,0.05,72.5,1377.5,1100,277.5,20.15,Credit Card,4
ORD-2026-13083,2026-03-01,2026-03-04,2026,Q1,March,3,Standard Class,CUST-1008,Mia Davis,Corporate,Canada,North America,Ontario,Toronto,PROD-FUR-127,Furniture,Tables,Smart Motorized Standing Desk,2,320,560,1120,0.05,56.0,1064.0,640,424.0,39.85,Wire Transfer,3
ORD-2024-12544,2026-03-01,2026-03-04,2026,Q1,March,3,First Class,CUST-1019,Henry Jackson,Consumer,United Kingdom,Europe,England,London,PROD-OFF-108,Office Supplies,Storage,Rolling Mobile Utility Cart,6,45,85,510,0.1,51.0,459.0,270,189.0,41.18,PayPal,3
ORD-2025-11969,2026-03-01,2026-03-04,2026,Q1,March,3,Standard Class,CUST-1024,Avery White,Home Office,Canada,North America,British Columbia,Vancouver,PROD-TEC-191,Technology,Phones,Samsung Galaxy S24,4,720,950,3800,0.1,380.0,3420.0,2880,540.0,15.79,Wire Transfer,4
ORD-2024-12085,2026-03-01,2026-03-07,2026,Q1,March,3,Standard Class,CUST-1028,Chloe Ramirez,Consumer,United States,North America,New York,New York,PROD-FUR-116,Furniture,Tables,Modular Team Workstation,2,640,990,1980,0.0,0.0,1980.0,1280,700.0,35.35,Wire Transfer,1
ORD-2025-11714,2026-03-02,2026-03-03,2026,Q1,March,3,Standard Class,CUST-1017,Matthew Taylor,Corporate,India,Asia Pacific,Karnataka,Bangalore,PROD-OFF-118,Office Supplies,Storage,Locking Security Storage Box,2,65,115,230,0.0,0.0,230.0,130,100.0,43.48,Credit Card,5
ORD-2025-12107,2026-03-02,2026-03-04,2026,Q1,March,3,Standard Class,CUST-1005,James Jones,Corporate,Canada,North America,British Columbia,Vancouver,PROD-TEC-185,Technology,Phones,Samsung Galaxy S24,4,720,950,3800,0.05,190.0,3610.0,2880,730.0,20.22,Credit Card,5
ORD-2024-12976,2026-03-02,2026-03-04,2026,Q1,March,3,Second Class,CUST-1017,Matthew Taylor,Home Office,United Kingdom,Europe,England,London,PROD-TEC-197,Technology,Phones,Google Pixel 8,2,540,699,1398,0.0,0.0,1398.0,1080,318.0,22.75,Wire Transfer,5
ORD-2026-11253,2026-03-03,2026-03-05,2026,Q1,March,3,Standard Class,CUST-1021,Sebastian Lee,Consumer,France,Europe,Auvergne-Rhône-Alpes,Lyon,PROD-TEC-125,Technology,Phones,iPhone 15 Pro,5,850,1099,5495,0.15,824.25,4670.75,4250,420.75,9.01,Credit Card,5
ORD-2025-13040,2026-03-03,2026-03-05,2026,Q1,March,3,Second Class,CUST-1006,Isabella Garcia,Corporate,Australia,Asia Pacific,Victoria,Melbourne,PROD-OFF-155,Office Supplies,Storage,Locking Security Storage Box,4,65,115,460,0.1,46.0,414.0,260,154.0,37.2,Credit Card,4
ORD-2024-13255,2026-03-04,2026-03-06,2026,Q1,March,3,Second Class,CUST-1005,James Jones,Consumer,Canada,North America,Ontario,Toronto,PROD-FUR-132,Furniture,Tables,Coffee Break Lounge Table,1,120,210,210,0.05,10.5,199.5,120,79.5,39.85,Credit Card,4
ORD-2026-12663,2026-03-04,2026-03-06,2026,Q1,March,3,Standard Class,CUST-1001,Liam Johnson,Corporate,United Kingdom,Europe,England,London,PROD-OFF-101,Office Supplies,Paper,Premium Multipurpose Laser Paper 5000ct,3,28,48,144,0.0,0.0,144.0,84,60.0,41.67,PayPal,5
ORD-2024-11845,2026-03-05,2026-03-08,2026,Q1,March,3,Second Class,CUST-1016,Evelyn Thomas,Consumer,France,Europe,Île-de-France,Paris,PROD-TEC-182,Technology,Phones,Google Pixel 8,2,540,699,1398,0.0,0.0,1398.0,1080,318.0,22.75,Wire Transfer,5
ORD-2024-10561,2026-03-05,2026-03-07,2026,Q1,March,3,Standard Class,CUST-1019,Henry Jackson,Consumer,United States,North America,New York,New York,PROD-FUR-119,Furniture,Bookcases,Glass Display Credenza,1,310,520,520,0.0,0.0,520.0,310,210.0,40.38,PayPal,3
ORD-2024-12298,2026-03-05,2026-03-10,2026,Q1,March,3,Standard Class,CUST-1004,Sophia Brown,Consumer,Australia,Asia Pacific,Victoria,Melbourne,PROD-FUR-126,Furniture,Bookcases,Modern 5-Tier Industrial Bookshelf,4,110,195,780,0.1,78.0,702.0,440,262.0,37.32,PayPal,5
ORD-2025-12218,2026-03-05,2026-03-07,2026,Q1,March,3,Standard Class,CUST-1016,Evelyn Thomas,Consumer,Germany,Europe,Berlin,Berlin,PROD-FUR-184,Furniture,Bookcases,Modern 5-Tier Industrial Bookshelf,5,110,195,975,0.2,195.0,780.0,550,230.0,29.49,Credit Card,3
ORD-2026-11691,2026-03-06,2026-03-10,2026,Q1,March,3,Standard Class,CUST-1009,Benjamin Rodriguez,Home Office,Mexico,Latin America,Jalisco,Guadalajara,PROD-OFF-107,Office Supplies,Storage,Rolling Mobile Utility Cart,1,45,85,85,0.0,0.0,85.0,45,40.0,47.06,Wire Transfer,5
ORD-2026-11787,2026-03-06,2026-03-08,2026,Q1,March,3,Standard Class,CUST-1016,Evelyn Thomas,Consumer,United States,North America,Texas,Houston,PROD-TEC-176,Technology,Laptops,HP Spectre x360,3,920,1250,3750,0.05,187.5,3562.5,2760,802.5,22.53,Credit Card,5
ORD-2025-13403,2026-03-06,2026-03-09,2026,Q1,March,3,First Class,CUST-1021,Sebastian Lee,Consumer,France,Europe,Auvergne-Rhône-Alpes,Lyon,PROD-TEC-183,Technology,Phones,iPhone 15 Pro,5,850,1099,5495,0.2,1099.0,4396.0,4250,146.0,3.32,Credit Card,4
ORD-2024-11521,2026-03-07,2026-03-09,2026,Q1,March,3,Standard Class,CUST-1025,David Harris,Consumer,France,Europe,Île-de-France,Paris,PROD-OFF-174,Office Supplies,Paper,Premium Multipurpose Laser Paper 5000ct,2,28,48,96,0.0,0.0,96.0,56,40.0,41.67,Direct Debit,4
ORD-2024-11119,2026-03-07,2026-03-09,2026,Q1,March,3,Standard Class,CUST-1001,Liam Johnson,Home Office,Canada,North America,British Columbia,Vancouver,PROD-TEC-197,Technology,Laptops,ThinkPad X1 Carbon,1,1050,1399,1399,0.1,139.9,1259.1,1050,209.1,16.61,Credit Card,4
ORD-2024-10111,2026-03-08,2026-03-11,2026,Q1,March,3,Same Day,CUST-1015,Daniel Anderson,Corporate,Japan,Asia Pacific,Kanto,Tokyo,PROD-FUR-138,Furniture,Tables,Smart Motorized Standing Desk,1,320,560,560,0.1,56.0,504.0,320,184.0,36.51,PayPal,5
ORD-2026-12483,2026-03-08,2026-03-13,2026,Q1,March,3,Standard Class,CUST-1008,Mia Davis,Corporate,United States,North America,Illinois,Chicago,PROD-FUR-156,Furniture,Chairs,Herman Miller Aeron Chair,1,750,1195,1195,0.05,59.75,1135.25,750,385.25,33.94,PayPal,3
ORD-2026-11319,2026-03-08,2026-03-12,2026,Q1,March,3,Standard Class,CUST-1020,Emily Martin,Consumer,Mexico,Latin America,Jalisco,Guadalajara,PROD-OFF-178,Office Supplies,Appliances,Smart Office Air Purifier Pro,4,140,249,996,0.05,49.8,946.2,560,386.2,40.82,Wire Transfer,5
ORD-2024-10093,2026-03-08,2026-03-10,2026,Q1,March,3,Standard Class,CUST-1003,Noah Williams,Corporate,United States,North America,Illinois,Chicago,PROD-TEC-131,Technology,Accessories,Bose QuietComfort Headphones,1,180,279,279,0.0,0.0,279.0,180,99.0,35.48,Credit Card,5
ORD-2024-11638,2026-03-08,2026-03-10,2026,Q1,March,3,Standard Class,CUST-1014,Harper Wilson,Consumer,United States,North America,New York,New York,PROD-FUR-190,Furniture,Bookcases,Glass Display Credenza,6,310,520,3120,0.2,624.0,2496.0,1860,636.0,25.48,Credit Card,5
ORD-2024-13165,2026-03-09,2026-03-12,2026,Q1,March,3,Same Day,CUST-1025,David Harris,Consumer,Australia,Asia Pacific,Victoria,Melbourne,PROD-TEC-121,Technology,Accessories,Logitech MX Master 3S,2,55,99,198,0.05,9.9,188.1,110,78.1,41.52,Wire Transfer,3
ORD-2025-10886,2026-03-09,2026-03-11,2026,Q1,March,3,Standard Class,CUST-1002,Olivia Smith,Consumer,United States,North America,California,Los Angeles,PROD-FUR-121,Furniture,Chairs,Steelcase Gesture Chair,2,820,1250,2500,0.0,0.0,2500.0,1640,860.0,34.4,Direct Debit,5
ORD-2025-12596,2026-03-09,2026-03-10,2026,Q1,March,3,Standard Class,CUST-1028,Chloe Ramirez,Consumer,Canada,North America,British Columbia,Vancouver,PROD-TEC-123,Technology,Accessories,Dell 4K UltraSharp Monitor,8,340,489,3912,0.1,391.2,3520.8,2720,800.8,22.74,Credit Card,4
ORD-2025-12581,2026-03-09,2026-03-10,2026,Q1,March,3,Second Class,CUST-1000,Emma Watson,Consumer,Japan,Asia Pacific,Kanto,Tokyo,PROD-FUR-121,Furniture,Bookcases,Solid Wood Library Cabinet,2,450,720,1440,0.0,0.0,1440.0,900,540.0,37.5,Wire Transfer,5
ORD-2025-10352,2026-03-09,2026-03-10,2026,Q1,March,3,Second Class,CUST-1011,Elijah Hernandez,Home Office,United Kingdom,Europe,England,London,PROD-OFF-184,Office Supplies,Storage,Locking Security Storage Box,4,65,115,460,0.1,46.0,414.0,260,154.0,37.2,Wire Transfer,4
ORD-2025-11807,2026-03-09,2026-03-12,2026,Q1,March,3,Standard Class,CUST-1019,Henry Jackson,Consumer,Mexico,Latin America,Jalisco,Guadalajara,PROD-FUR-113,Furniture,Tables,Solid Oak Conference Table,3,980,1480,4440,0.1,444.0,3996.0,2940,1056.0,26.43,PayPal,5
ORD-2024-11806,2026-03-09,2026-03-12,2026,Q1,March,3,Second Class,CUST-1008,Mia Davis,Corporate,Australia,Asia Pacific,Victoria,Melbourne,PROD-OFF-112,Office Supplies,Storage,Heavy Duty 4-Drawer File Cabinet,1,130,220,220,0.0,0.0,220.0,130,90.0,40.91,Wire Transfer,5
ORD-2024-12220,2026-03-10,2026-03-13,2026,Q1,March,3,Standard Class,CUST-1013,Alexander Gonzalez,Corporate,Brazil,Latin America,São Paulo,São Paulo,PROD-FUR-153,Furniture,Chairs,Ergonomic Mesh Task Chair,4,160,289,1156,0.1,115.6,1040.4,640,400.4,38.49,PayPal,4
ORD-2026-12513,2026-03-10,2026-03-12,2026,Q1,March,3,Second Class,CUST-1027,Samuel Clark,Corporate,Japan,Asia Pacific,Kanto,Tokyo,PROD-TEC-124,Technology,Phones,Google Pixel 8,2,540,699,1398,0.0,0.0,1398.0,1080,318.0,22.75,Credit Card,4
ORD-2026-13137,2026-03-10,2026-03-13,2026,Q1,March,3,Standard Class,CUST-1011,Elijah Hernandez,Consumer,Canada,North America,Ontario,Toronto,PROD-TEC-105,Technology,Accessories,Bose QuietComfort Headphones,6,180,279,1674,0.1,167.4,1506.6,1080,426.6,28.32,Credit Card,5
ORD-2026-11139,2026-03-10,2026-03-12,2026,Q1,March,3,Same Day,CUST-1012,Amelia Lopez,Corporate,Brazil,Latin America,São Paulo,São Paulo,PROD-FUR-172,Furniture,Bookcases,Modern 5-Tier Industrial Bookshelf,2,110,195,390,0.0,0.0,390.0,220,170.0,43.59,Credit Card,4
ORD-2026-10977,2026-03-11,2026-03-14,2026,Q1,March,3,Same Day,CUST-1007,Lucas Miller,Corporate,United Kingdom,Europe,England,Manchester,PROD-FUR-141,Furniture,Tables,Smart Motorized Standing Desk,2,320,560,1120,0.0,0.0,1120.0,640,480.0,42.86,PayPal,4
ORD-2025-12275,2026-03-11,2026-03-15,2026,Q1,March,3,Same Day,CUST-1000,Emma Watson,Consumer,Brazil,Latin America,São Paulo,São Paulo,PROD-FUR-176,Furniture,Chairs,Ergonomic Mesh Task Chair,1,160,289,289,0.05,14.45,274.55,160,114.55,41.72,Credit Card,5
ORD-2026-12582,2026-03-11,2026-03-14,2026,Q1,March,3,Standard Class,CUST-1014,Harper Wilson,Corporate,United States,North America,New York,New York,PROD-FUR-104,Furniture,Bookcases,Modern 5-Tier Industrial Bookshelf,3,110,195,585,0.0,0.0,585.0,330,255.0,43.59,Wire Transfer,3
ORD-2024-10762,2026-03-11,2026-03-15,2026,Q1,March,3,Same Day,CUST-1000,Emma Watson,Home Office,United States,North America,California,Los Angeles,PROD-FUR-171,Furniture,Tables,Smart Motorized Standing Desk,2,320,560,1120,0.0,0.0,1120.0,640,480.0,42.86,Credit Card,5
ORD-2024-10900,2026-03-11,2026-03-13,2026,Q1,March,3,Second Class,CUST-1017,Matthew Taylor,Consumer,United States,North America,Texas,Houston,PROD-OFF-192,Office Supplies,Storage,Locking Security Storage Box,1,65,115,115,0.1,11.5,103.5,65,38.5,37.2,Credit Card,5
ORD-2025-13046,2026-03-12,2026-03-16,2026,Q1,March,3,Second Class,CUST-1018,Abigail Moore,Consumer,Canada,North America,British Columbia,Vancouver,PROD-FUR-123,Furniture,Bookcases,Solid Wood Library Cabinet,3,450,720,2160,0.05,108.0,2052.0,1350,702.0,34.21,Wire Transfer,5
ORD-2024-11038,2026-03-12,2026-03-14,2026,Q1,March,3,Standard Class,CUST-1014,Harper Wilson,Corporate,United States,North America,California,Los Angeles,PROD-TEC-102,Technology,Phones,Samsung Galaxy S24,2,720,950,1900,0.0,0.0,1900.0,1440,460.0,24.21,Credit Card,4
ORD-2024-11758,2026-03-12,2026-03-15,2026,Q1,March,3,Second Class,CUST-1024,Avery White,Consumer,France,Europe,Auvergne-Rhône-Alpes,Lyon,PROD-OFF-158,Office Supplies,Storage,Locking Security Storage Box,8,65,115,920,0.1,92.0,828.0,520,308.0,37.2,Credit Card,5
ORD-2025-10544,2026-03-12,2026-03-17,2026,Q1,March,3,Standard Class,CUST-1005,James Jones,Corporate,Germany,Europe,Bavaria,Munich,PROD-OFF-106,Office Supplies,Appliances,Smart Office Air Purifier Pro,1,140,249,249,0.05,12.45,236.55,140,96.55,40.82,PayPal,5
ORD-2024-12757,2026-03-13,2026-03-17,2026,Q1,March,3,Second Class,CUST-1022,Elizabeth Perez,Corporate,United Kingdom,Europe,England,Manchester,PROD-TEC-101,Technology,Accessories,Bose QuietComfort Headphones,1,180,279,279,0.0,0.0,279.0,180,99.0,35.48,PayPal,4
ORD-2026-11835,2026-03-13,2026-03-16,2026,Q1,March,3,Standard Class,CUST-1000,Emma Watson,Corporate,Mexico,Latin America,Jalisco,Guadalajara,PROD-FUR-131,Furniture,Chairs,Executive Leather Recliner,1,260,420,420,0.1,42.0,378.0,260,118.0,31.22,Direct Debit,4
ORD-2025-11537,2026-03-13,2026-03-15,2026,Q1,March,3,Standard Class,CUST-1024,Avery White,Consumer,Australia,Asia Pacific,Victoria,Melbourne,PROD-OFF-176,Office Supplies,Paper,Premium Multipurpose Laser Paper 5000ct,2,28,48,96,0.0,0.0,96.0,56,40.0,41.67,Wire Transfer,5
ORD-2025-11774,2026-03-13,2026-03-19,2026,Q1,March,3,Standard Class,CUST-1006,Isabella Garcia,Consumer,United States,North America,California,Los Angeles,PROD-OFF-107,Office Supplies,Storage,Heavy Duty 4-Drawer File Cabinet,5,130,220,1100,0.15,165.0,935.0,650,285.0,30.48,Wire Transfer,5
ORD-2024-12514,2026-03-14,2026-03-17,2026,Q1,March,3,Standard Class,CUST-1027,Samuel Clark,Consumer,France,Europe,Île-de-France,Paris,PROD-TEC-190,Technology,Accessories,Logitech MX Master 3S,6,55,99,594,0.1,59.4,534.6,330,204.6,38.27,Direct Debit,5
ORD-2026-12273,2026-03-14,2026-03-17,2026,Q1,March,3,Standard Class,CUST-1011,Elijah Hernandez,Consumer,France,Europe,Auvergne-Rhône-Alpes,Lyon,PROD-OFF-174,Office Supplies,Appliances,Commercial Espresso Barista Machine,2,620,950,1900,0.0,0.0,1900.0,1240,660.0,34.74,Wire Transfer,4
ORD-2025-12587,2026-03-15,2026-03-19,2026,Q1,March,3,First Class,CUST-1014,Harper Wilson,Corporate,Germany,Europe,Berlin,Berlin,PROD-FUR-111,Furniture,Bookcases,Glass Display Credenza,6,310,520,3120,0.15,468.0,2652.0,1860,792.0,29.86,Wire Transfer,5
ORD-2024-10078,2026-03-16,2026-03-18,2026,Q1,March,3,Same Day,CUST-1025,David Harris,Corporate,Canada,North America,Ontario,Toronto,PROD-TEC-143,Technology,Phones,Samsung Galaxy S24,4,720,950,3800,0.1,380.0,3420.0,2880,540.0,15.79,Wire Transfer,5
ORD-2024-13003,2026-03-16,2026-03-19,2026,Q1,March,3,Second Class,CUST-1000,Emma Watson,Consumer,United States,North America,New York,New York,PROD-FUR-180,Furniture,Tables,Smart Motorized Standing Desk,2,320,560,1120,0.1,112.0,1008.0,640,368.0,36.51,PayPal,5
ORD-2024-11185,2026-03-16,2026-03-18,2026,Q1,March,3,Standard Class,CUST-1014,Harper Wilson,Consumer,Australia,Asia Pacific,Victoria,Melbourne,PROD-FUR-118,Furniture,Tables,Coffee Break Lounge Table,2,120,210,420,0.1,42.0,378.0,240,138.0,36.51,Direct Debit,5
ORD-2024-10354,2026-03-16,2026-03-18,2026,Q1,March,3,Standard Class,CUST-1002,Olivia Smith,Consumer,India,Asia Pacific,Karnataka,Bangalore,PROD-TEC-165,Technology,Phones,OnePlus 12,2,480,649,1298,0.05,64.9,1233.1,960,273.1,22.15,PayPal,5
ORD-2025-12524,2026-03-16,2026-03-20,2026,Q1,March,3,Same Day,CUST-1024,Avery White,Corporate,Mexico,Latin America,Jalisco,Guadalajara,PROD-FUR-133,Furniture,Tables,Coffee Break Lounge Table,2,120,210,420,0.0,0.0,420.0,240,180.0,42.86,Wire Transfer,5
ORD-2024-10072,2026-03-16,2026-03-19,2026,Q1,March,3,Same Day,CUST-1016,Evelyn Thomas,Corporate,United States,North America,California,Los Angeles,PROD-TEC-196,Technology,Laptops,ThinkPad X1 Carbon,5,1050,1399,6995,0.2,1399.0,5596.0,5250,346.0,6.18,Wire Transfer,5
ORD-2025-11378,2026-03-16,2026-03-20,2026,Q1,March,3,First Class,CUST-1005,James Jones,Home Office,United States,North America,Illinois,Chicago,PROD-FUR-120,Furniture,Chairs,Executive Leather Recliner,4,260,420,1680,0.0,0.0,1680.0,1040,640.0,38.1,Credit Card,5
ORD-2025-12776,2026-03-17,2026-03-20,2026,Q1,March,3,Second Class,CUST-1023,Jack Thompson,Home Office,India,Asia Pacific,Karnataka,Bangalore,PROD-TEC-182,Technology,Accessories,Dell 4K UltraSharp Monitor,2,340,489,978,0.05,48.9,929.1,680,249.1,26.81,Credit Card,1
ORD-2026-11961,2026-03-17,2026-03-21,2026,Q1,March,3,Standard Class,CUST-1029,Joseph Lewis,Consumer,United Kingdom,Europe,England,Manchester,PROD-FUR-195,Furniture,Chairs,Ergonomic Mesh Task Chair,4,160,289,1156,0.05,57.8,1098.2,640,458.2,41.72,Wire Transfer,5
ORD-2025-11237,2026-03-17,2026-03-19,2026,Q1,March,3,Standard Class,CUST-1005,James Jones,Home Office,Germany,Europe,Berlin,Berlin,PROD-FUR-169,Furniture,Bookcases,Glass Display Credenza,3,310,520,1560,0.1,156.0,1404.0,930,474.0,33.76,Wire Transfer,4
ORD-2026-13410,2026-03-18,2026-03-22,2026,Q1,March,3,First Class,CUST-1000,Emma Watson,Corporate,Canada,North America,British Columbia,Vancouver,PROD-TEC-131,Technology,Accessories,Bose QuietComfort Headphones,3,180,279,837,0.15,125.55,711.45,540,171.45,24.1,Credit Card,4
ORD-2024-10777,2026-03-18,2026-03-20,2026,Q1,March,3,Same Day,CUST-1028,Chloe Ramirez,Corporate,Germany,Europe,Berlin,Berlin,PROD-FUR-106,Furniture,Chairs,Steelcase Gesture Chair,1,820,1250,1250,0.0,0.0,1250.0,820,430.0,34.4,Wire Transfer,5
ORD-2026-13422,2026-03-18,2026-03-21,2026,Q1,March,3,Second Class,CUST-1010,Charlotte Martinez,Home Office,United States,North America,Texas,Houston,PROD-TEC-156,Technology,Accessories,Dell 4K UltraSharp Monitor,2,340,489,978,0.1,97.8,880.2,680,200.2,22.74,Credit Card,3
ORD-2025-10865,2026-03-19,2026-03-21,2026,Q1,March,3,Standard Class,CUST-1015,Daniel Anderson,Consumer,Brazil,Latin America,São Paulo,São Paulo,PROD-OFF-195,Office Supplies,Appliances,Commercial Espresso Barista Machine,1,620,950,950,0.05,47.5,902.5,620,282.5,31.3,Credit Card,5
ORD-2024-12502,2026-03-19,2026-03-22,2026,Q1,March,3,Standard Class,CUST-1006,Isabella Garcia,Consumer,Brazil,Latin America,São Paulo,São Paulo,PROD-OFF-137,Office Supplies,Storage,Locking Security Storage Box,6,65,115,690,0.1,69.0,621.0,390,231.0,37.2,Credit Card,2
ORD-2025-11024,2026-03-19,2026-03-22,2026,Q1,March,3,Standard Class,CUST-1028,Chloe Ramirez,Corporate,United Kingdom,Europe,England,Manchester,PROD-TEC-173,Technology,Accessories,Dell 4K UltraSharp Monitor,2,340,489,978,0.0,0.0,978.0,680,298.0,30.47,Credit Card,5
ORD-2024-11014,2026-03-19,2026-03-22,2026,Q1,March,3,Second Class,CUST-1003,Noah Williams,Corporate,United States,North America,California,Los Angeles,PROD-TEC-102,Technology,Accessories,Anker USB-C Docking Hub,2,45,79,158,0.05,7.9,150.1,90,60.1,40.04,Credit Card,5
ORD-2026-13065,2026-03-19,2026-03-23,2026,Q1,March,3,Second Class,CUST-1000,Emma Watson,Corporate,India,Asia Pacific,Maharashtra,Mumbai,PROD-OFF-155,Office Supplies,Storage,Locking Security Storage Box,4,65,115,460,0.05,23.0,437.0,260,177.0,40.5,PayPal,3
ORD-2026-10176,2026-03-19,2026-03-21,2026,Q1,March,3,Standard Class,CUST-1019,Henry Jackson,Consumer,Canada,North America,Ontario,Toronto,PROD-OFF-170,Office Supplies,Appliances,Smart Office Air Purifier Pro,1,140,249,249,0.1,24.9,224.1,140,84.1,37.53,PayPal,4
ORD-2024-12418,2026-03-20,2026-03-23,2026,Q1,March,3,Standard Class,CUST-1016,Evelyn Thomas,Corporate,United States,North America,Texas,Houston,PROD-FUR-175,Furniture,Tables,Solid Oak Conference Table,3,980,1480,4440,0.0,0.0,4440.0,2940,1500.0,33.78,PayPal,5
ORD-2025-10682,2026-03-20,2026-03-23,2026,Q1,March,3,Standard Class,CUST-1002,Olivia Smith,Home Office,United States,North America,Illinois,Chicago,PROD-OFF-125,Office Supplies,Paper,Executive Recycled Notepad Pack,2,12,24,48,0.0,0.0,48.0,24,24.0,50.0,Credit Card,5
ORD-2025-10847,2026-03-20,2026-03-26,2026,Q1,March,3,Standard Class,CUST-1007,Lucas Miller,Consumer,Australia,Asia Pacific,New South Wales,Sydney,PROD-TEC-176,Technology,Laptops,HP Spectre x360,2,920,1250,2500,0.0,0.0,2500.0,1840,660.0,26.4,Wire Transfer,5
ORD-2026-12750,2026-03-20,2026-03-22,2026,Q1,March,3,First Class,CUST-1014,Harper Wilson,Consumer,United Kingdom,Europe,England,London,PROD-OFF-135,Office Supplies,Storage,Heavy Duty 4-Drawer File Cabinet,2,130,220,440,0.0,0.0,440.0,260,180.0,40.91,Wire Transfer,5
ORD-2026-11433,2026-03-20,2026-03-21,2026,Q1,March,3,Standard Class,CUST-1001,Liam Johnson,Corporate,Germany,Europe,Bavaria,Munich,PROD-TEC-188,Technology,Phones,Samsung Galaxy S24,3,720,950,2850,0.0,0.0,2850.0,2160,690.0,24.21,PayPal,5
ORD-2026-10941,2026-03-21,2026-03-24,2026,Q1,March,3,Standard Class,CUST-1010,Charlotte Martinez,Consumer,Singapore,Asia Pacific,Central,Singapore,PROD-FUR-137,Furniture,Bookcases,Solid Wood Library Cabinet,2,450,720,1440,0.0,0.0,1440.0,900,540.0,37.5,Wire Transfer,5
ORD-2025-13130,2026-03-21,2026-03-25,2026,Q1,March,3,Second Class,CUST-1009,Benjamin Rodriguez,Consumer,Australia,Asia Pacific,Victoria,Melbourne,PROD-OFF-158,Office Supplies,Paper,Heavyweight Cardstock Reams,5,16,32,160,0.2,32.0,128.0,80,48.0,37.5,Credit Card,5
ORD-2024-12538,2026-03-21,2026-03-23,2026,Q1,March,3,Standard Class,CUST-1021,Sebastian Lee,Consumer,Germany,Europe,Berlin,Berlin,PROD-TEC-117,Technology,Phones,OnePlus 12,2,480,649,1298,0.05,64.9,1233.1,960,273.1,22.15,Credit Card,5
ORD-2025-10535,2026-03-21,2026-03-23,2026,Q1,March,3,Second Class,CUST-1013,Alexander Gonzalez,Consumer,Australia,Asia Pacific,Victoria,Melbourne,PROD-TEC-101,Technology,Accessories,Anker USB-C Docking Hub,1,45,79,79,0.0,0.0,79.0,45,34.0,43.04,PayPal,5
ORD-2024-10297,2026-03-21,2026-03-23,2026,Q1,March,3,Standard Class,CUST-1014,Harper Wilson,Home Office,Canada,North America,British Columbia,Vancouver,PROD-TEC-195,Technology,Accessories,Dell 4K UltraSharp Monitor,1,340,489,489,0.0,0.0,489.0,340,149.0,30.47,Credit Card,4
ORD-2024-11596,2026-03-22,2026-03-24,2026,Q1,March,3,Second Class,CUST-1007,Lucas Miller,Home Office,Singapore,Asia Pacific,Central,Singapore,PROD-OFF-139,Office Supplies,Storage,Heavy Duty 4-Drawer File Cabinet,1,130,220,220,0.0,0.0,220.0,130,90.0,40.91,PayPal,5
ORD-2025-11255,2026-03-22,2026-03-28,2026,Q1,March,3,Standard Class,CUST-1017,Matthew Taylor,Corporate,Canada,North America,Ontario,Toronto,PROD-OFF-140,Office Supplies,Paper,Premium Multipurpose Laser Paper 5000ct,1,28,48,48,0.1,4.8,43.2,28,15.2,35.19,PayPal,4
ORD-2026-12732,2026-03-22,2026-03-24,2026,Q1,March,3,Standard Class,CUST-1006,Isabella Garcia,Corporate,Canada,North America,Ontario,Toronto,PROD-FUR-177,Furniture,Bookcases,Glass Display Credenza,1,310,520,520,0.1,52.0,468.0,310,158.0,33.76,Credit Card,3
ORD-2025-13082,2026-03-22,2026-03-26,2026,Q1,March,3,Standard Class,CUST-1009,Benjamin Rodriguez,Consumer,United States,North America,Illinois,Chicago,PROD-OFF-120,Office Supplies,Storage,Heavy Duty 4-Drawer File Cabinet,1,130,220,220,0.1,22.0,198.0,130,68.0,34.34,Wire Transfer,4
ORD-2025-10421,2026-03-22,2026-03-25,2026,Q1,March,3,Standard Class,CUST-1017,Matthew Taylor,Home Office,Japan,Asia Pacific,Kanto,Tokyo,PROD-TEC-193,Technology,Phones,Google Pixel 8,1,540,699,699,0.0,0.0,699.0,540,159.0,22.75,PayPal,4
ORD-2026-10047,2026-03-22,2026-03-23,2026,Q1,March,3,Standard Class,CUST-1012,Amelia Lopez,Corporate,Canada,North America,Ontario,Toronto,PROD-TEC-155,Technology,Accessories,Dell 4K UltraSharp Monitor,10,340,489,4890,0.15,733.5,4156.5,3400,756.5,18.2,Credit Card,5
ORD-2025-12374,2026-03-23,2026-03-26,2026,Q1,March,3,Standard Class,CUST-1017,Matthew Taylor,Home Office,Australia,Asia Pacific,Victoria,Melbourne,PROD-OFF-150,Office Supplies,Appliances,Smart Office Air Purifier Pro,2,140,249,498,0.1,49.8,448.2,280,168.2,37.53,Wire Transfer,2
ORD-2024-10600,2026-03-23,2026-03-26,2026,Q1,March,3,Second Class,CUST-1013,Alexander Gonzalez,Home Office,Australia,Asia Pacific,Victoria,Melbourne,PROD-FUR-133,Furniture,Chairs,Ergonomic Mesh Task Chair,2,160,289,578,0.0,0.0,578.0,320,258.0,44.64,Credit Card,4
ORD-2026-10200,2026-03-23,2026-03-28,2026,Q1,March,3,Standard Class,CUST-1003,Noah Williams,Consumer,United Kingdom,Europe,England,London,PROD-FUR-141,Furniture,Chairs,Steelcase Gesture Chair,1,820,1250,1250,0.1,125.0,1125.0,820,305.0,27.11,Wire Transfer,5
ORD-2024-11371,2026-03-23,2026-03-27,2026,Q1,March,3,Standard Class,CUST-1001,Liam Johnson,Consumer,India,Asia Pacific,Karnataka,Bangalore,PROD-OFF-144,Office Supplies,Paper,Heavyweight Cardstock Reams,1,16,32,32,0.05,1.6,30.4,16,14.4,47.37,PayPal,4
ORD-2024-12373,2026-03-23,2026-03-26,2026,Q1,March,3,Second Class,CUST-1007,Lucas Miller,Consumer,United States,North America,Texas,Houston,PROD-FUR-126,Furniture,Bookcases,Modern 5-Tier Industrial Bookshelf,3,110,195,585,0.0,0.0,585.0,330,255.0,43.59,Credit Card,5
ORD-2024-12736,2026-03-23,2026-03-24,2026,Q1,March,3,Standard Class,CUST-1006,Isabella Garcia,Home Office,United States,North America,Texas,Houston,PROD-OFF-119,Office Supplies,Paper,Heavyweight Cardstock Reams,2,16,32,64,0.1,6.4,57.6,32,25.6,44.44,Credit Card,1
ORD-2026-12438,2026-03-23,2026-03-25,2026,Q1,March,3,Second Class,CUST-1000,Emma Watson,Consumer,United States,North America,New York,New York,PROD-OFF-103,Office Supplies,Paper,Premium Multipurpose Laser Paper 5000ct,3,28,48,144,0.05,7.2,136.8,84,52.8,38.6,PayPal,4
ORD-2026-11193,2026-03-23,2026-03-25,2026,Q1,March,3,Second Class,CUST-1023,Jack Thompson,Home Office,United Kingdom,Europe,England,Manchester,PROD-TEC-198,Technology,Phones,Google Pixel 8,3,540,699,2097,0.05,104.85,1992.15,1620,372.15,18.68,Direct Debit,3
ORD-2025-10628,2026-03-24,2026-03-27,2026,Q1,March,3,Standard Class,CUST-1020,Emily Martin,Corporate,United States,North America,California,Los Angeles,PROD-TEC-152,Technology,Phones,Samsung Galaxy S24,4,720,950,3800,0.0,0.0,3800.0,2880,920.0,24.21,Wire Transfer,5
ORD-2024-12760,2026-03-24,2026-03-28,2026,Q1,March,3,Second Class,CUST-1027,Samuel Clark,Consumer,United Kingdom,Europe,England,Manchester,PROD-OFF-163,Office Supplies,Appliances,Heavy Duty Cross-Cut Shredder,2,90,165,330,0.0,0.0,330.0,180,150.0,45.45,Credit Card,5
ORD-2025-10130,2026-03-24,2026-03-30,2026,Q1,March,3,Standard Class,CUST-1011,Elijah Hernandez,Corporate,Canada,North America,Ontario,Toronto,PROD-FUR-105,Furniture,Chairs,Herman Miller Aeron Chair,1,750,1195,1195,0.0,0.0,1195.0,750,445.0,37.24,Wire Transfer,5
ORD-2025-10658,2026-03-24,2026-03-30,2026,Q1,March,3,Standard Class,CUST-1026,Ella Sanchez,Consumer,France,Europe,Île-de-France,Paris,PROD-OFF-197,Office Supplies,Storage,Rolling Mobile Utility Cart,2,45,85,170,0.0,0.0,170.0,90,80.0,47.06,Credit Card,4
ORD-2026-12261,2026-03-25,2026-03-26,2026,Q1,March,3,First Class,CUST-1021,Sebastian Lee,Consumer,United States,North America,New York,New York,PROD-OFF-185,Office Supplies,Paper,Executive Recycled Notepad Pack,3,12,24,72,0.05,3.6,68.4,36,32.4,47.37,Wire Transfer,5
ORD-2024-10708,2026-03-25,2026-03-26,2026,Q1,March,3,Standard Class,CUST-1020,Emily Martin,Consumer,Germany,Europe,Bavaria,Munich,PROD-OFF-121,Office Supplies,Appliances,Smart Office Air Purifier Pro,1,140,249,249,0.0,0.0,249.0,140,109.0,43.78,Credit Card,4
ORD-2026-10860,2026-03-25,2026-03-28,2026,Q1,March,3,Standard Class,CUST-1010,Charlotte Martinez,Corporate,Canada,North America,British Columbia,Vancouver,PROD-FUR-144,Furniture,Chairs,Steelcase Gesture Chair,1,820,1250,1250,0.05,62.5,1187.5,820,367.5,30.95,PayPal,4
ORD-2025-10043,2026-03-26,2026-04-01,2026,Q1,March,3,Second Class,CUST-1011,Elijah Hernandez,Corporate,United Kingdom,Europe,England,London,PROD-FUR-154,Furniture,Tables,Smart Motorized Standing Desk,4,320,560,2240,0.0,0.0,2240.0,1280,960.0,42.86,Direct Debit,4
ORD-2026-12081,2026-03-26,2026-03-30,2026,Q1,March,3,Second Class,CUST-1023,Jack Thompson,Consumer,India,Asia Pacific,Maharashtra,Mumbai,PROD-TEC-125,Technology,Phones,OnePlus 12,3,480,649,1947,0.05,97.35,1849.65,1440,409.65,22.15,Direct Debit,4
ORD-2025-12425,2026-03-26,2026-03-30,2026,Q1,March,3,First Class,CUST-1016,Evelyn Thomas,Home Office,United States,North America,Texas,Houston,PROD-FUR-151,Furniture,Tables,Smart Motorized Standing Desk,1,320,560,560,0.0,0.0,560.0,320,240.0,42.86,Credit Card,4
ORD-2026-12984,2026-03-26,2026-03-27,2026,Q1,March,3,Standard Class,CUST-1028,Chloe Ramirez,Corporate,United States,North America,Illinois,Chicago,PROD-FUR-134,Furniture,Chairs,Herman Miller Aeron Chair,2,750,1195,2390,0.0,0.0,2390.0,1500,890.0,37.24,Wire Transfer,4
ORD-2026-12798,2026-03-26,2026-03-29,2026,Q1,March,3,Standard Class,CUST-1013,Alexander Gonzalez,Corporate,Mexico,Latin America,Federal District,Mexico City,PROD-FUR-129,Furniture,Chairs,Ergonomic Mesh Task Chair,3,160,289,867,0.0,0.0,867.0,480,387.0,44.64,Credit Card,5
ORD-2024-12025,2026-03-27,2026-04-01,2026,Q1,March,3,Same Day,CUST-1007,Lucas Miller,Home Office,United States,North America,California,Los Angeles,PROD-TEC-160,Technology,Phones,Google Pixel 8,3,540,699,2097,0.0,0.0,2097.0,1620,477.0,22.75,Credit Card,5
ORD-2024-13414,2026-03-27,2026-03-30,2026,Q1,March,3,Second Class,CUST-1009,Benjamin Rodriguez,Corporate,Australia,Asia Pacific,New South Wales,Sydney,PROD-FUR-183,Furniture,Tables,Coffee Break Lounge Table,3,120,210,630,0.0,0.0,630.0,360,270.0,42.86,Credit Card,4
ORD-2025-11114,2026-03-27,2026-03-29,2026,Q1,March,3,Standard Class,CUST-1010,Charlotte Martinez,Consumer,United States,North America,Illinois,Chicago,PROD-OFF-194,Office Supplies,Appliances,Smart Office Air Purifier Pro,1,140,249,249,0.05,12.45,236.55,140,96.55,40.82,Wire Transfer,5
ORD-2026-11832,2026-03-28,2026-03-31,2026,Q1,March,3,First Class,CUST-1002,Olivia Smith,Corporate,United States,North America,New York,New York,PROD-FUR-146,Furniture,Tables,Modular Team Workstation,2,640,990,1980,0.05,99.0,1881.0,1280,601.0,31.95,Wire Transfer,4
ORD-2026-11463,2026-03-28,2026-03-31,2026,Q1,March,3,Standard Class,CUST-1025,David Harris,Consumer,United Kingdom,Europe,England,London,PROD-TEC-122,Technology,Phones,OnePlus 12,1,480,649,649,0.0,0.0,649.0,480,169.0,26.04,Wire Transfer,5
ORD-2024-10639,2026-03-28,2026-03-31,2026,Q1,March,3,Standard Class,CUST-1013,Alexander Gonzalez,Corporate,Australia,Asia Pacific,New South Wales,Sydney,PROD-TEC-153,Technology,Phones,Google Pixel 8,4,540,699,2796,0.1,279.6,2516.4,2160,356.4,14.16,Wire Transfer,5
ORD-2025-10925,2026-03-28,2026-04-01,2026,Q1,March,3,Same Day,CUST-1004,Sophia Brown,Corporate,Mexico,Latin America,Federal District,Mexico City,PROD-OFF-192,Office Supplies,Appliances,Commercial Espresso Barista Machine,4,620,950,3800,0.05,190.0,3610.0,2480,1130.0,31.3,PayPal,5
ORD-2024-10381,2026-03-29,2026-04-01,2026,Q1,March,3,Standard Class,CUST-1001,Liam Johnson,Consumer,France,Europe,Auvergne-Rhône-Alpes,Lyon,PROD-TEC-189,Technology,Accessories,Bose QuietComfort Headphones,1,180,279,279,0.05,13.95,265.05,180,85.05,32.09,Credit Card,5
ORD-2026-10290,2026-03-29,2026-04-01,2026,Q1,March,3,Standard Class,CUST-1024,Avery White,Home Office,Mexico,Latin America,Jalisco,Guadalajara,PROD-FUR-186,Furniture,Chairs,Steelcase Gesture Chair,1,820,1250,1250,0.0,0.0,1250.0,820,430.0,34.4,PayPal,5
ORD-2025-12170,2026-03-29,2026-04-02,2026,Q1,March,3,Standard Class,CUST-1002,Olivia Smith,Consumer,Germany,Europe,Bavaria,Munich,PROD-FUR-170,Furniture,Chairs,Executive Leather Recliner,4,260,420,1680,0.0,0.0,1680.0,1040,640.0,38.1,Credit Card,5
ORD-2026-12264,2026-03-29,2026-04-02,2026,Q1,March,3,Second Class,CUST-1014,Harper Wilson,Consumer,France,Europe,Île-de-France,Paris,PROD-FUR-132,Furniture,Tables,Modular Team Workstation,4,640,990,3960,0.0,0.0,3960.0,2560,1400.0,35.35,Wire Transfer,5
ORD-2026-11094,2026-03-29,2026-04-03,2026,Q1,March,3,First Class,CUST-1020,Emily Martin,Consumer,United Kingdom,Europe,England,Manchester,PROD-OFF-199,Office Supplies,Paper,Executive Recycled Notepad Pack,3,12,24,72,0.0,0.0,72.0,36,36.0,50.0,Credit Card,5
ORD-2025-12704,2026-03-30,2026-03-31,2026,Q1,March,3,First Class,CUST-1021,Sebastian Lee,Consumer,Canada,North America,Ontario,Toronto,PROD-TEC-185,Technology,Phones,Samsung Galaxy S24,3,720,950,2850,0.1,285.0,2565.0,2160,405.0,15.79,Wire Transfer,4
ORD-2025-10364,2026-03-30,2026-04-01,2026,Q1,March,3,Standard Class,CUST-1022,Elizabeth Perez,Corporate,United Kingdom,Europe,England,Manchester,PROD-FUR-141,Furniture,Chairs,Ergonomic Mesh Task Chair,1,160,289,289,0.05,14.45,274.55,160,114.55,41.72,PayPal,5
ORD-2025-11720,2026-03-30,2026-04-01,2026,Q1,March,3,Second Class,CUST-1017,Matthew Taylor,Corporate,Canada,North America,Ontario,Toronto,PROD-FUR-112,Furniture,Bookcases,Solid Wood Library Cabinet,3,450,720,2160,0.15,324.0,1836.0,1350,486.0,26.47,PayPal,5
ORD-2025-12428,2026-03-30,2026-04-04,2026,Q1,March,3,Standard Class,CUST-1013,Alexander Gonzalez,Corporate,India,Asia Pacific,Karnataka,Bangalore,PROD-TEC-186,Technology,Accessories,Logitech MX Master 3S,2,55,99,198,0.05,9.9,188.1,110,78.1,41.52,Credit Card,5
ORD-2025-10469,2026-03-31,2026-04-03,2026,Q1,March,3,Standard Class,CUST-1015,Daniel Anderson,Corporate,Mexico,Latin America,Jalisco,Guadalajara,PROD-FUR-114,Furniture,Chairs,Executive Leather Recliner,1,260,420,420,0.05,21.0,399.0,260,139.0,34.84,Credit Card,2
ORD-2024-12988,2026-03-31,2026-04-03,2026,Q1,March,3,Standard Class,CUST-1021,Sebastian Lee,Corporate,Japan,Asia Pacific,Kanto,Tokyo,PROD-FUR-180,Furniture,Chairs,Ergonomic Mesh Task Chair,4,160,289,1156,0.0,0.0,1156.0,640,516.0,44.64,Wire Transfer,5
ORD-2024-12034,2026-03-31,2026-04-04,2026,Q1,March,3,Same Day,CUST-1024,Avery White,Corporate,United Kingdom,Europe,England,Manchester,PROD-OFF-103,Office Supplies,Appliances,Smart Office Air Purifier Pro,2,140,249,498,0.1,49.8,448.2,280,168.2,37.53,PayPal,5
ORD-2024-12616,2026-03-31,2026-04-02,2026,Q1,March,3,Standard Class,CUST-1024,Avery White,Consumer,India,Asia Pacific,Karnataka,Bangalore,PROD-TEC-188,Technology,Laptops,HP Spectre x360,5,920,1250,6250,0.15,937.5,5312.5,4600,712.5,13.41,Credit Card,3
ORD-2025-10247,2026-04-01,2026-04-05,2026,Q2,April,4,Standard Class,CUST-1010,Charlotte Martinez,Corporate,Singapore,Asia Pacific,Central,Singapore,PROD-FUR-154,Furniture,Tables,Modular Team Workstation,2,640,990,1980,0.1,198.0,1782.0,1280,502.0,28.17,Wire Transfer,1
ORD-2026-12003,2026-04-01,2026-04-02,2026,Q2,April,4,Standard Class,CUST-1014,Harper Wilson,Consumer,Brazil,Latin America,Rio de Janeiro,Rio de Janeiro,PROD-TEC-172,Technology,Phones,OnePlus 12,5,480,649,3245,0.2,649.0,2596.0,2400,196.0,7.55,Wire Transfer,4
ORD-2025-13442,2026-04-01,2026-04-03,2026,Q2,April,4,Standard Class,CUST-1012,Amelia Lopez,Home Office,Canada,North America,British Columbia,Vancouver,PROD-FUR-167,Furniture,Tables,Coffee Break Lounge Table,2,120,210,420,0.05,21.0,399.0,240,159.0,39.85,Credit Card,2
ORD-2024-10120,2026-04-02,2026-04-08,2026,Q2,April,4,Standard Class,CUST-1028,Chloe Ramirez,Consumer,Canada,North America,British Columbia,Vancouver,PROD-FUR-199,Furniture,Bookcases,Solid Wood Library Cabinet,2,450,720,1440,0.0,0.0,1440.0,900,540.0,37.5,Credit Card,5
ORD-2026-10962,2026-04-02,2026-04-05,2026,Q2,April,4,Same Day,CUST-1013,Alexander Gonzalez,Consumer,United States,North America,Illinois,Chicago,PROD-FUR-163,Furniture,Bookcases,Modern 5-Tier Industrial Bookshelf,1,110,195,195,0.0,0.0,195.0,110,85.0,43.59,Credit Card,4
ORD-2024-12781,2026-04-03,2026-04-04,2026,Q2,April,4,Standard Class,CUST-1000,Emma Watson,Corporate,Germany,Europe,Berlin,Berlin,PROD-FUR-135,Furniture,Tables,Solid Oak Conference Table,1,980,1480,1480,0.0,0.0,1480.0,980,500.0,33.78,PayPal,3
ORD-2024-12178,2026-04-03,2026-04-07,2026,Q2,April,4,Standard Class,CUST-1020,Emily Martin,Corporate,United States,North America,Illinois,Chicago,PROD-TEC-191,Technology,Laptops,ThinkPad X1 Carbon,3,1050,1399,4197,0.0,0.0,4197.0,3150,1047.0,24.95,Direct Debit,4
ORD-2024-12493,2026-04-03,2026-04-05,2026,Q2,April,4,Second Class,CUST-1005,James Jones,Consumer,Australia,Asia Pacific,Victoria,Melbourne,PROD-FUR-122,Furniture,Tables,Modular Team Workstation,4,640,990,3960,0.1,396.0,3564.0,2560,1004.0,28.17,Direct Debit,2
ORD-2026-12624,2026-04-03,2026-04-07,2026,Q2,April,4,Standard Class,CUST-1007,Lucas Miller,Consumer,Singapore,Asia Pacific,Central,Singapore,PROD-TEC-138,Technology,Accessories,Dell 4K UltraSharp Monitor,1,340,489,489,0.0,0.0,489.0,340,149.0,30.47,Credit Card,5
ORD-2024-12625,2026-04-03,2026-04-07,2026,Q2,April,4,Standard Class,CUST-1005,James Jones,Corporate,United Kingdom,Europe,England,Manchester,PROD-TEC-194,Technology,Laptops,MacBook Air M3,1,890,1199,1199,0.15,179.85,1019.15,890,129.15,12.67,Credit Card,5
ORD-2026-11679,2026-04-03,2026-04-07,2026,Q2,April,4,Standard Class,CUST-1013,Alexander Gonzalez,Corporate,United States,North America,Texas,Houston,PROD-FUR-198,Furniture,Tables,Smart Motorized Standing Desk,8,320,560,4480,0.2,896.0,3584.0,2560,1024.0,28.57,Credit Card,3
ORD-2026-13164,2026-04-03,2026-04-06,2026,Q2,April,4,Second Class,CUST-1006,Isabella Garcia,Corporate,Australia,Asia Pacific,New South Wales,Sydney,PROD-TEC-162,Technology,Accessories,Anker USB-C Docking Hub,1,45,79,79,0.0,0.0,79.0,45,34.0,43.04,Credit Card,5
ORD-2026-10479,2026-04-03,2026-04-05,2026,Q2,April,4,Second Class,CUST-1010,Charlotte Martinez,Consumer,Canada,North America,Ontario,Toronto,PROD-FUR-124,Furniture,Bookcases,Glass Display Credenza,5,310,520,2600,0.15,390.0,2210.0,1550,660.0,29.86,Wire Transfer,5
ORD-2024-13480,2026-04-04,2026-04-07,2026,Q2,April,4,Standard Class,CUST-1001,Liam Johnson,Consumer,Japan,Asia Pacific,Kanto,Tokyo,PROD-FUR-173,Furniture,Bookcases,Modern 5-Tier Industrial Bookshelf,1,110,195,195,0.0,0.0,195.0,110,85.0,43.59,Credit Card,5
ORD-2024-12397,2026-04-04,2026-04-06,2026,Q2,April,4,Standard Class,CUST-1029,Joseph Lewis,Corporate,Germany,Europe,Bavaria,Munich,PROD-TEC-149,Technology,Accessories,Dell 4K UltraSharp Monitor,2,340,489,978,0.05,48.9,929.1,680,249.1,26.81,Wire Transfer,5
ORD-2025-13037,2026-04-04,2026-04-06,2026,Q2,April,4,Standard Class,CUST-1011,Elijah Hernandez,Consumer,Canada,North America,British Columbia,Vancouver,PROD-OFF-129,Office Supplies,Appliances,Heavy Duty Cross-Cut Shredder,8,90,165,1320,0.2,264.0,1056.0,720,336.0,31.82,Wire Transfer,4
ORD-2024-11284,2026-04-04,2026-04-06,2026,Q2,April,4,Standard Class,CUST-1006,Isabella Garcia,Home Office,Japan,Asia Pacific,Kanto,Tokyo,PROD-TEC-120,Technology,Laptops,MacBook Air M3,2,890,1199,2398,0.0,0.0,2398.0,1780,618.0,25.77,Wire Transfer,5
ORD-2024-12904,2026-04-04,2026-04-07,2026,Q2,April,4,Same Day,CUST-1024,Avery White,Corporate,United Kingdom,Europe,England,Manchester,PROD-FUR-162,Furniture,Chairs,Ergonomic Mesh Task Chair,1,160,289,289,0.05,14.45,274.55,160,114.55,41.72,Credit Card,3
ORD-2024-10963,2026-04-04,2026-04-07,2026,Q2,April,4,Standard Class,CUST-1016,Evelyn Thomas,Home Office,United States,North America,California,Los Angeles,PROD-OFF-110,Office Supplies,Storage,Heavy Duty 4-Drawer File Cabinet,1,130,220,220,0.0,0.0,220.0,130,90.0,40.91,Wire Transfer,5
ORD-2025-11930,2026-04-05,2026-04-07,2026,Q2,April,4,Standard Class,CUST-1000,Emma Watson,Consumer,Brazil,Latin America,Rio de Janeiro,Rio de Janeiro,PROD-TEC-139,Technology,Laptops,ThinkPad X1 Carbon,5,1050,1399,6995,0.1,699.5,6295.5,5250,1045.5,16.61,Direct Debit,5
ORD-2025-12287,2026-04-05,2026-04-07,2026,Q2,April,4,Standard Class,CUST-1012,Amelia Lopez,Home Office,Mexico,Latin America,Jalisco,Guadalajara,PROD-TEC-116,Technology,Accessories,Anker USB-C Docking Hub,2,45,79,158,0.0,0.0,158.0,90,68.0,43.04,PayPal,3
ORD-2026-10029,2026-04-05,2026-04-08,2026,Q2,April,4,Second Class,CUST-1023,Jack Thompson,Corporate,United States,North America,Texas,Houston,PROD-TEC-180,Technology,Accessories,Dell 4K UltraSharp Monitor,2,340,489,978,0.1,97.8,880.2,680,200.2,22.74,PayPal,5
ORD-2026-10905,2026-04-06,2026-04-12,2026,Q2,April,4,Same Day,CUST-1012,Amelia Lopez,Corporate,Germany,Europe,Bavaria,Munich,PROD-FUR-110,Furniture,Chairs,Steelcase Gesture Chair,1,820,1250,1250,0.15,187.5,1062.5,820,242.5,22.82,Credit Card,5
ORD-2024-11158,2026-04-06,2026-04-08,2026,Q2,April,4,Second Class,CUST-1011,Elijah Hernandez,Corporate,United States,North America,California,Los Angeles,PROD-TEC-129,Technology,Phones,Samsung Galaxy S24,3,720,950,2850,0.0,0.0,2850.0,2160,690.0,24.21,Credit Card,1
ORD-2025-10148,2026-04-06,2026-04-08,2026,Q2,April,4,Standard Class,CUST-1008,Mia Davis,Corporate,India,Asia Pacific,Karnataka,Bangalore,PROD-TEC-190,Technology,Laptops,ThinkPad X1 Carbon,1,1050,1399,1399,0.15,209.85,1189.15,1050,139.15,11.7,Direct Debit,5
ORD-2026-10716,2026-04-06,2026-04-10,2026,Q2,April,4,Standard Class,CUST-1028,Chloe Ramirez,Corporate,Germany,Europe,Bavaria,Munich,PROD-TEC-126,Technology,Laptops,Dell XPS 15,1,1100,1450,1450,0.05,72.5,1377.5,1100,277.5,20.15,Credit Card,5
ORD-2024-13411,2026-04-07,2026-04-09,2026,Q2,April,4,Standard Class,CUST-1013,Alexander Gonzalez,Home Office,Mexico,Latin America,Jalisco,Guadalajara,PROD-OFF-186,Office Supplies,Appliances,Heavy Duty Cross-Cut Shredder,2,90,165,330,0.05,16.5,313.5,180,133.5,42.58,Direct Debit,5
ORD-2025-10016,2026-04-07,2026-04-11,2026,Q2,April,4,Standard Class,CUST-1001,Liam Johnson,Corporate,United Kingdom,Europe,England,London,PROD-OFF-153,Office Supplies,Storage,Heavy Duty 4-Drawer File Cabinet,2,130,220,440,0.0,0.0,440.0,260,180.0,40.91,Credit Card,5
ORD-2026-11217,2026-04-07,2026-04-10,2026,Q2,April,4,Second Class,CUST-1019,Henry Jackson,Home Office,Mexico,Latin America,Jalisco,Guadalajara,PROD-OFF-182,Office Supplies,Appliances,Smart Office Air Purifier Pro,1,140,249,249,0.0,0.0,249.0,140,109.0,43.78,Wire Transfer,5
ORD-2025-11513,2026-04-07,2026-04-10,2026,Q2,April,4,Standard Class,CUST-1003,Noah Williams,Consumer,United States,North America,Illinois,Chicago,PROD-TEC-170,Technology,Phones,Samsung Galaxy S24,4,720,950,3800,0.1,380.0,3420.0,2880,540.0,15.79,Direct Debit,5
ORD-2024-11998,2026-04-07,2026-04-11,2026,Q2,April,4,Standard Class,CUST-1021,Sebastian Lee,Corporate,United States,North America,Texas,Houston,PROD-OFF-117,Office Supplies,Paper,Premium Multipurpose Laser Paper 5000ct,3,28,48,144,0.05,7.2,136.8,84,52.8,38.6,Credit Card,4
ORD-2024-11653,2026-04-07,2026-04-10,2026,Q2,April,4,Standard Class,CUST-1021,Sebastian Lee,Consumer,United States,North America,Texas,Houston,PROD-TEC-120,Technology,Laptops,MacBook Air M3,1,890,1199,1199,0.0,0.0,1199.0,890,309.0,25.77,Credit Card,5
ORD-2026-11388,2026-04-08,2026-04-11,2026,Q2,April,4,Standard Class,CUST-1011,Elijah Hernandez,Corporate,Brazil,Latin America,Rio de Janeiro,Rio de Janeiro,PROD-FUR-142,Furniture,Chairs,Herman Miller Aeron Chair,5,750,1195,5975,0.2,1195.0,4780.0,3750,1030.0,21.55,PayPal,5
ORD-2026-11376,2026-04-08,2026-04-11,2026,Q2,April,4,Same Day,CUST-1024,Avery White,Consumer,United Kingdom,Europe,England,Manchester,PROD-OFF-138,Office Supplies,Appliances,Commercial Espresso Barista Machine,1,620,950,950,0.0,0.0,950.0,620,330.0,34.74,Credit Card,3
ORD-2025-11660,2026-04-08,2026-04-12,2026,Q2,April,4,First Class,CUST-1002,Olivia Smith,Consumer,United Kingdom,Europe,England,Manchester,PROD-TEC-160,Technology,Laptops,MacBook Air M3,1,890,1199,1199,0.0,0.0,1199.0,890,309.0,25.77,Credit Card,5
ORD-2026-10830,2026-04-08,2026-04-11,2026,Q2,April,4,Second Class,CUST-1022,Elizabeth Perez,Consumer,United States,North America,California,Los Angeles,PROD-TEC-162,Technology,Laptops,ThinkPad X1 Carbon,3,1050,1399,4197,0.0,0.0,4197.0,3150,1047.0,24.95,Direct Debit,3
ORD-2025-11936,2026-04-08,2026-04-11,2026,Q2,April,4,Standard Class,CUST-1011,Elijah Hernandez,Consumer,France,Europe,Île-de-France,Paris,PROD-TEC-195,Technology,Laptops,MacBook Air M3,2,890,1199,2398,0.0,0.0,2398.0,1780,618.0,25.77,Credit Card,4
ORD-2024-11944,2026-04-08,2026-04-09,2026,Q2,April,4,Same Day,CUST-1011,Elijah Hernandez,Corporate,Japan,Asia Pacific,Kanto,Tokyo,PROD-OFF-105,Office Supplies,Paper,Premium Multipurpose Laser Paper 5000ct,1,28,48,48,0.1,4.8,43.2,28,15.2,35.19,Wire Transfer,4
ORD-2026-12906,2026-04-09,2026-04-12,2026,Q2,April,4,Standard Class,CUST-1011,Elijah Hernandez,Consumer,United States,North America,Texas,Houston,PROD-OFF-192,Office Supplies,Paper,Heavyweight Cardstock Reams,3,16,32,96,0.0,0.0,96.0,48,48.0,50.0,PayPal,5
ORD-2024-10180,2026-04-09,2026-04-12,2026,Q2,April,4,Standard Class,CUST-1010,Charlotte Martinez,Corporate,United Kingdom,Europe,England,Manchester,PROD-OFF-167,Office Supplies,Appliances,Commercial Espresso Barista Machine,1,620,950,950,0.0,0.0,950.0,620,330.0,34.74,Wire Transfer,2
ORD-2024-10621,2026-04-09,2026-04-11,2026,Q2,April,4,First Class,CUST-1006,Isabella Garcia,Home Office,Brazil,Latin America,Rio de Janeiro,Rio de Janeiro,PROD-FUR-163,Furniture,Chairs,Ergonomic Mesh Task Chair,3,160,289,867,0.0,0.0,867.0,480,387.0,44.64,PayPal,3
ORD-2025-12818,2026-04-09,2026-04-11,2026,Q2,April,4,Standard Class,CUST-1000,Emma Watson,Corporate,Singapore,Asia Pacific,Central,Singapore,PROD-FUR-185,Furniture,Tables,Modular Team Workstation,1,640,990,990,0.1,99.0,891.0,640,251.0,28.17,Wire Transfer,5
ORD-2026-12948,2026-04-09,2026-04-11,2026,Q2,April,4,Standard Class,CUST-1026,Ella Sanchez,Home Office,Mexico,Latin America,Federal District,Mexico City,PROD-FUR-188,Furniture,Tables,Coffee Break Lounge Table,2,120,210,420,0.0,0.0,420.0,240,180.0,42.86,Credit Card,4
ORD-2024-13309,2026-04-09,2026-04-11,2026,Q2,April,4,Standard Class,CUST-1003,Noah Williams,Consumer,United States,North America,New York,New York,PROD-TEC-116,Technology,Phones,Google Pixel 8,1,540,699,699,0.0,0.0,699.0,540,159.0,22.75,Wire Transfer,5
ORD-2025-12992,2026-04-10,2026-04-11,2026,Q2,April,4,Standard Class,CUST-1009,Benjamin Rodriguez,Home Office,Australia,Asia Pacific,New South Wales,Sydney,PROD-FUR-179,Furniture,Bookcases,Solid Wood Library Cabinet,1,450,720,720,0.05,36.0,684.0,450,234.0,34.21,Wire Transfer,4
ORD-2025-11126,2026-04-10,2026-04-11,2026,Q2,April,4,Standard Class,CUST-1024,Avery White,Consumer,France,Europe,Île-de-France,Paris,PROD-FUR-189,Furniture,Chairs,Ergonomic Mesh Task Chair,2,160,289,578,0.0,0.0,578.0,320,258.0,44.64,PayPal,5
ORD-2026-11877,2026-04-10,2026-04-14,2026,Q2,April,4,Standard Class,CUST-1029,Joseph Lewis,Consumer,India,Asia Pacific,Maharashtra,Mumbai,PROD-TEC-170,Technology,Phones,iPhone 15 Pro,1,850,1099,1099,0.05,54.95,1044.05,850,194.05,18.59,Credit Card,5
ORD-2026-10362,2026-04-11,2026-04-12,2026,Q2,April,4,Standard Class,CUST-1012,Amelia Lopez,Home Office,Japan,Asia Pacific,Kanto,Tokyo,PROD-OFF-120,Office Supplies,Paper,Premium Multipurpose Laser Paper 5000ct,2,28,48,96,0.0,0.0,96.0,56,40.0,41.67,Credit Card,4
ORD-2026-10629,2026-04-11,2026-04-14,2026,Q2,April,4,Standard Class,CUST-1026,Ella Sanchez,Corporate,Singapore,Asia Pacific,Central,Singapore,PROD-TEC-124,Technology,Phones,iPhone 15 Pro,5,850,1099,5495,0.15,824.25,4670.75,4250,420.75,9.01,Credit Card,5
ORD-2025-11249,2026-04-11,2026-04-14,2026,Q2,April,4,Standard Class,CUST-1003,Noah Williams,Home Office,Canada,North America,Ontario,Toronto,PROD-TEC-144,Technology,Accessories,Anker USB-C Docking Hub,1,45,79,79,0.0,0.0,79.0,45,34.0,43.04,Wire Transfer,5
ORD-2024-12475,2026-04-12,2026-04-16,2026,Q2,April,4,Second Class,CUST-1010,Charlotte Martinez,Consumer,United States,North America,New York,New York,PROD-OFF-127,Office Supplies,Appliances,Commercial Espresso Barista Machine,1,620,950,950,0.05,47.5,902.5,620,282.5,31.3,Credit Card,4
ORD-2026-12963,2026-04-12,2026-04-15,2026,Q2,April,4,Standard Class,CUST-1004,Sophia Brown,Consumer,United Kingdom,Europe,England,Manchester,PROD-OFF-197,Office Supplies,Appliances,Smart Office Air Purifier Pro,2,140,249,498,0.0,0.0,498.0,280,218.0,43.78,Credit Card,5
ORD-2026-12996,2026-04-12,2026-04-14,2026,Q2,April,4,Standard Class,CUST-1020,Emily Martin,Corporate,Canada,North America,Ontario,Toronto,PROD-TEC-104,Technology,Phones,Google Pixel 8,3,540,699,2097,0.1,209.7,1887.3,1620,267.3,14.16,Credit Card,5
ORD-2025-11051,2026-04-13,2026-04-16,2026,Q2,April,4,Second Class,CUST-1010,Charlotte Martinez,Corporate,France,Europe,Auvergne-Rhône-Alpes,Lyon,PROD-FUR-177,Furniture,Bookcases,Solid Wood Library Cabinet,4,450,720,2880,0.0,0.0,2880.0,1800,1080.0,37.5,PayPal,5
ORD-2024-12742,2026-04-13,2026-04-16,2026,Q2,April,4,Standard Class,CUST-1013,Alexander Gonzalez,Consumer,Canada,North America,British Columbia,Vancouver,PROD-TEC-136,Technology,Phones,Samsung Galaxy S24,1,720,950,950,0.1,95.0,855.0,720,135.0,15.79,Credit Card,3
ORD-2025-12659,2026-04-14,2026-04-15,2026,Q2,April,4,First Class,CUST-1004,Sophia Brown,Corporate,Germany,Europe,Berlin,Berlin,PROD-FUR-186,Furniture,Tables,Solid Oak Conference Table,5,980,1480,7400,0.2,1480.0,5920.0,4900,1020.0,17.23,PayPal,5
ORD-2026-11121,2026-04-14,2026-04-17,2026,Q2,April,4,First Class,CUST-1000,Emma Watson,Corporate,Australia,Asia Pacific,Victoria,Melbourne,PROD-TEC-136,Technology,Accessories,Bose QuietComfort Headphones,2,180,279,558,0.15,83.7,474.3,360,114.3,24.1,Wire Transfer,3
ORD-2024-10132,2026-04-15,2026-04-16,2026,Q2,April,4,Standard Class,CUST-1003,Noah Williams,Home Office,France,Europe,Auvergne-Rhône-Alpes,Lyon,PROD-OFF-177,Office Supplies,Appliances,Commercial Espresso Barista Machine,2,620,950,1900,0.1,190.0,1710.0,1240,470.0,27.49,PayPal,4
ORD-2026-10248,2026-04-15,2026-04-17,2026,Q2,April,4,Second Class,CUST-1007,Lucas Miller,Corporate,Germany,Europe,Bavaria,Munich,PROD-OFF-165,Office Supplies,Appliances,Smart Office Air Purifier Pro,2,140,249,498,0.0,0.0,498.0,280,218.0,43.78,Wire Transfer,4
ORD-2024-11533,2026-04-15,2026-04-16,2026,Q2,April,4,Second Class,CUST-1011,Elijah Hernandez,Corporate,Japan,Asia Pacific,Kanto,Tokyo,PROD-TEC-186,Technology,Accessories,Logitech MX Master 3S,3,55,99,297,0.0,0.0,297.0,165,132.0,44.44,Direct Debit,3
ORD-2025-10664,2026-04-15,2026-04-19,2026,Q2,April,4,Standard Class,CUST-1015,Daniel Anderson,Home Office,United States,North America,Illinois,Chicago,PROD-TEC-151,Technology,Phones,Samsung Galaxy S24,3,720,950,2850,0.0,0.0,2850.0,2160,690.0,24.21,Credit Card,5
ORD-2025-11183,2026-04-15,2026-04-17,2026,Q2,April,4,Standard Class,CUST-1026,Ella Sanchez,Consumer,United States,North America,California,Los Angeles,PROD-OFF-181,Office Supplies,Appliances,Commercial Espresso Barista Machine,2,620,950,1900,0.0,0.0,1900.0,1240,660.0,34.74,Credit Card,5
ORD-2024-10285,2026-04-16,2026-04-21,2026,Q2,April,4,Second Class,CUST-1004,Sophia Brown,Consumer,Japan,Asia Pacific,Kanto,Tokyo,PROD-TEC-133,Technology,Phones,Samsung Galaxy S24,3,720,950,2850,0.0,0.0,2850.0,2160,690.0,24.21,Credit Card,5
ORD-2024-10516,2026-04-16,2026-04-20,2026,Q2,April,4,Standard Class,CUST-1001,Liam Johnson,Corporate,Germany,Europe,Berlin,Berlin,PROD-FUR-161,Furniture,Tables,Coffee Break Lounge Table,1,120,210,210,0.05,10.5,199.5,120,79.5,39.85,Wire Transfer,5
ORD-2025-12452,2026-04-16,2026-04-18,2026,Q2,April,4,Standard Class,CUST-1019,Henry Jackson,Home Office,United States,North America,New York,New York,PROD-OFF-152,Office Supplies,Appliances,Heavy Duty Cross-Cut Shredder,1,90,165,165,0.0,0.0,165.0,90,75.0,45.45,PayPal,4
ORD-2024-11686,2026-04-16,2026-04-19,2026,Q2,April,4,Second Class,CUST-1025,David Harris,Consumer,United States,North America,California,Los Angeles,PROD-FUR-169,Furniture,Bookcases,Modern 5-Tier Industrial Bookshelf,2,110,195,390,0.05,19.5,370.5,220,150.5,40.62,Direct Debit,1
ORD-2024-13183,2026-04-17,2026-04-20,2026,Q2,April,4,Standard Class,CUST-1024,Avery White,Corporate,United States,North America,Texas,Houston,PROD-FUR-134,Furniture,Chairs,Executive Leather Recliner,2,260,420,840,0.0,0.0,840.0,520,320.0,38.1,PayPal,2
ORD-2024-12049,2026-04-17,2026-04-19,2026,Q2,April,4,Standard Class,CUST-1021,Sebastian Lee,Consumer,Canada,North America,Ontario,Toronto,PROD-OFF-193,Office Supplies,Appliances,Heavy Duty Cross-Cut Shredder,1,90,165,165,0.0,0.0,165.0,90,75.0,45.45,Direct Debit,3
ORD-2026-12063,2026-04-17,2026-04-20,2026,Q2,April,4,Standard Class,CUST-1002,Olivia Smith,Consumer,United States,North America,Illinois,Chicago,PROD-OFF-141,Office Supplies,Paper,Heavyweight Cardstock Reams,2,16,32,64,0.1,6.4,57.6,32,25.6,44.44,Credit Card,5
ORD-2025-13367,2026-04-17,2026-04-21,2026,Q2,April,4,Same Day,CUST-1011,Elijah Hernandez,Home Office,United Kingdom,Europe,England,Manchester,PROD-OFF-115,Office Supplies,Storage,Locking Security Storage Box,4,65,115,460,0.0,0.0,460.0,260,200.0,43.48,Credit Card,4
ORD-2026-10137,2026-04-18,2026-04-20,2026,Q2,April,4,Second Class,CUST-1004,Sophia Brown,Consumer,Canada,North America,British Columbia,Vancouver,PROD-TEC-196,Technology,Laptops,ThinkPad X1 Carbon,2,1050,1399,2798,0.0,0.0,2798.0,2100,698.0,24.95,Wire Transfer,2
ORD-2026-10032,2026-04-18,2026-04-23,2026,Q2,April,4,Standard Class,CUST-1009,Benjamin Rodriguez,Consumer,United States,North America,New York,New York,PROD-TEC-159,Technology,Laptops,MacBook Air M3,2,890,1199,2398,0.05,119.9,2278.1,1780,498.1,21.86,Credit Card,4
ORD-2026-12981,2026-04-19,2026-04-21,2026,Q2,April,4,Same Day,CUST-1020,Emily Martin,Home Office,United Kingdom,Europe,England,London,PROD-OFF-182,Office Supplies,Appliances,Commercial Espresso Barista Machine,5,620,950,4750,0.2,950.0,3800.0,3100,700.0,18.42,PayPal,1
ORD-2025-13379,2026-04-19,2026-04-23,2026,Q2,April,4,Standard Class,CUST-1029,Joseph Lewis,Consumer,United States,North America,Illinois,Chicago,PROD-FUR-114,Furniture,Chairs,Ergonomic Mesh Task Chair,4,160,289,1156,0.0,0.0,1156.0,640,516.0,44.64,Direct Debit,5
ORD-2026-10884,2026-04-19,2026-04-24,2026,Q2,April,4,First Class,CUST-1012,Amelia Lopez,Corporate,United States,North America,Texas,Houston,PROD-TEC-155,Technology,Phones,Google Pixel 8,1,540,699,699,0.1,69.9,629.1,540,89.1,14.16,Wire Transfer,4
ORD-2025-10316,2026-04-20,2026-04-22,2026,Q2,April,4,Standard Class,CUST-1005,James Jones,Consumer,Canada,North America,Ontario,Toronto,PROD-TEC-164,Technology,Accessories,Bose QuietComfort Headphones,4,180,279,1116,0.0,0.0,1116.0,720,396.0,35.48,Credit Card,5
ORD-2024-12364,2026-04-20,2026-04-24,2026,Q2,April,4,Standard Class,CUST-1000,Emma Watson,Consumer,India,Asia Pacific,Karnataka,Bangalore,PROD-TEC-198,Technology,Accessories,Anker USB-C Docking Hub,3,45,79,237,0.0,0.0,237.0,135,102.0,43.04,Credit Card,5
ORD-2025-12515,2026-04-20,2026-04-25,2026,Q2,April,4,Standard Class,CUST-1020,Emily Martin,Consumer,United Kingdom,Europe,England,Manchester,PROD-FUR-194,Furniture,Tables,Coffee Break Lounge Table,6,120,210,1260,0.1,126.0,1134.0,720,414.0,36.51,PayPal,4
ORD-2024-11233,2026-04-20,2026-04-24,2026,Q2,April,4,Second Class,CUST-1003,Noah Williams,Consumer,Germany,Europe,Bavaria,Munich,PROD-OFF-132,Office Supplies,Paper,Premium Multipurpose Laser Paper 5000ct,1,28,48,48,0.0,0.0,48.0,28,20.0,41.67,Wire Transfer,5
ORD-2025-12674,2026-04-20,2026-04-23,2026,Q2,April,4,Second Class,CUST-1007,Lucas Miller,Corporate,Canada,North America,Ontario,Toronto,PROD-FUR-160,Furniture,Tables,Coffee Break Lounge Table,2,120,210,420,0.05,21.0,399.0,240,159.0,39.85,Direct Debit,5
ORD-2025-13274,2026-04-21,2026-04-24,2026,Q2,April,4,Standard Class,CUST-1009,Benjamin Rodriguez,Corporate,United States,North America,California,Los Angeles,PROD-TEC-131,Technology,Laptops,ThinkPad X1 Carbon,1,1050,1399,1399,0.05,69.95,1329.05,1050,279.05,21.0,Credit Card,5
ORD-2024-11407,2026-04-21,2026-04-24,2026,Q2,April,4,Second Class,CUST-1012,Amelia Lopez,Consumer,Mexico,Latin America,Jalisco,Guadalajara,PROD-FUR-174,Furniture,Chairs,Steelcase Gesture Chair,4,820,1250,5000,0.0,0.0,5000.0,3280,1720.0,34.4,Credit Card,5
ORD-2024-11575,2026-04-22,2026-04-26,2026,Q2,April,4,Second Class,CUST-1005,James Jones,Consumer,United States,North America,New York,New York,PROD-TEC-112,Technology,Accessories,Bose QuietComfort Headphones,3,180,279,837,0.0,0.0,837.0,540,297.0,35.48,Credit Card,4
ORD-2024-11422,2026-04-23,2026-04-27,2026,Q2,April,4,Standard Class,CUST-1010,Charlotte Martinez,Consumer,Australia,Asia Pacific,New South Wales,Sydney,PROD-TEC-128,Technology,Accessories,Dell 4K UltraSharp Monitor,1,340,489,489,0.05,24.45,464.55,340,124.55,26.81,PayPal,4
ORD-2026-12177,2026-04-23,2026-04-25,2026,Q2,April,4,Second Class,CUST-1011,Elijah Hernandez,Corporate,Singapore,Asia Pacific,Central,Singapore,PROD-FUR-144,Furniture,Tables,Solid Oak Conference Table,5,980,1480,7400,0.1,740.0,6660.0,4900,1760.0,26.43,Direct Debit,5
ORD-2024-11509,2026-04-23,2026-04-25,2026,Q2,April,4,Standard Class,CUST-1015,Daniel Anderson,Home Office,United States,North America,Illinois,Chicago,PROD-TEC-121,Technology,Accessories,Dell 4K UltraSharp Monitor,1,340,489,489,0.0,0.0,489.0,340,149.0,30.47,PayPal,5
ORD-2025-12632,2026-04-24,2026-04-27,2026,Q2,April,4,Standard Class,CUST-1005,James Jones,Corporate,Canada,North America,British Columbia,Vancouver,PROD-OFF-180,Office Supplies,Paper,Executive Recycled Notepad Pack,1,12,24,24,0.05,1.2,22.8,12,10.8,47.37,Credit Card,5
ORD-2024-11881,2026-04-24,2026-04-26,2026,Q2,April,4,First Class,CUST-1021,Sebastian Lee,Home Office,Japan,Asia Pacific,Kanto,Tokyo,PROD-FUR-141,Furniture,Tables,Coffee Break Lounge Table,3,120,210,630,0.0,0.0,630.0,360,270.0,42.86,Wire Transfer,1
ORD-2026-11964,2026-04-24,2026-04-26,2026,Q2,April,4,Standard Class,CUST-1014,Harper Wilson,Consumer,France,Europe,Auvergne-Rhône-Alpes,Lyon,PROD-OFF-196,Office Supplies,Storage,Rolling Mobile Utility Cart,1,45,85,85,0.0,0.0,85.0,45,40.0,47.06,Wire Transfer,4
ORD-2026-11172,2026-04-24,2026-04-27,2026,Q2,April,4,First Class,CUST-1003,Noah Williams,Home Office,United Kingdom,Europe,England,Manchester,PROD-TEC-175,Technology,Accessories,Dell 4K UltraSharp Monitor,1,340,489,489,0.05,24.45,464.55,340,124.55,26.81,Credit Card,5
ORD-2025-11405,2026-04-25,2026-04-28,2026,Q2,April,4,Standard Class,CUST-1028,Chloe Ramirez,Home Office,France,Europe,Auvergne-Rhône-Alpes,Lyon,PROD-OFF-180,Office Supplies,Storage,Heavy Duty 4-Drawer File Cabinet,1,130,220,220,0.05,11.0,209.0,130,79.0,37.8,Direct Debit,5
ORD-2026-12960,2026-04-26,2026-04-30,2026,Q2,April,4,Standard Class,CUST-1027,Samuel Clark,Consumer,Singapore,Asia Pacific,Central,Singapore,PROD-FUR-101,Furniture,Tables,Smart Motorized Standing Desk,2,320,560,1120,0.0,0.0,1120.0,640,480.0,42.86,Credit Card,5
ORD-2025-12479,2026-04-26,2026-04-28,2026,Q2,April,4,Standard Class,CUST-1024,Avery White,Corporate,India,Asia Pacific,Karnataka,Bangalore,PROD-OFF-117,Office Supplies,Paper,Executive Recycled Notepad Pack,3,12,24,72,0.05,3.6,68.4,36,32.4,47.37,Credit Card,5
ORD-2025-11057,2026-04-26,2026-04-29,2026,Q2,April,4,Second Class,CUST-1002,Olivia Smith,Consumer,Australia,Asia Pacific,Victoria,Melbourne,PROD-TEC-106,Technology,Accessories,Logitech MX Master 3S,3,55,99,297,0.05,14.85,282.15,165,117.15,41.52,Credit Card,5
ORD-2026-13215,2026-04-27,2026-04-30,2026,Q2,April,4,Standard Class,CUST-1000,Emma Watson,Consumer,United States,North America,Texas,Houston,PROD-FUR-156,Furniture,Bookcases,Glass Display Credenza,1,310,520,520,0.1,52.0,468.0,310,158.0,33.76,PayPal,5
ORD-2024-13300,2026-04-27,2026-04-29,2026,Q2,April,4,Standard Class,CUST-1010,Charlotte Martinez,Corporate,United States,North America,New York,New York,PROD-TEC-122,Technology,Laptops,ThinkPad X1 Carbon,4,1050,1399,5596,0.1,559.6,5036.4,4200,836.4,16.61,Credit Card,5
ORD-2024-11155,2026-04-27,2026-04-29,2026,Q2,April,4,Second Class,CUST-1008,Mia Davis,Corporate,Brazil,Latin America,Rio de Janeiro,Rio de Janeiro,PROD-FUR-194,Furniture,Tables,Coffee Break Lounge Table,3,120,210,630,0.05,31.5,598.5,360,238.5,39.85,PayPal,3
ORD-2025-12002,2026-04-27,2026-04-30,2026,Q2,April,4,Standard Class,CUST-1015,Daniel Anderson,Corporate,United States,North America,New York,New York,PROD-TEC-133,Technology,Accessories,Logitech MX Master 3S,1,55,99,99,0.0,0.0,99.0,55,44.0,44.44,Credit Card,5
ORD-2026-10044,2026-04-28,2026-05-01,2026,Q2,April,4,Standard Class,CUST-1005,James Jones,Corporate,Mexico,Latin America,Federal District,Mexico City,PROD-FUR-160,Furniture,Bookcases,Solid Wood Library Cabinet,2,450,720,1440,0.1,144.0,1296.0,900,396.0,30.56,Credit Card,3
ORD-2026-10332,2026-04-28,2026-04-30,2026,Q2,April,4,Standard Class,CUST-1013,Alexander Gonzalez,Corporate,France,Europe,Île-de-France,Paris,PROD-OFF-137,Office Supplies,Appliances,Smart Office Air Purifier Pro,3,140,249,747,0.05,37.35,709.65,420,289.65,40.82,Credit Card,5
ORD-2025-11321,2026-04-28,2026-05-01,2026,Q2,April,4,Same Day,CUST-1017,Matthew Taylor,Corporate,United States,North America,California,Los Angeles,PROD-TEC-169,Technology,Accessories,Logitech MX Master 3S,4,55,99,396,0.15,59.4,336.6,220,116.6,34.64,Wire Transfer,4
ORD-2026-12618,2026-04-29,2026-05-01,2026,Q2,April,4,Standard Class,CUST-1018,Abigail Moore,Home Office,Canada,North America,British Columbia,Vancouver,PROD-FUR-121,Furniture,Tables,Solid Oak Conference Table,5,980,1480,7400,0.15,1110.0,6290.0,4900,1390.0,22.1,Wire Transfer,5
ORD-2024-11455,2026-04-29,2026-05-01,2026,Q2,April,4,Standard Class,CUST-1000,Emma Watson,Corporate,United Kingdom,Europe,England,London,PROD-OFF-166,Office Supplies,Paper,Premium Multipurpose Laser Paper 5000ct,4,28,48,192,0.1,19.2,172.8,112,60.8,35.19,Direct Debit,5
ORD-2024-10045,2026-04-30,2026-05-05,2026,Q2,April,4,Standard Class,CUST-1014,Harper Wilson,Consumer,France,Europe,Île-de-France,Paris,PROD-FUR-164,Furniture,Tables,Smart Motorized Standing Desk,5,320,560,2800,0.1,280.0,2520.0,1600,920.0,36.51,Credit Card,4
ORD-2024-10243,2026-04-30,2026-05-03,2026,Q2,April,4,Standard Class,CUST-1012,Amelia Lopez,Consumer,Australia,Asia Pacific,New South Wales,Sydney,PROD-OFF-187,Office Supplies,Appliances,Commercial Espresso Barista Machine,1,620,950,950,0.05,47.5,902.5,620,282.5,31.3,Wire Transfer,3
ORD-2026-12327,2026-04-30,2026-05-03,2026,Q2,April,4,First Class,CUST-1022,Elizabeth Perez,Home Office,Mexico,Latin America,Jalisco,Guadalajara,PROD-TEC-122,Technology,Laptops,MacBook Air M3,2,890,1199,2398,0.0,0.0,2398.0,1780,618.0,25.77,Credit Card,5
ORD-2026-10677,2026-05-01,2026-05-05,2026,Q2,May,5,Standard Class,CUST-1005,James Jones,Consumer,Canada,North America,Ontario,Toronto,PROD-FUR-153,Furniture,Tables,Coffee Break Lounge Table,3,120,210,630,0.0,0.0,630.0,360,270.0,42.86,Wire Transfer,5
ORD-2026-12972,2026-05-01,2026-05-05,2026,Q2,May,5,Standard Class,CUST-1003,Noah Williams,Corporate,United Kingdom,Europe,England,London,PROD-TEC-171,Technology,Laptops,HP Spectre x360,1,920,1250,1250,0.05,62.5,1187.5,920,267.5,22.53,Direct Debit,5
ORD-2026-10566,2026-05-01,2026-05-04,2026,Q2,May,5,Standard Class,CUST-1025,David Harris,Home Office,United States,North America,California,Los Angeles,PROD-TEC-148,Technology,Phones,Google Pixel 8,3,540,699,2097,0.1,209.7,1887.3,1620,267.3,14.16,Direct Debit,1
ORD-2024-13147,2026-05-02,2026-05-04,2026,Q2,May,5,Second Class,CUST-1028,Chloe Ramirez,Home Office,United States,North America,California,Los Angeles,PROD-TEC-192,Technology,Laptops,HP Spectre x360,2,920,1250,2500,0.0,0.0,2500.0,1840,660.0,26.4,Wire Transfer,4
ORD-2026-11460,2026-05-02,2026-05-06,2026,Q2,May,5,Second Class,CUST-1006,Isabella Garcia,Consumer,Canada,North America,Ontario,Toronto,PROD-OFF-125,Office Supplies,Storage,Heavy Duty 4-Drawer File Cabinet,2,130,220,440,0.0,0.0,440.0,260,180.0,40.91,Credit Card,5
ORD-2025-12083,2026-05-02,2026-05-05,2026,Q2,May,5,Standard Class,CUST-1021,Sebastian Lee,Corporate,Singapore,Asia Pacific,Central,Singapore,PROD-OFF-117,Office Supplies,Paper,Heavyweight Cardstock Reams,1,16,32,32,0.15,4.8,27.2,16,11.2,41.18,Credit Card,5
ORD-2025-13097,2026-05-02,2026-05-05,2026,Q2,May,5,Standard Class,CUST-1027,Samuel Clark,Home Office,Canada,North America,Ontario,Toronto,PROD-TEC-152,Technology,Accessories,Bose QuietComfort Headphones,1,180,279,279,0.0,0.0,279.0,180,99.0,35.48,Credit Card,5
ORD-2024-10876,2026-05-02,2026-05-04,2026,Q2,May,5,Standard Class,CUST-1025,David Harris,Consumer,France,Europe,Auvergne-Rhône-Alpes,Lyon,PROD-TEC-136,Technology,Phones,OnePlus 12,1,480,649,649,0.0,0.0,649.0,480,169.0,26.04,Credit Card,5
ORD-2026-13476,2026-05-02,2026-05-06,2026,Q2,May,5,Standard Class,CUST-1007,Lucas Miller,Consumer,Singapore,Asia Pacific,Central,Singapore,PROD-TEC-146,Technology,Phones,iPhone 15 Pro,1,850,1099,1099,0.05,54.95,1044.05,850,194.05,18.59,Direct Debit,5
ORD-2024-10060,2026-05-02,2026-05-04,2026,Q2,May,5,First Class,CUST-1009,Benjamin Rodriguez,Corporate,United States,North America,Texas,Houston,PROD-OFF-171,Office Supplies,Storage,Rolling Mobile Utility Cart,1,45,85,85,0.0,0.0,85.0,45,40.0,47.06,Wire Transfer,4
ORD-2025-11276,2026-05-03,2026-05-07,2026,Q2,May,5,Standard Class,CUST-1024,Avery White,Corporate,Canada,North America,Ontario,Toronto,PROD-TEC-101,Technology,Laptops,HP Spectre x360,3,920,1250,3750,0.0,0.0,3750.0,2760,990.0,26.4,PayPal,5
ORD-2026-12066,2026-05-03,2026-05-05,2026,Q2,May,5,Standard Class,CUST-1013,Alexander Gonzalez,Corporate,United Kingdom,Europe,England,Manchester,PROD-OFF-172,Office Supplies,Appliances,Heavy Duty Cross-Cut Shredder,1,90,165,165,0.05,8.25,156.75,90,66.75,42.58,Direct Debit,5
ORD-2025-11003,2026-05-04,2026-05-07,2026,Q2,May,5,Second Class,CUST-1022,Elizabeth Perez,Consumer,India,Asia Pacific,Karnataka,Bangalore,PROD-OFF-110,Office Supplies,Paper,Premium Multipurpose Laser Paper 5000ct,3,28,48,144,0.0,0.0,144.0,84,60.0,41.67,PayPal,5
ORD-2025-10040,2026-05-04,2026-05-05,2026,Q2,May,5,Standard Class,CUST-1017,Matthew Taylor,Consumer,Brazil,Latin America,Rio de Janeiro,Rio de Janeiro,PROD-FUR-197,Furniture,Bookcases,Modern 5-Tier Industrial Bookshelf,1,110,195,195,0.0,0.0,195.0,110,85.0,43.59,PayPal,4
ORD-2026-10590,2026-05-05,2026-05-09,2026,Q2,May,5,Standard Class,CUST-1005,James Jones,Consumer,Germany,Europe,Berlin,Berlin,PROD-TEC-180,Technology,Accessories,Bose QuietComfort Headphones,1,180,279,279,0.0,0.0,279.0,180,99.0,35.48,Direct Debit,5
ORD-2024-11479,2026-05-05,2026-05-07,2026,Q2,May,5,Standard Class,CUST-1029,Joseph Lewis,Consumer,Australia,Asia Pacific,Victoria,Melbourne,PROD-TEC-189,Technology,Accessories,Dell 4K UltraSharp Monitor,1,340,489,489,0.0,0.0,489.0,340,149.0,30.47,PayPal,2
ORD-2026-11196,2026-05-05,2026-05-09,2026,Q2,May,5,Same Day,CUST-1027,Samuel Clark,Corporate,Japan,Asia Pacific,Kanto,Tokyo,PROD-TEC-194,Technology,Phones,Samsung Galaxy S24,6,720,950,5700,0.15,855.0,4845.0,4320,525.0,10.84,Wire Transfer,5
ORD-2026-10344,2026-05-06,2026-05-08,2026,Q2,May,5,Standard Class,CUST-1019,Henry Jackson,Corporate,United States,North America,Illinois,Chicago,PROD-TEC-102,Technology,Accessories,Logitech MX Master 3S,6,55,99,594,0.1,59.4,534.6,330,204.6,38.27,Wire Transfer,3
ORD-2024-10780,2026-05-06,2026-05-09,2026,Q2,May,5,First Class,CUST-1010,Charlotte Martinez,Consumer,Australia,Asia Pacific,Victoria,Melbourne,PROD-TEC-189,Technology,Laptops,MacBook Air M3,1,890,1199,1199,0.05,59.95,1139.05,890,249.05,21.86,PayPal,5
ORD-2025-11018,2026-05-06,2026-05-10,2026,Q2,May,5,Second Class,CUST-1004,Sophia Brown,Consumer,Mexico,Latin America,Jalisco,Guadalajara,PROD-FUR-131,Furniture,Bookcases,Modern 5-Tier Industrial Bookshelf,3,110,195,585,0.0,0.0,585.0,330,255.0,43.59,PayPal,5
ORD-2024-12415,2026-05-06,2026-05-10,2026,Q2,May,5,Second Class,CUST-1010,Charlotte Martinez,Consumer,France,Europe,Auvergne-Rhône-Alpes,Lyon,PROD-FUR-159,Furniture,Tables,Smart Motorized Standing Desk,2,320,560,1120,0.0,0.0,1120.0,640,480.0,42.86,Credit Card,5
ORD-2025-12647,2026-05-06,2026-05-09,2026,Q2,May,5,Second Class,CUST-1007,Lucas Miller,Corporate,United States,North America,California,Los Angeles,PROD-TEC-125,Technology,Phones,OnePlus 12,2,480,649,1298,0.05,64.9,1233.1,960,273.1,22.15,Wire Transfer,5
ORD-2026-11010,2026-05-07,2026-05-08,2026,Q2,May,5,Standard Class,CUST-1007,Lucas Miller,Consumer,Singapore,Asia Pacific,Central,Singapore,PROD-OFF-139,Office Supplies,Paper,Premium Multipurpose Laser Paper 5000ct,1,28,48,48,0.0,0.0,48.0,28,20.0,41.67,Wire Transfer,3
ORD-2026-10800,2026-05-08,2026-05-11,2026,Q2,May,5,First Class,CUST-1007,Lucas Miller,Consumer,United States,North America,Illinois,Chicago,PROD-TEC-102,Technology,Phones,Samsung Galaxy S24,1,720,950,950,0.0,0.0,950.0,720,230.0,24.21,Direct Debit,5
ORD-2026-13023,2026-05-08,2026-05-14,2026,Q2,May,5,Same Day,CUST-1017,Matthew Taylor,Corporate,Canada,North America,Ontario,Toronto,PROD-FUR-141,Furniture,Bookcases,Solid Wood Library Cabinet,3,450,720,2160,0.1,216.0,1944.0,1350,594.0,30.56,Credit Card,4
ORD-2026-10071,2026-05-08,2026-05-10,2026,Q2,May,5,Standard Class,CUST-1020,Emily Martin,Corporate,United States,North America,Texas,Houston,PROD-TEC-112,Technology,Laptops,Dell XPS 15,5,1100,1450,7250,0.1,725.0,6525.0,5500,1025.0,15.71,Credit Card,5
ORD-2025-11852,2026-05-08,2026-05-11,2026,Q2,May,5,Standard Class,CUST-1006,Isabella Garcia,Consumer,United Kingdom,Europe,England,London,PROD-OFF-180,Office Supplies,Appliances,Commercial Espresso Barista Machine,1,620,950,950,0.05,47.5,902.5,620,282.5,31.3,Credit Card,2
ORD-2026-10365,2026-05-09,2026-05-13,2026,Q2,May,5,Second Class,CUST-1024,Avery White,Consumer,Mexico,Latin America,Jalisco,Guadalajara,PROD-TEC-120,Technology,Accessories,Dell 4K UltraSharp Monitor,4,340,489,1956,0.0,0.0,1956.0,1360,596.0,30.47,Credit Card,4
ORD-2025-11366,2026-05-09,2026-05-12,2026,Q2,May,5,Standard Class,CUST-1013,Alexander Gonzalez,Home Office,Canada,North America,Ontario,Toronto,PROD-FUR-191,Furniture,Chairs,Steelcase Gesture Chair,2,820,1250,2500,0.0,0.0,2500.0,1640,860.0,34.4,Credit Card,5
ORD-2024-12727,2026-05-10,2026-05-12,2026,Q2,May,5,First Class,CUST-1024,Avery White,Corporate,France,Europe,Île-de-France,Paris,PROD-FUR-134,Furniture,Bookcases,Modern 5-Tier Industrial Bookshelf,3,110,195,585,0.05,29.25,555.75,330,225.75,40.62,Credit Card,3
ORD-2025-12821,2026-05-10,2026-05-14,2026,Q2,May,5,Second Class,CUST-1025,David Harris,Consumer,Canada,North America,British Columbia,Vancouver,PROD-TEC-186,Technology,Phones,OnePlus 12,1,480,649,649,0.0,0.0,649.0,480,169.0,26.04,Wire Transfer,5
ORD-2024-11458,2026-05-10,2026-05-13,2026,Q2,May,5,Standard Class,CUST-1019,Henry Jackson,Consumer,United Kingdom,Europe,England,London,PROD-OFF-197,Office Supplies,Storage,Heavy Duty 4-Drawer File Cabinet,1,130,220,220,0.1,22.0,198.0,130,68.0,34.34,Credit Card,4
ORD-2025-11675,2026-05-10,2026-05-14,2026,Q2,May,5,First Class,CUST-1006,Isabella Garcia,Consumer,Canada,North America,British Columbia,Vancouver,PROD-TEC-187,Technology,Laptops,HP Spectre x360,5,920,1250,6250,0.1,625.0,5625.0,4600,1025.0,18.22,Wire Transfer,5
ORD-2026-12705,2026-05-10,2026-05-13,2026,Q2,May,5,Standard Class,CUST-1008,Mia Davis,Corporate,United States,North America,California,Los Angeles,PROD-FUR-198,Furniture,Chairs,Executive Leather Recliner,1,260,420,420,0.05,21.0,399.0,260,139.0,34.84,PayPal,5
ORD-2026-13302,2026-05-11,2026-05-15,2026,Q2,May,5,First Class,CUST-1015,Daniel Anderson,Consumer,Canada,North America,British Columbia,Vancouver,PROD-TEC-178,Technology,Phones,iPhone 15 Pro,1,850,1099,1099,0.05,54.95,1044.05,850,194.05,18.59,Direct Debit,5
ORD-2024-11920,2026-05-11,2026-05-13,2026,Q2,May,5,Second Class,CUST-1001,Liam Johnson,Home Office,Japan,Asia Pacific,Kanto,Tokyo,PROD-TEC-120,Technology,Accessories,Dell 4K UltraSharp Monitor,2,340,489,978,0.0,0.0,978.0,680,298.0,30.47,Credit Card,5
ORD-2026-13167,2026-05-11,2026-05-14,2026,Q2,May,5,Same Day,CUST-1012,Amelia Lopez,Corporate,United States,North America,Texas,Houston,PROD-FUR-139,Furniture,Chairs,Herman Miller Aeron Chair,1,750,1195,1195,0.05,59.75,1135.25,750,385.25,33.94,Credit Card,5
ORD-2025-11225,2026-05-12,2026-05-14,2026,Q2,May,5,Standard Class,CUST-1018,Abigail Moore,Consumer,United Kingdom,Europe,England,London,PROD-OFF-121,Office Supplies,Appliances,Commercial Espresso Barista Machine,2,620,950,1900,0.0,0.0,1900.0,1240,660.0,34.74,PayPal,5
ORD-2025-10571,2026-05-12,2026-05-14,2026,Q2,May,5,Standard Class,CUST-1004,Sophia Brown,Corporate,Canada,North America,Ontario,Toronto,PROD-TEC-160,Technology,Accessories,Logitech MX Master 3S,2,55,99,198,0.0,0.0,198.0,110,88.0,44.44,Wire Transfer,5
ORD-2026-12786,2026-05-12,2026-05-14,2026,Q2,May,5,Standard Class,CUST-1028,Chloe Ramirez,Corporate,United States,North America,Texas,Houston,PROD-OFF-120,Office Supplies,Paper,Heavyweight Cardstock Reams,4,16,32,128,0.1,12.8,115.2,64,51.2,44.44,PayPal,5
ORD-2026-10986,2026-05-13,2026-05-16,2026,Q2,May,5,Standard Class,CUST-1001,Liam Johnson,Consumer,United States,North America,California,Los Angeles,PROD-OFF-141,Office Supplies,Storage,Locking Security Storage Box,2,65,115,230,0.05,11.5,218.5,130,88.5,40.5,Wire Transfer,5
ORD-2025-10991,2026-05-13,2026-05-15,2026,Q2,May,5,Standard Class,CUST-1009,Benjamin Rodriguez,Consumer,Australia,Asia Pacific,Victoria,Melbourne,PROD-TEC-193,Technology,Accessories,Anker USB-C Docking Hub,2,45,79,158,0.1,15.8,142.2,90,52.2,36.71,Wire Transfer,5
ORD-2025-11144,2026-05-13,2026-05-15,2026,Q2,May,5,Standard Class,CUST-1017,Matthew Taylor,Consumer,Germany,Europe,Berlin,Berlin,PROD-OFF-106,Office Supplies,Paper,Executive Recycled Notepad Pack,5,12,24,120,0.2,24.0,96.0,60,36.0,37.5,Credit Card,4
ORD-2026-11973,2026-05-13,2026-05-15,2026,Q2,May,5,Second Class,CUST-1009,Benjamin Rodriguez,Consumer,Australia,Asia Pacific,Victoria,Melbourne,PROD-FUR-149,Furniture,Tables,Modular Team Workstation,5,640,990,4950,0.15,742.5,4207.5,3200,1007.5,23.95,Credit Card,4
ORD-2024-11797,2026-05-14,2026-05-17,2026,Q2,May,5,Standard Class,CUST-1014,Harper Wilson,Home Office,Brazil,Latin America,Rio de Janeiro,Rio de Janeiro,PROD-TEC-146,Technology,Laptops,Dell XPS 15,2,1100,1450,2900,0.0,0.0,2900.0,2200,700.0,24.14,Credit Card,5
ORD-2025-13298,2026-05-14,2026-05-19,2026,Q2,May,5,First Class,CUST-1000,Emma Watson,Corporate,United States,North America,California,Los Angeles,PROD-FUR-181,Furniture,Tables,Modular Team Workstation,1,640,990,990,0.0,0.0,990.0,640,350.0,35.35,Wire Transfer,3
ORD-2025-12797,2026-05-14,2026-05-17,2026,Q2,May,5,Standard Class,CUST-1015,Daniel Anderson,Consumer,France,Europe,Auvergne-Rhône-Alpes,Lyon,PROD-FUR-123,Furniture,Chairs,Steelcase Gesture Chair,3,820,1250,3750,0.05,187.5,3562.5,2460,1102.5,30.95,Credit Card,4
ORD-2024-10918,2026-05-15,2026-05-20,2026,Q2,May,5,First Class,CUST-1028,Chloe Ramirez,Corporate,United Kingdom,Europe,England,London,PROD-TEC-106,Technology,Phones,OnePlus 12,1,480,649,649,0.0,0.0,649.0,480,169.0,26.04,Direct Debit,5
ORD-2026-13362,2026-05-15,2026-05-16,2026,Q2,May,5,Second Class,CUST-1023,Jack Thompson,Consumer,United States,North America,New York,New York,PROD-FUR-173,Furniture,Chairs,Herman Miller Aeron Chair,3,750,1195,3585,0.0,0.0,3585.0,2250,1335.0,37.24,Credit Card,3
ORD-2024-13051,2026-05-16,2026-05-20,2026,Q2,May,5,First Class,CUST-1011,Elijah Hernandez,Corporate,Singapore,Asia Pacific,Central,Singapore,PROD-TEC-162,Technology,Accessories,Anker USB-C Docking Hub,8,45,79,632,0.1,63.2,568.8,360,208.8,36.71,Credit Card,5
ORD-2025-12281,2026-05-16,2026-05-20,2026,Q2,May,5,First Class,CUST-1028,Chloe Ramirez,Corporate,United States,North America,New York,New York,PROD-FUR-137,Furniture,Tables,Smart Motorized Standing Desk,2,320,560,1120,0.0,0.0,1120.0,640,480.0,42.86,Credit Card,5
ORD-2025-12935,2026-05-16,2026-05-19,2026,Q2,May,5,Second Class,CUST-1006,Isabella Garcia,Corporate,Singapore,Asia Pacific,Central,Singapore,PROD-FUR-106,Furniture,Tables,Coffee Break Lounge Table,3,120,210,630,0.1,63.0,567.0,360,207.0,36.51,PayPal,5
ORD-2024-12205,2026-05-17,2026-05-23,2026,Q2,May,5,Same Day,CUST-1024,Avery White,Home Office,United Kingdom,Europe,England,Manchester,PROD-TEC-103,Technology,Laptops,HP Spectre x360,1,920,1250,1250,0.0,0.0,1250.0,920,330.0,26.4,Credit Card,3
ORD-2025-12584,2026-05-17,2026-05-20,2026,Q2,May,5,First Class,CUST-1004,Sophia Brown,Consumer,United States,North America,California,Los Angeles,PROD-TEC-104,Technology,Phones,Google Pixel 8,2,540,699,1398,0.0,0.0,1398.0,1080,318.0,22.75,Credit Card,5
ORD-2026-12087,2026-05-17,2026-05-20,2026,Q2,May,5,Standard Class,CUST-1026,Ella Sanchez,Consumer,Canada,North America,Ontario,Toronto,PROD-FUR-194,Furniture,Bookcases,Glass Display Credenza,1,310,520,520,0.0,0.0,520.0,310,210.0,40.38,Credit Card,4
ORD-2024-11491,2026-05-17,2026-05-20,2026,Q2,May,5,First Class,CUST-1029,Joseph Lewis,Consumer,Germany,Europe,Bavaria,Munich,PROD-OFF-110,Office Supplies,Storage,Rolling Mobile Utility Cart,6,45,85,510,0.15,76.5,433.5,270,163.5,37.72,Credit Card,1
ORD-2026-10515,2026-05-17,2026-05-20,2026,Q2,May,5,Same Day,CUST-1027,Samuel Clark,Consumer,France,Europe,Auvergne-Rhône-Alpes,Lyon,PROD-FUR-163,Furniture,Tables,Smart Motorized Standing Desk,2,320,560,1120,0.0,0.0,1120.0,640,480.0,42.86,PayPal,2
ORD-2026-12060,2026-05-17,2026-05-22,2026,Q2,May,5,Same Day,CUST-1021,Sebastian Lee,Corporate,Singapore,Asia Pacific,Central,Singapore,PROD-FUR-186,Furniture,Bookcases,Glass Display Credenza,4,310,520,2080,0.0,0.0,2080.0,1240,840.0,40.38,Direct Debit,5
ORD-2024-13036,2026-05-18,2026-05-21,2026,Q2,May,5,Standard Class,CUST-1029,Joseph Lewis,Corporate,Germany,Europe,Berlin,Berlin,PROD-TEC-180,Technology,Accessories,Bose QuietComfort Headphones,3,180,279,837,0.05,41.85,795.15,540,255.15,32.09,PayPal,5
ORD-2025-12653,2026-05-19,2026-05-21,2026,Q2,May,5,Standard Class,CUST-1010,Charlotte Martinez,Consumer,Canada,North America,British Columbia,Vancouver,PROD-FUR-186,Furniture,Chairs,Ergonomic Mesh Task Chair,3,160,289,867,0.0,0.0,867.0,480,387.0,44.64,Direct Debit,3
ORD-2024-12922,2026-05-19,2026-05-21,2026,Q2,May,5,Second Class,CUST-1012,Amelia Lopez,Corporate,Canada,North America,British Columbia,Vancouver,PROD-OFF-122,Office Supplies,Paper,Heavyweight Cardstock Reams,2,16,32,64,0.0,0.0,64.0,32,32.0,50.0,Direct Debit,4
ORD-2024-12292,2026-05-19,2026-05-20,2026,Q2,May,5,Second Class,CUST-1000,Emma Watson,Corporate,Brazil,Latin America,Rio de Janeiro,Rio de Janeiro,PROD-TEC-193,Technology,Phones,Samsung Galaxy S24,1,720,950,950,0.0,0.0,950.0,720,230.0,24.21,Direct Debit,5
ORD-2024-11689,2026-05-19,2026-05-23,2026,Q2,May,5,Standard Class,CUST-1022,Elizabeth Perez,Home Office,Canada,North America,Ontario,Toronto,PROD-FUR-193,Furniture,Chairs,Ergonomic Mesh Task Chair,2,160,289,578,0.0,0.0,578.0,320,258.0,44.64,Credit Card,5
ORD-2026-10620,2026-05-19,2026-05-23,2026,Q2,May,5,Second Class,CUST-1019,Henry Jackson,Consumer,France,Europe,Auvergne-Rhône-Alpes,Lyon,PROD-TEC-181,Technology,Accessories,Anker USB-C Docking Hub,4,45,79,316,0.0,0.0,316.0,180,136.0,43.04,PayPal,5
ORD-2024-10288,2026-05-19,2026-05-22,2026,Q2,May,5,Same Day,CUST-1004,Sophia Brown,Consumer,Singapore,Asia Pacific,Central,Singapore,PROD-FUR-116,Furniture,Chairs,Ergonomic Mesh Task Chair,1,160,289,289,0.0,0.0,289.0,160,129.0,44.64,Credit Card,5
ORD-2025-11171,2026-05-20,2026-05-23,2026,Q2,May,5,Standard Class,CUST-1010,Charlotte Martinez,Corporate,Australia,Asia Pacific,Victoria,Melbourne,PROD-OFF-125,Office Supplies,Storage,Heavy Duty 4-Drawer File Cabinet,2,130,220,440,0.05,22.0,418.0,260,158.0,37.8,PayPal,3
ORD-2025-10583,2026-05-20,2026-05-22,2026,Q2,May,5,Standard Class,CUST-1028,Chloe Ramirez,Corporate,Germany,Europe,Bavaria,Munich,PROD-OFF-173,Office Supplies,Storage,Locking Security Storage Box,1,65,115,115,0.05,5.75,109.25,65,44.25,40.5,Credit Card,3
ORD-2025-12563,2026-05-20,2026-05-22,2026,Q2,May,5,First Class,CUST-1024,Avery White,Consumer,United Kingdom,Europe,England,Manchester,PROD-FUR-192,Furniture,Bookcases,Solid Wood Library Cabinet,4,450,720,2880,0.0,0.0,2880.0,1800,1080.0,37.5,Wire Transfer,4
ORD-2025-11612,2026-05-20,2026-05-21,2026,Q2,May,5,First Class,CUST-1028,Chloe Ramirez,Consumer,India,Asia Pacific,Maharashtra,Mumbai,PROD-FUR-178,Furniture,Bookcases,Glass Display Credenza,3,310,520,1560,0.1,156.0,1404.0,930,474.0,33.76,Credit Card,5
ORD-2026-12801,2026-05-20,2026-05-23,2026,Q2,May,5,Standard Class,CUST-1008,Mia Davis,Corporate,United States,North America,Texas,Houston,PROD-FUR-114,Furniture,Bookcases,Modern 5-Tier Industrial Bookshelf,4,110,195,780,0.15,117.0,663.0,440,223.0,33.63,Credit Card,4
ORD-2024-12154,2026-05-21,2026-05-23,2026,Q2,May,5,First Class,CUST-1006,Isabella Garcia,Consumer,Brazil,Latin America,Rio de Janeiro,Rio de Janeiro,PROD-OFF-195,Office Supplies,Paper,Heavyweight Cardstock Reams,3,16,32,96,0.05,4.8,91.2,48,43.2,47.37,Wire Transfer,5
ORD-2026-11544,2026-05-21,2026-05-24,2026,Q2,May,5,First Class,CUST-1014,Harper Wilson,Corporate,Canada,North America,Ontario,Toronto,PROD-OFF-195,Office Supplies,Paper,Executive Recycled Notepad Pack,1,12,24,24,0.0,0.0,24.0,12,12.0,50.0,Direct Debit,5
ORD-2026-12489,2026-05-21,2026-05-24,2026,Q2,May,5,First Class,CUST-1018,Abigail Moore,Consumer,United States,North America,Illinois,Chicago,PROD-FUR-192,Furniture,Bookcases,Solid Wood Library Cabinet,3,450,720,2160,0.05,108.0,2052.0,1350,702.0,34.21,PayPal,3
ORD-2026-11391,2026-05-21,2026-05-22,2026,Q2,May,5,Standard Class,CUST-1017,Matthew Taylor,Home Office,United States,North America,California,Los Angeles,PROD-TEC-123,Technology,Accessories,Logitech MX Master 3S,5,55,99,495,0.1,49.5,445.5,275,170.5,38.27,PayPal,4
ORD-2026-12420,2026-05-21,2026-05-24,2026,Q2,May,5,Standard Class,CUST-1017,Matthew Taylor,Home Office,France,Europe,Île-de-France,Paris,PROD-OFF-115,Office Supplies,Appliances,Heavy Duty Cross-Cut Shredder,1,90,165,165,0.0,0.0,165.0,90,75.0,45.45,PayPal,4
ORD-2024-11905,2026-05-21,2026-05-23,2026,Q2,May,5,Standard Class,CUST-1013,Alexander Gonzalez,Consumer,Canada,North America,Ontario,Toronto,PROD-TEC-193,Technology,Accessories,Dell 4K UltraSharp Monitor,1,340,489,489,0.0,0.0,489.0,340,149.0,30.47,Direct Debit,4
ORD-2024-10105,2026-05-21,2026-05-23,2026,Q2,May,5,Standard Class,CUST-1005,James Jones,Consumer,Brazil,Latin America,Rio de Janeiro,Rio de Janeiro,PROD-OFF-158,Office Supplies,Storage,Heavy Duty 4-Drawer File Cabinet,5,130,220,1100,0.2,220.0,880.0,650,230.0,26.14,Credit Card,5
ORD-2024-11161,2026-05-21,2026-05-23,2026,Q2,May,5,Standard Class,CUST-1019,Henry Jackson,Corporate,Canada,North America,Ontario,Toronto,PROD-FUR-192,Furniture,Bookcases,Glass Display Credenza,3,310,520,1560,0.05,78.0,1482.0,930,552.0,37.25,Credit Card,5
ORD-2026-12480,2026-05-21,2026-05-24,2026,Q2,May,5,First Class,CUST-1021,Sebastian Lee,Consumer,United States,North America,California,Los Angeles,PROD-TEC-176,Technology,Laptops,ThinkPad X1 Carbon,1,1050,1399,1399,0.0,0.0,1399.0,1050,349.0,24.95,Credit Card,5
ORD-2025-10367,2026-05-22,2026-05-24,2026,Q2,May,5,Standard Class,CUST-1005,James Jones,Consumer,United States,North America,New York,New York,PROD-OFF-196,Office Supplies,Paper,Premium Multipurpose Laser Paper 5000ct,3,28,48,144,0.0,0.0,144.0,84,60.0,41.67,Credit Card,5
ORD-2024-10270,2026-05-22,2026-05-24,2026,Q2,May,5,Standard Class,CUST-1025,David Harris,Consumer,United States,North America,Texas,Houston,PROD-TEC-199,Technology,Accessories,Logitech MX Master 3S,5,55,99,495,0.1,49.5,445.5,275,170.5,38.27,Wire Transfer,5
ORD-2026-10065,2026-05-22,2026-05-25,2026,Q2,May,5,Standard Class,CUST-1010,Charlotte Martinez,Corporate,India,Asia Pacific,Maharashtra,Mumbai,PROD-OFF-109,Office Supplies,Storage,Locking Security Storage Box,1,65,115,115,0.05,5.75,109.25,65,44.25,40.5,Credit Card,5
ORD-2026-13371,2026-05-22,2026-05-26,2026,Q2,May,5,Standard Class,CUST-1007,Lucas Miller,Consumer,Japan,Asia Pacific,Kanto,Tokyo,PROD-TEC-148,Technology,Accessories,Bose QuietComfort Headphones,3,180,279,837,0.0,0.0,837.0,540,297.0,35.48,Credit Card,5
ORD-2025-11492,2026-05-22,2026-05-25,2026,Q2,May,5,Standard Class,CUST-1027,Samuel Clark,Consumer,Germany,Europe,Bavaria,Munich,PROD-FUR-175,Furniture,Chairs,Ergonomic Mesh Task Chair,1,160,289,289,0.0,0.0,289.0,160,129.0,44.64,Credit Card,5
ORD-2026-11949,2026-05-23,2026-05-27,2026,Q2,May,5,Second Class,CUST-1002,Olivia Smith,Consumer,France,Europe,Auvergne-Rhône-Alpes,Lyon,PROD-FUR-157,Furniture,Tables,Coffee Break Lounge Table,4,120,210,840,0.1,84.0,756.0,480,276.0,36.51,Credit Card,5
ORD-2026-13152,2026-05-23,2026-05-25,2026,Q2,May,5,First Class,CUST-1014,Harper Wilson,Home Office,United States,North America,Texas,Houston,PROD-OFF-127,Office Supplies,Appliances,Heavy Duty Cross-Cut Shredder,3,90,165,495,0.0,0.0,495.0,270,225.0,45.45,Credit Card,5
ORD-2026-11427,2026-05-23,2026-05-26,2026,Q2,May,5,Standard Class,CUST-1025,David Harris,Home Office,Canada,North America,Ontario,Toronto,PROD-TEC-126,Technology,Accessories,Anker USB-C Docking Hub,1,45,79,79,0.05,3.95,75.05,45,30.05,40.04,Wire Transfer,5
ORD-2026-13290,2026-05-24,2026-05-26,2026,Q2,May,5,Standard Class,CUST-1025,David Harris,Consumer,Germany,Europe,Berlin,Berlin,PROD-TEC-144,Technology,Phones,Samsung Galaxy S24,3,720,950,2850,0.0,0.0,2850.0,2160,690.0,24.21,Credit Card,4
ORD-2024-13090,2026-05-24,2026-05-27,2026,Q2,May,5,First Class,CUST-1025,David Harris,Home Office,Japan,Asia Pacific,Kanto,Tokyo,PROD-FUR-139,Furniture,Chairs,Herman Miller Aeron Chair,1,750,1195,1195,0.1,119.5,1075.5,750,325.5,30.26,Wire Transfer,5
ORD-2025-10235,2026-05-24,2026-05-27,2026,Q2,May,5,Standard Class,CUST-1028,Chloe Ramirez,Corporate,France,Europe,Île-de-France,Paris,PROD-TEC-122,Technology,Laptops,Dell XPS 15,8,1100,1450,11600,0.2,2320.0,9280.0,8800,480.0,5.17,Credit Card,5
ORD-2026-12714,2026-05-24,2026-05-27,2026,Q2,May,5,Standard Class,CUST-1022,Elizabeth Perez,Consumer,Canada,North America,British Columbia,Vancouver,PROD-OFF-168,Office Supplies,Appliances,Smart Office Air Purifier Pro,2,140,249,498,0.05,24.9,473.1,280,193.1,40.82,Wire Transfer,5
ORD-2025-12800,2026-05-24,2026-05-27,2026,Q2,May,5,Second Class,CUST-1003,Noah Williams,Consumer,Australia,Asia Pacific,Victoria,Melbourne,PROD-OFF-153,Office Supplies,Appliances,Heavy Duty Cross-Cut Shredder,2,90,165,330,0.1,33.0,297.0,180,117.0,39.39,Credit Card,4
ORD-2024-10147,2026-05-24,2026-05-27,2026,Q2,May,5,Standard Class,CUST-1006,Isabella Garcia,Corporate,France,Europe,Île-de-France,Paris,PROD-FUR-117,Furniture,Chairs,Executive Leather Recliner,2,260,420,840,0.05,42.0,798.0,520,278.0,34.84,Credit Card,5
ORD-2024-12319,2026-05-25,2026-05-27,2026,Q2,May,5,Standard Class,CUST-1019,Henry Jackson,Consumer,India,Asia Pacific,Maharashtra,Mumbai,PROD-TEC-113,Technology,Phones,iPhone 15 Pro,1,850,1099,1099,0.0,0.0,1099.0,850,249.0,22.66,Credit Card,5
ORD-2024-10096,2026-05-25,2026-05-26,2026,Q2,May,5,Second Class,CUST-1012,Amelia Lopez,Consumer,France,Europe,Auvergne-Rhône-Alpes,Lyon,PROD-OFF-184,Office Supplies,Paper,Executive Recycled Notepad Pack,1,12,24,24,0.05,1.2,22.8,12,10.8,47.37,Wire Transfer,2
ORD-2025-11591,2026-05-25,2026-05-29,2026,Q2,May,5,First Class,CUST-1004,Sophia Brown,Corporate,Brazil,Latin America,Rio de Janeiro,Rio de Janeiro,PROD-FUR-122,Furniture,Tables,Solid Oak Conference Table,6,980,1480,8880,0.15,1332.0,7548.0,5880,1668.0,22.1,Credit Card,5
ORD-2025-10586,2026-05-26,2026-05-28,2026,Q2,May,5,Standard Class,CUST-1008,Mia Davis,Consumer,Mexico,Latin America,Federal District,Mexico City,PROD-FUR-160,Furniture,Tables,Coffee Break Lounge Table,1,120,210,210,0.0,0.0,210.0,120,90.0,42.86,Credit Card,2
ORD-2024-11326,2026-05-27,2026-05-29,2026,Q2,May,5,Standard Class,CUST-1023,Jack Thompson,Corporate,United Kingdom,Europe,England,London,PROD-FUR-111,Furniture,Tables,Solid Oak Conference Table,1,980,1480,1480,0.0,0.0,1480.0,980,500.0,33.78,Credit Card,4
ORD-2025-11771,2026-05-27,2026-05-30,2026,Q2,May,5,First Class,CUST-1021,Sebastian Lee,Corporate,United States,North America,Illinois,Chicago,PROD-OFF-160,Office Supplies,Appliances,Heavy Duty Cross-Cut Shredder,5,90,165,825,0.1,82.5,742.5,450,292.5,39.39,Credit Card,5
ORD-2026-11496,2026-05-27,2026-05-30,2026,Q2,May,5,Standard Class,CUST-1007,Lucas Miller,Consumer,Germany,Europe,Berlin,Berlin,PROD-FUR-193,Furniture,Bookcases,Modern 5-Tier Industrial Bookshelf,1,110,195,195,0.0,0.0,195.0,110,85.0,43.59,Wire Transfer,5
ORD-2025-11096,2026-05-28,2026-05-30,2026,Q2,May,5,Standard Class,CUST-1007,Lucas Miller,Corporate,Germany,Europe,Bavaria,Munich,PROD-OFF-110,Office Supplies,Storage,Locking Security Storage Box,1,65,115,115,0.1,11.5,103.5,65,38.5,37.2,Credit Card,3
ORD-2025-12656,2026-05-28,2026-06-01,2026,Q2,May,5,Standard Class,CUST-1009,Benjamin Rodriguez,Home Office,France,Europe,Île-de-France,Paris,PROD-FUR-121,Furniture,Bookcases,Solid Wood Library Cabinet,4,450,720,2880,0.0,0.0,2880.0,1800,1080.0,37.5,Wire Transfer,5
ORD-2026-11283,2026-05-28,2026-05-31,2026,Q2,May,5,Standard Class,CUST-1008,Mia Davis,Consumer,United Kingdom,Europe,England,London,PROD-FUR-180,Furniture,Bookcases,Modern 5-Tier Industrial Bookshelf,4,110,195,780,0.0,0.0,780.0,440,340.0,43.59,Credit Card,5
ORD-2025-10190,2026-05-28,2026-05-31,2026,Q2,May,5,First Class,CUST-1026,Ella Sanchez,Consumer,Mexico,Latin America,Jalisco,Guadalajara,PROD-OFF-117,Office Supplies,Paper,Executive Recycled Notepad Pack,3,12,24,72,0.0,0.0,72.0,36,36.0,50.0,Credit Card,5
ORD-2026-10194,2026-05-28,2026-05-30,2026,Q2,May,5,Standard Class,CUST-1013,Alexander Gonzalez,Consumer,United Kingdom,Europe,England,Manchester,PROD-OFF-136,Office Supplies,Paper,Premium Multipurpose Laser Paper 5000ct,1,28,48,48,0.0,0.0,48.0,28,20.0,41.67,Credit Card,4
ORD-2026-12516,2026-05-29,2026-06-01,2026,Q2,May,5,Second Class,CUST-1014,Harper Wilson,Corporate,United States,North America,Texas,Houston,PROD-OFF-104,Office Supplies,Paper,Premium Multipurpose Laser Paper 5000ct,2,28,48,96,0.15,14.4,81.6,56,25.6,31.37,Credit Card,5
ORD-2024-11992,2026-05-29,2026-05-30,2026,Q2,May,5,Standard Class,CUST-1027,Samuel Clark,Home Office,Australia,Asia Pacific,New South Wales,Sydney,PROD-OFF-145,Office Supplies,Appliances,Commercial Espresso Barista Machine,2,620,950,1900,0.1,190.0,1710.0,1240,470.0,27.49,PayPal,5
ORD-2026-10803,2026-05-29,2026-05-31,2026,Q2,May,5,Standard Class,CUST-1016,Evelyn Thomas,Corporate,United States,North America,Texas,Houston,PROD-TEC-149,Technology,Laptops,HP Spectre x360,1,920,1250,1250,0.0,0.0,1250.0,920,330.0,26.4,Direct Debit,4
ORD-2024-11437,2026-05-30,2026-06-02,2026,Q2,May,5,Standard Class,CUST-1000,Emma Watson,Home Office,India,Asia Pacific,Karnataka,Bangalore,PROD-TEC-113,Technology,Laptops,ThinkPad X1 Carbon,4,1050,1399,5596,0.05,279.8,5316.2,4200,1116.2,21.0,Credit Card,5
ORD-2025-12641,2026-05-30,2026-06-02,2026,Q2,May,5,Standard Class,CUST-1018,Abigail Moore,Home Office,Brazil,Latin America,Rio de Janeiro,Rio de Janeiro,PROD-FUR-150,Furniture,Bookcases,Modern 5-Tier Industrial Bookshelf,1,110,195,195,0.05,9.75,185.25,110,75.25,40.62,Credit Card,3
ORD-2024-11338,2026-05-30,2026-06-02,2026,Q2,May,5,Standard Class,CUST-1007,Lucas Miller,Consumer,Canada,North America,British Columbia,Vancouver,PROD-OFF-190,Office Supplies,Paper,Premium Multipurpose Laser Paper 5000ct,3,28,48,144,0.1,14.4,129.6,84,45.6,35.19,Wire Transfer,5
ORD-2025-12089,2026-05-30,2026-06-01,2026,Q2,May,5,Standard Class,CUST-1005,James Jones,Home Office,United States,North America,Illinois,Chicago,PROD-TEC-198,Technology,Accessories,Dell 4K UltraSharp Monitor,6,340,489,2934,0.2,586.8,2347.2,2040,307.2,13.09,PayPal,5
ORD-2025-10520,2026-05-30,2026-06-03,2026,Q2,May,5,Standard Class,CUST-1002,Olivia Smith,Consumer,United States,North America,California,Los Angeles,PROD-TEC-134,Technology,Phones,OnePlus 12,10,480,649,6490,0.15,973.5,5516.5,4800,716.5,12.99,PayPal,4
ORD-2026-10872,2026-06-01,2026-06-04,2026,Q2,June,6,Second Class,CUST-1017,Matthew Taylor,Home Office,United States,North America,New York,New York,PROD-OFF-165,Office Supplies,Storage,Rolling Mobile Utility Cart,2,45,85,170,0.05,8.5,161.5,90,71.5,44.27,Wire Transfer,4
ORD-2024-10720,2026-06-01,2026-06-04,2026,Q2,June,6,Standard Class,CUST-1005,James Jones,Consumer,Australia,Asia Pacific,Victoria,Melbourne,PROD-OFF-189,Office Supplies,Appliances,Commercial Espresso Barista Machine,5,620,950,4750,0.1,475.0,4275.0,3100,1175.0,27.49,PayPal,5
ORD-2025-11093,2026-06-01,2026-06-04,2026,Q2,June,6,Second Class,CUST-1023,Jack Thompson,Consumer,United States,North America,New York,New York,PROD-TEC-132,Technology,Laptops,ThinkPad X1 Carbon,4,1050,1399,5596,0.05,279.8,5316.2,4200,1116.2,21.0,Wire Transfer,4
ORD-2024-11440,2026-06-01,2026-06-04,2026,Q2,June,6,Standard Class,CUST-1006,Isabella Garcia,Consumer,Japan,Asia Pacific,Kanto,Tokyo,PROD-FUR-196,Furniture,Bookcases,Solid Wood Library Cabinet,2,450,720,1440,0.05,72.0,1368.0,900,468.0,34.21,PayPal,5
ORD-2025-12206,2026-06-02,2026-06-06,2026,Q2,June,6,Standard Class,CUST-1021,Sebastian Lee,Corporate,Australia,Asia Pacific,New South Wales,Sydney,PROD-OFF-189,Office Supplies,Storage,Heavy Duty 4-Drawer File Cabinet,2,130,220,440,0.0,0.0,440.0,260,180.0,40.91,Credit Card,4
ORD-2024-12340,2026-06-02,2026-06-04,2026,Q2,June,6,Standard Class,CUST-1006,Isabella Garcia,Consumer,Canada,North America,Ontario,Toronto,PROD-FUR-187,Furniture,Bookcases,Solid Wood Library Cabinet,1,450,720,720,0.05,36.0,684.0,450,234.0,34.21,Credit Card,3
ORD-2025-12020,2026-06-03,2026-06-06,2026,Q2,June,6,Standard Class,CUST-1000,Emma Watson,Corporate,United Kingdom,Europe,England,London,PROD-FUR-162,Furniture,Tables,Modular Team Workstation,1,640,990,990,0.05,49.5,940.5,640,300.5,31.95,Credit Card,5
ORD-2024-11431,2026-06-03,2026-06-05,2026,Q2,June,6,Standard Class,CUST-1015,Daniel Anderson,Consumer,United States,North America,Texas,Houston,PROD-FUR-157,Furniture,Bookcases,Solid Wood Library Cabinet,4,450,720,2880,0.1,288.0,2592.0,1800,792.0,30.56,Wire Transfer,5
ORD-2025-11579,2026-06-03,2026-06-07,2026,Q2,June,6,First Class,CUST-1001,Liam Johnson,Consumer,Germany,Europe,Berlin,Berlin,PROD-OFF-185,Office Supplies,Appliances,Heavy Duty Cross-Cut Shredder,1,90,165,165,0.05,8.25,156.75,90,66.75,42.58,Wire Transfer,5
ORD-2026-13053,2026-06-03,2026-06-06,2026,Q2,June,6,Standard Class,CUST-1012,Amelia Lopez,Home Office,United States,North America,Texas,Houston,PROD-TEC-127,Technology,Phones,Google Pixel 8,4,540,699,2796,0.1,279.6,2516.4,2160,356.4,14.16,Credit Card,4
ORD-2025-13289,2026-06-04,2026-06-07,2026,Q2,June,6,Standard Class,CUST-1023,Jack Thompson,Consumer,Canada,North America,Ontario,Toronto,PROD-TEC-122,Technology,Laptops,HP Spectre x360,3,920,1250,3750,0.0,0.0,3750.0,2760,990.0,26.4,Direct Debit,2
ORD-2024-10825,2026-06-04,2026-06-06,2026,Q2,June,6,Second Class,CUST-1004,Sophia Brown,Consumer,United States,North America,Illinois,Chicago,PROD-TEC-153,Technology,Phones,Google Pixel 8,1,540,699,699,0.0,0.0,699.0,540,159.0,22.75,PayPal,5
ORD-2026-11043,2026-06-04,2026-06-07,2026,Q2,June,6,Second Class,CUST-1004,Sophia Brown,Corporate,United States,North America,California,Los Angeles,PROD-TEC-133,Technology,Phones,OnePlus 12,2,480,649,1298,0.05,64.9,1233.1,960,273.1,22.15,Wire Transfer,3
ORD-2025-12230,2026-06-05,2026-06-11,2026,Q2,June,6,Standard Class,CUST-1001,Liam Johnson,Corporate,France,Europe,Île-de-France,Paris,PROD-TEC-163,Technology,Accessories,Logitech MX Master 3S,3,55,99,297,0.0,0.0,297.0,165,132.0,44.44,Direct Debit,5
ORD-2024-11116,2026-06-05,2026-06-07,2026,Q2,June,6,First Class,CUST-1003,Noah Williams,Home Office,Brazil,Latin America,São Paulo,São Paulo,PROD-TEC-183,Technology,Accessories,Dell 4K UltraSharp Monitor,1,340,489,489,0.1,48.9,440.1,340,100.1,22.74,Wire Transfer,2
ORD-2026-12954,2026-06-05,2026-06-08,2026,Q2,June,6,Second Class,CUST-1010,Charlotte Martinez,Consumer,Japan,Asia Pacific,Kanto,Tokyo,PROD-FUR-110,Furniture,Tables,Solid Oak Conference Table,3,980,1480,4440,0.0,0.0,4440.0,2940,1500.0,33.78,Credit Card,5
ORD-2024-10864,2026-06-05,2026-06-10,2026,Q2,June,6,Second Class,CUST-1027,Samuel Clark,Corporate,United States,North America,Texas,Houston,PROD-TEC-129,Technology,Phones,Google Pixel 8,2,540,699,1398,0.0,0.0,1398.0,1080,318.0,22.75,Credit Card,4
ORD-2026-11178,2026-06-06,2026-06-08,2026,Q2,June,6,Second Class,CUST-1019,Henry Jackson,Consumer,Germany,Europe,Berlin,Berlin,PROD-OFF-189,Office Supplies,Storage,Heavy Duty 4-Drawer File Cabinet,2,130,220,440,0.0,0.0,440.0,260,180.0,40.91,Credit Card,3
ORD-2026-10707,2026-06-06,2026-06-08,2026,Q2,June,6,Standard Class,CUST-1019,Henry Jackson,Consumer,United States,North America,Illinois,Chicago,PROD-OFF-164,Office Supplies,Storage,Heavy Duty 4-Drawer File Cabinet,4,130,220,880,0.1,88.0,792.0,520,272.0,34.34,Credit Card,5
ORD-2025-12770,2026-06-06,2026-06-11,2026,Q2,June,6,First Class,CUST-1004,Sophia Brown,Consumer,United States,North America,California,Los Angeles,PROD-OFF-134,Office Supplies,Storage,Heavy Duty 4-Drawer File Cabinet,1,130,220,220,0.1,22.0,198.0,130,68.0,34.34,Wire Transfer,5
ORD-2025-11915,2026-06-06,2026-06-10,2026,Q2,June,6,Standard Class,CUST-1003,Noah Williams,Consumer,Mexico,Latin America,Federal District,Mexico City,PROD-TEC-102,Technology,Accessories,Bose QuietComfort Headphones,1,180,279,279,0.0,0.0,279.0,180,99.0,35.48,Credit Card,3
ORD-2024-10360,2026-06-07,2026-06-11,2026,Q2,June,6,Standard Class,CUST-1012,Amelia Lopez,Corporate,Australia,Asia Pacific,Victoria,Melbourne,PROD-FUR-112,Furniture,Bookcases,Glass Display Credenza,1,310,520,520,0.05,26.0,494.0,310,184.0,37.25,Wire Transfer,3
ORD-2025-12326,2026-06-07,2026-06-10,2026,Q2,June,6,Standard Class,CUST-1024,Avery White,Consumer,Mexico,Latin America,Federal District,Mexico City,PROD-FUR-145,Furniture,Tables,Solid Oak Conference Table,2,980,1480,2960,0.1,296.0,2664.0,1960,704.0,26.43,Wire Transfer,4
ORD-2026-13281,2026-06-07,2026-06-08,2026,Q2,June,6,Standard Class,CUST-1018,Abigail Moore,Consumer,Singapore,Asia Pacific,Central,Singapore,PROD-OFF-144,Office Supplies,Paper,Premium Multipurpose Laser Paper 5000ct,3,28,48,144,0.05,7.2,136.8,84,52.8,38.6,PayPal,5
ORD-2024-13096,2026-06-07,2026-06-10,2026,Q2,June,6,Standard Class,CUST-1017,Matthew Taylor,Corporate,Canada,North America,British Columbia,Vancouver,PROD-FUR-104,Furniture,Chairs,Ergonomic Mesh Task Chair,5,160,289,1445,0.15,216.75,1228.25,800,428.25,34.87,Wire Transfer,3
ORD-2024-11512,2026-06-07,2026-06-12,2026,Q2,June,6,First Class,CUST-1007,Lucas Miller,Consumer,United States,North America,New York,New York,PROD-TEC-164,Technology,Phones,Google Pixel 8,2,540,699,1398,0.05,69.9,1328.1,1080,248.1,18.68,Credit Card,5
ORD-2026-11898,2026-06-08,2026-06-13,2026,Q2,June,6,Standard Class,CUST-1011,Elijah Hernandez,Corporate,Japan,Asia Pacific,Kanto,Tokyo,PROD-OFF-154,Office Supplies,Paper,Heavyweight Cardstock Reams,1,16,32,32,0.15,4.8,27.2,16,11.2,41.18,PayPal,5
ORD-2026-11571,2026-06-08,2026-06-12,2026,Q2,June,6,Second Class,CUST-1012,Amelia Lopez,Consumer,Singapore,Asia Pacific,Central,Singapore,PROD-TEC-174,Technology,Phones,Google Pixel 8,1,540,699,699,0.05,34.95,664.05,540,124.05,18.68,Wire Transfer,5
ORD-2024-10612,2026-06-09,2026-06-12,2026,Q2,June,6,Standard Class,CUST-1006,Isabella Garcia,Consumer,Germany,Europe,Berlin,Berlin,PROD-TEC-195,Technology,Laptops,MacBook Air M3,2,890,1199,2398,0.0,0.0,2398.0,1780,618.0,25.77,Wire Transfer,5
ORD-2026-13197,2026-06-10,2026-06-11,2026,Q2,June,6,Standard Class,CUST-1015,Daniel Anderson,Consumer,Brazil,Latin America,Rio de Janeiro,Rio de Janeiro,PROD-TEC-160,Technology,Laptops,MacBook Air M3,8,890,1199,9592,0.1,959.2,8632.8,7120,1512.8,17.52,Credit Card,5
ORD-2026-12210,2026-06-10,2026-06-12,2026,Q2,June,6,Second Class,CUST-1003,Noah Williams,Home Office,Brazil,Latin America,São Paulo,São Paulo,PROD-OFF-122,Office Supplies,Paper,Executive Recycled Notepad Pack,4,12,24,96,0.0,0.0,96.0,48,48.0,50.0,Wire Transfer,4
ORD-2025-12353,2026-06-10,2026-06-12,2026,Q2,June,6,Second Class,CUST-1021,Sebastian Lee,Consumer,France,Europe,Île-de-France,Paris,PROD-FUR-144,Furniture,Chairs,Steelcase Gesture Chair,3,820,1250,3750,0.0,0.0,3750.0,2460,1290.0,34.4,Direct Debit,5
ORD-2024-11128,2026-06-10,2026-06-13,2026,Q2,June,6,Second Class,CUST-1009,Benjamin Rodriguez,Consumer,United States,North America,California,Los Angeles,PROD-TEC-104,Technology,Laptops,ThinkPad X1 Carbon,3,1050,1399,4197,0.05,209.85,3987.15,3150,837.15,21.0,Credit Card,5
ORD-2026-11037,2026-06-11,2026-06-16,2026,Q2,June,6,Same Day,CUST-1005,James Jones,Consumer,Germany,Europe,Bavaria,Munich,PROD-OFF-126,Office Supplies,Storage,Heavy Duty 4-Drawer File Cabinet,3,130,220,660,0.0,0.0,660.0,390,270.0,40.91,PayPal,5
ORD-2025-10511,2026-06-11,2026-06-15,2026,Q2,June,6,Standard Class,CUST-1002,Olivia Smith,Corporate,France,Europe,Auvergne-Rhône-Alpes,Lyon,PROD-TEC-101,Technology,Accessories,Logitech MX Master 3S,2,55,99,198,0.0,0.0,198.0,110,88.0,44.44,Wire Transfer,5
ORD-2024-13273,2026-06-12,2026-06-13,2026,Q2,June,6,Standard Class,CUST-1006,Isabella Garcia,Corporate,Mexico,Latin America,Federal District,Mexico City,PROD-TEC-169,Technology,Accessories,Dell 4K UltraSharp Monitor,2,340,489,978,0.0,0.0,978.0,680,298.0,30.47,Wire Transfer,4
ORD-2024-10930,2026-06-12,2026-06-15,2026,Q2,June,6,Standard Class,CUST-1011,Elijah Hernandez,Corporate,Singapore,Asia Pacific,Central,Singapore,PROD-OFF-120,Office Supplies,Storage,Locking Security Storage Box,4,65,115,460,0.05,23.0,437.0,260,177.0,40.5,Wire Transfer,2
ORD-2024-10597,2026-06-12,2026-06-14,2026,Q2,June,6,Standard Class,CUST-1014,Harper Wilson,Corporate,United States,North America,Texas,Houston,PROD-TEC-182,Technology,Phones,iPhone 15 Pro,10,850,1099,10990,0.2,2198.0,8792.0,8500,292.0,3.32,Credit Card,5
ORD-2026-12753,2026-06-12,2026-06-13,2026,Q2,June,6,First Class,CUST-1029,Joseph Lewis,Home Office,United States,North America,New York,New York,PROD-TEC-137,Technology,Phones,Samsung Galaxy S24,3,720,950,2850,0.0,0.0,2850.0,2160,690.0,24.21,Direct Debit,4
ORD-2024-11449,2026-06-12,2026-06-16,2026,Q2,June,6,First Class,CUST-1013,Alexander Gonzalez,Home Office,United States,North America,Illinois,Chicago,PROD-OFF-186,Office Supplies,Storage,Heavy Duty 4-Drawer File Cabinet,3,130,220,660,0.0,0.0,660.0,390,270.0,40.91,Wire Transfer,5
ORD-2024-13444,2026-06-13,2026-06-14,2026,Q2,June,6,Standard Class,CUST-1001,Liam Johnson,Consumer,United States,North America,New York,New York,PROD-TEC-128,Technology,Accessories,Logitech MX Master 3S,4,55,99,396,0.0,0.0,396.0,220,176.0,44.44,PayPal,5
ORD-2024-10237,2026-06-13,2026-06-14,2026,Q2,June,6,Second Class,CUST-1018,Abigail Moore,Corporate,United States,North America,Texas,Houston,PROD-TEC-114,Technology,Accessories,Logitech MX Master 3S,3,55,99,297,0.0,0.0,297.0,165,132.0,44.44,Credit Card,5
ORD-2025-11438,2026-06-13,2026-06-15,2026,Q2,June,6,Same Day,CUST-1016,Evelyn Thomas,Consumer,United States,North America,California,Los Angeles,PROD-FUR-197,Furniture,Chairs,Steelcase Gesture Chair,2,820,1250,2500,0.0,0.0,2500.0,1640,860.0,34.4,PayPal,4
ORD-2024-11914,2026-06-13,2026-06-16,2026,Q2,June,6,First Class,CUST-1007,Lucas Miller,Corporate,United Kingdom,Europe,England,Manchester,PROD-OFF-196,Office Supplies,Storage,Locking Security Storage Box,3,65,115,345,0.1,34.5,310.5,195,115.5,37.2,Credit Card,5
ORD-2026-12882,2026-06-13,2026-06-16,2026,Q2,June,6,First Class,CUST-1004,Sophia Brown,Home Office,United States,North America,Texas,Houston,PROD-OFF-198,Office Supplies,Storage,Rolling Mobile Utility Cart,3,45,85,255,0.0,0.0,255.0,135,120.0,47.06,Wire Transfer,1
ORD-2024-11539,2026-06-14,2026-06-17,2026,Q2,June,6,Second Class,CUST-1001,Liam Johnson,Consumer,United States,North America,Texas,Houston,PROD-FUR-159,Furniture,Chairs,Executive Leather Recliner,2,260,420,840,0.0,0.0,840.0,520,320.0,38.1,Credit Card,3
ORD-2024-10990,2026-06-14,2026-06-16,2026,Q2,June,6,Second Class,CUST-1023,Jack Thompson,Corporate,Singapore,Asia Pacific,Central,Singapore,PROD-TEC-147,Technology,Accessories,Dell 4K UltraSharp Monitor,2,340,489,978,0.05,48.9,929.1,680,249.1,26.81,Credit Card,3
ORD-2024-11365,2026-06-14,2026-06-16,2026,Q2,June,6,Standard Class,CUST-1003,Noah Williams,Consumer,Australia,Asia Pacific,Victoria,Melbourne,PROD-OFF-191,Office Supplies,Paper,Executive Recycled Notepad Pack,3,12,24,72,0.0,0.0,72.0,36,36.0,50.0,Wire Transfer,4
ORD-2026-13299,2026-06-14,2026-06-16,2026,Q2,June,6,Second Class,CUST-1005,James Jones,Corporate,Brazil,Latin America,Rio de Janeiro,Rio de Janeiro,PROD-FUR-154,Furniture,Tables,Coffee Break Lounge Table,5,120,210,1050,0.15,157.5,892.5,600,292.5,32.77,PayPal,2
ORD-2025-11951,2026-06-14,2026-06-16,2026,Q2,June,6,Standard Class,CUST-1029,Joseph Lewis,Consumer,United States,North America,Illinois,Chicago,PROD-TEC-151,Technology,Accessories,Dell 4K UltraSharp Monitor,2,340,489,978,0.0,0.0,978.0,680,298.0,30.47,Credit Card,5
ORD-2025-10025,2026-06-14,2026-06-17,2026,Q2,June,6,Second Class,CUST-1004,Sophia Brown,Home Office,United States,North America,California,Los Angeles,PROD-OFF-104,Office Supplies,Storage,Rolling Mobile Utility Cart,1,45,85,85,0.1,8.5,76.5,45,31.5,41.18,PayPal,5
ORD-2024-10795,2026-06-15,2026-06-17,2026,Q2,June,6,Standard Class,CUST-1025,David Harris,Corporate,France,Europe,Île-de-France,Paris,PROD-FUR-115,Furniture,Chairs,Ergonomic Mesh Task Chair,6,160,289,1734,0.2,346.8,1387.2,960,427.2,30.8,PayPal,5
ORD-2026-11766,2026-06-16,2026-06-18,2026,Q2,June,6,First Class,CUST-1002,Olivia Smith,Corporate,Germany,Europe,Berlin,Berlin,PROD-TEC-132,Technology,Laptops,Dell XPS 15,2,1100,1450,2900,0.1,290.0,2610.0,2200,410.0,15.71,Wire Transfer,5
ORD-2025-12569,2026-06-16,2026-06-18,2026,Q2,June,6,First Class,CUST-1000,Emma Watson,Consumer,Canada,North America,Ontario,Toronto,PROD-OFF-101,Office Supplies,Storage,Heavy Duty 4-Drawer File Cabinet,3,130,220,660,0.0,0.0,660.0,390,270.0,40.91,Credit Card,5
ORD-2024-11986,2026-06-16,2026-06-18,2026,Q2,June,6,Standard Class,CUST-1001,Liam Johnson,Home Office,Australia,Asia Pacific,New South Wales,Sydney,PROD-OFF-112,Office Supplies,Storage,Heavy Duty 4-Drawer File Cabinet,3,130,220,660,0.0,0.0,660.0,390,270.0,40.91,Direct Debit,4
ORD-2024-10726,2026-06-16,2026-06-18,2026,Q2,June,6,Standard Class,CUST-1000,Emma Watson,Home Office,United States,North America,New York,New York,PROD-FUR-146,Furniture,Bookcases,Solid Wood Library Cabinet,1,450,720,720,0.1,72.0,648.0,450,198.0,30.56,Credit Card,5
ORD-2024-11770,2026-06-17,2026-06-19,2026,Q2,June,6,Standard Class,CUST-1004,Sophia Brown,Corporate,Canada,North America,British Columbia,Vancouver,PROD-TEC-119,Technology,Phones,Samsung Galaxy S24,4,720,950,3800,0.0,0.0,3800.0,2880,920.0,24.21,Wire Transfer,4
ORD-2026-10743,2026-06-17,2026-06-19,2026,Q2,June,6,Second Class,CUST-1012,Amelia Lopez,Consumer,Germany,Europe,Bavaria,Munich,PROD-OFF-107,Office Supplies,Appliances,Smart Office Air Purifier Pro,1,140,249,249,0.0,0.0,249.0,140,109.0,43.78,Direct Debit,5
ORD-2026-11589,2026-06-17,2026-06-21,2026,Q2,June,6,Standard Class,CUST-1003,Noah Williams,Consumer,India,Asia Pacific,Maharashtra,Mumbai,PROD-OFF-148,Office Supplies,Storage,Locking Security Storage Box,1,65,115,115,0.05,5.75,109.25,65,44.25,40.5,Credit Card,1
ORD-2024-12331,2026-06-17,2026-06-18,2026,Q2,June,6,Standard Class,CUST-1026,Ella Sanchez,Consumer,United Kingdom,Europe,England,London,PROD-OFF-101,Office Supplies,Paper,Executive Recycled Notepad Pack,2,12,24,48,0.0,0.0,48.0,24,24.0,50.0,Credit Card,5
ORD-2026-10275,2026-06-17,2026-06-21,2026,Q2,June,6,First Class,CUST-1016,Evelyn Thomas,Consumer,United States,North America,New York,New York,PROD-FUR-197,Furniture,Chairs,Steelcase Gesture Chair,4,820,1250,5000,0.1,500.0,4500.0,3280,1220.0,27.11,Wire Transfer,5
ORD-2024-12160,2026-06-17,2026-06-21,2026,Q2,June,6,First Class,CUST-1004,Sophia Brown,Corporate,United States,North America,California,Los Angeles,PROD-TEC-102,Technology,Laptops,Dell XPS 15,2,1100,1450,2900,0.0,0.0,2900.0,2200,700.0,24.14,Wire Transfer,5
ORD-2025-12815,2026-06-17,2026-06-21,2026,Q2,June,6,First Class,CUST-1011,Elijah Hernandez,Corporate,France,Europe,Île-de-France,Paris,PROD-FUR-121,Furniture,Chairs,Executive Leather Recliner,2,260,420,840,0.1,84.0,756.0,520,236.0,31.22,Credit Card,5
ORD-2026-12309,2026-06-18,2026-06-21,2026,Q2,June,6,First Class,CUST-1006,Isabella Garcia,Corporate,Germany,Europe,Berlin,Berlin,PROD-FUR-133,Furniture,Bookcases,Solid Wood Library Cabinet,1,450,720,720,0.0,0.0,720.0,450,270.0,37.5,Credit Card,5
ORD-2025-11252,2026-06-20,2026-06-21,2026,Q2,June,6,Standard Class,CUST-1006,Isabella Garcia,Consumer,India,Asia Pacific,Maharashtra,Mumbai,PROD-TEC-188,Technology,Accessories,Anker USB-C Docking Hub,6,45,79,474,0.15,71.1,402.9,270,132.9,32.99,Direct Debit,5
ORD-2024-11308,2026-06-20,2026-06-22,2026,Q2,June,6,Second Class,CUST-1022,Elizabeth Perez,Home Office,Canada,North America,British Columbia,Vancouver,PROD-TEC-191,Technology,Accessories,Logitech MX Master 3S,1,55,99,99,0.1,9.9,89.1,55,34.1,38.27,Credit Card,5
ORD-2025-12146,2026-06-20,2026-06-22,2026,Q2,June,6,Second Class,CUST-1008,Mia Davis,Consumer,United Kingdom,Europe,England,Manchester,PROD-OFF-135,Office Supplies,Appliances,Heavy Duty Cross-Cut Shredder,1,90,165,165,0.0,0.0,165.0,90,75.0,45.45,Credit Card,4
ORD-2024-10642,2026-06-20,2026-06-25,2026,Q2,June,6,Second Class,CUST-1001,Liam Johnson,Corporate,Brazil,Latin America,Rio de Janeiro,Rio de Janeiro,PROD-TEC-166,Technology,Laptops,Dell XPS 15,2,1100,1450,2900,0.0,0.0,2900.0,2200,700.0,24.14,Wire Transfer,5
ORD-2026-13194,2026-06-20,2026-06-23,2026,Q2,June,6,First Class,CUST-1021,Sebastian Lee,Home Office,United States,North America,California,Los Angeles,PROD-FUR-178,Furniture,Bookcases,Modern 5-Tier Industrial Bookshelf,2,110,195,390,0.0,0.0,390.0,220,170.0,43.59,Wire Transfer,5
ORD-2024-10567,2026-06-21,2026-06-24,2026,Q2,June,6,Second Class,CUST-1003,Noah Williams,Consumer,Brazil,Latin America,Rio de Janeiro,Rio de Janeiro,PROD-TEC-141,Technology,Laptops,ThinkPad X1 Carbon,3,1050,1399,4197,0.1,419.7,3777.3,3150,627.3,16.61,Credit Card,5
ORD-2025-12737,2026-06-21,2026-06-24,2026,Q2,June,6,Same Day,CUST-1023,Jack Thompson,Corporate,United States,North America,Texas,Houston,PROD-TEC-153,Technology,Laptops,MacBook Air M3,5,890,1199,5995,0.15,899.25,5095.75,4450,645.75,12.67,Credit Card,4
ORD-2025-12752,2026-06-21,2026-06-23,2026,Q2,June,6,Standard Class,CUST-1012,Amelia Lopez,Corporate,France,Europe,Île-de-France,Paris,PROD-TEC-167,Technology,Accessories,Logitech MX Master 3S,5,55,99,495,0.1,49.5,445.5,275,170.5,38.27,Wire Transfer,4
ORD-2024-10528,2026-06-21,2026-06-23,2026,Q2,June,6,Standard Class,CUST-1010,Charlotte Martinez,Consumer,Australia,Asia Pacific,New South Wales,Sydney,PROD-FUR-128,Furniture,Bookcases,Solid Wood Library Cabinet,1,450,720,720,0.0,0.0,720.0,450,270.0,37.5,Wire Transfer,4
ORD-2026-10014,2026-06-22,2026-06-25,2026,Q2,June,6,Standard Class,CUST-1025,David Harris,Consumer,United States,North America,New York,New York,PROD-TEC-155,Technology,Laptops,ThinkPad X1 Carbon,2,1050,1399,2798,0.1,279.8,2518.2,2100,418.2,16.61,Credit Card,4
ORD-2024-11179,2026-06-22,2026-06-23,2026,Q2,June,6,Standard Class,CUST-1009,Benjamin Rodriguez,Consumer,Canada,North America,British Columbia,Vancouver,PROD-OFF-117,Office Supplies,Storage,Heavy Duty 4-Drawer File Cabinet,3,130,220,660,0.05,33.0,627.0,390,237.0,37.8,Direct Debit,5
ORD-2025-11162,2026-06-22,2026-06-25,2026,Q2,June,6,First Class,CUST-1019,Henry Jackson,Corporate,France,Europe,Auvergne-Rhône-Alpes,Lyon,PROD-TEC-181,Technology,Laptops,HP Spectre x360,2,920,1250,2500,0.05,125.0,2375.0,1840,535.0,22.53,PayPal,3
ORD-2025-12482,2026-06-22,2026-06-26,2026,Q2,June,6,First Class,CUST-1025,David Harris,Consumer,United States,North America,Illinois,Chicago,PROD-OFF-136,Office Supplies,Paper,Premium Multipurpose Laser Paper 5000ct,3,28,48,144,0.0,0.0,144.0,84,60.0,41.67,Wire Transfer,5
ORD-2025-11402,2026-06-23,2026-06-26,2026,Q2,June,6,Standard Class,CUST-1025,David Harris,Corporate,Australia,Asia Pacific,New South Wales,Sydney,PROD-TEC-156,Technology,Phones,Samsung Galaxy S24,3,720,950,2850,0.15,427.5,2422.5,2160,262.5,10.84,Credit Card,1
ORD-2024-10897,2026-06-23,2026-06-25,2026,Q2,June,6,First Class,CUST-1010,Charlotte Martinez,Consumer,France,Europe,Île-de-France,Paris,PROD-FUR-181,Furniture,Chairs,Executive Leather Recliner,1,260,420,420,0.0,0.0,420.0,260,160.0,38.1,Credit Card,5
ORD-2026-10812,2026-06-23,2026-06-25,2026,Q2,June,6,Second Class,CUST-1029,Joseph Lewis,Consumer,United States,North America,Texas,Houston,PROD-FUR-180,Furniture,Tables,Modular Team Workstation,4,640,990,3960,0.1,396.0,3564.0,2560,1004.0,28.17,Wire Transfer,4
ORD-2026-10833,2026-06-23,2026-06-25,2026,Q2,June,6,Standard Class,CUST-1005,James Jones,Consumer,United States,North America,New York,New York,PROD-FUR-101,Furniture,Chairs,Steelcase Gesture Chair,2,820,1250,2500,0.0,0.0,2500.0,1640,860.0,34.4,Wire Transfer,4
ORD-2026-11997,2026-06-23,2026-06-26,2026,Q2,June,6,Standard Class,CUST-1019,Henry Jackson,Consumer,Canada,North America,British Columbia,Vancouver,PROD-TEC-119,Technology,Accessories,Anker USB-C Docking Hub,2,45,79,158,0.0,0.0,158.0,90,68.0,43.04,Wire Transfer,3
ORD-2024-10441,2026-06-23,2026-06-24,2026,Q2,June,6,First Class,CUST-1014,Harper Wilson,Consumer,United States,North America,California,Los Angeles,PROD-TEC-122,Technology,Phones,iPhone 15 Pro,1,850,1099,1099,0.05,54.95,1044.05,850,194.05,18.59,Wire Transfer,3
ORD-2025-11123,2026-06-23,2026-06-26,2026,Q2,June,6,Standard Class,CUST-1007,Lucas Miller,Corporate,Japan,Asia Pacific,Kanto,Tokyo,PROD-TEC-168,Technology,Accessories,Anker USB-C Docking Hub,2,45,79,158,0.1,15.8,142.2,90,52.2,36.71,Credit Card,5
ORD-2025-13118,2026-06-24,2026-06-26,2026,Q2,June,6,Standard Class,CUST-1000,Emma Watson,Consumer,United States,North America,Illinois,Chicago,PROD-OFF-131,Office Supplies,Storage,Rolling Mobile Utility Cart,2,45,85,170,0.1,17.0,153.0,90,63.0,41.18,Credit Card,5
ORD-2024-11356,2026-06-25,2026-06-30,2026,Q2,June,6,Standard Class,CUST-1006,Isabella Garcia,Consumer,Canada,North America,British Columbia,Vancouver,PROD-OFF-105,Office Supplies,Paper,Heavyweight Cardstock Reams,1,16,32,32,0.0,0.0,32.0,16,16.0,50.0,Credit Card,5
ORD-2026-12585,2026-06-26,2026-06-29,2026,Q2,June,6,Standard Class,CUST-1000,Emma Watson,Consumer,United States,North America,Illinois,Chicago,PROD-TEC-182,Technology,Accessories,Anker USB-C Docking Hub,3,45,79,237,0.0,0.0,237.0,135,102.0,43.04,Direct Debit,4
ORD-2026-10995,2026-06-26,2026-06-29,2026,Q2,June,6,Standard Class,CUST-1008,Mia Davis,Consumer,United Kingdom,Europe,England,London,PROD-FUR-109,Furniture,Chairs,Ergonomic Mesh Task Chair,2,160,289,578,0.0,0.0,578.0,320,258.0,44.64,Credit Card,5
ORD-2026-11370,2026-06-26,2026-06-30,2026,Q2,June,6,Standard Class,CUST-1021,Sebastian Lee,Home Office,Germany,Europe,Berlin,Berlin,PROD-TEC-105,Technology,Laptops,Dell XPS 15,2,1100,1450,2900,0.05,145.0,2755.0,2200,555.0,20.15,Credit Card,5
ORD-2024-11278,2026-06-27,2026-06-30,2026,Q2,June,6,Second Class,CUST-1000,Emma Watson,Consumer,France,Europe,Auvergne-Rhône-Alpes,Lyon,PROD-OFF-121,Office Supplies,Appliances,Commercial Espresso Barista Machine,3,620,950,2850,0.05,142.5,2707.5,1860,847.5,31.3,Credit Card,5
ORD-2026-12186,2026-06-27,2026-06-30,2026,Q2,June,6,Same Day,CUST-1001,Liam Johnson,Corporate,United States,North America,New York,New York,PROD-TEC-159,Technology,Phones,Samsung Galaxy S24,1,720,950,950,0.1,95.0,855.0,720,135.0,15.79,Credit Card,5
ORD-2025-10250,2026-06-27,2026-06-29,2026,Q2,June,6,Standard Class,CUST-1009,Benjamin Rodriguez,Consumer,United States,North America,New York,New York,PROD-OFF-180,Office Supplies,Appliances,Heavy Duty Cross-Cut Shredder,1,90,165,165,0.1,16.5,148.5,90,58.5,39.39,Wire Transfer,3
ORD-2025-13334,2026-06-27,2026-06-29,2026,Q2,June,6,Standard Class,CUST-1020,Emily Martin,Consumer,Germany,Europe,Bavaria,Munich,PROD-FUR-156,Furniture,Tables,Solid Oak Conference Table,1,980,1480,1480,0.0,0.0,1480.0,980,500.0,33.78,PayPal,4
ORD-2026-10764,2026-06-28,2026-07-02,2026,Q2,June,6,Standard Class,CUST-1001,Liam Johnson,Home Office,Canada,North America,British Columbia,Vancouver,PROD-TEC-108,Technology,Phones,iPhone 15 Pro,1,850,1099,1099,0.0,0.0,1099.0,850,249.0,22.66,Credit Card,5
ORD-2024-11677,2026-06-28,2026-07-01,2026,Q2,June,6,Standard Class,CUST-1029,Joseph Lewis,Corporate,Australia,Asia Pacific,New South Wales,Sydney,PROD-OFF-126,Office Supplies,Paper,Premium Multipurpose Laser Paper 5000ct,2,28,48,96,0.15,14.4,81.6,56,25.6,31.37,Credit Card,4
ORD-2026-11925,2026-06-28,2026-07-02,2026,Q2,June,6,Second Class,CUST-1016,Evelyn Thomas,Corporate,United States,North America,Illinois,Chicago,PROD-TEC-152,Technology,Accessories,Logitech MX Master 3S,2,55,99,198,0.05,9.9,188.1,110,78.1,41.52,Wire Transfer,5
ORD-2026-12768,2026-06-28,2026-07-01,2026,Q2,June,6,Second Class,CUST-1023,Jack Thompson,Consumer,France,Europe,Auvergne-Rhône-Alpes,Lyon,PROD-TEC-111,Technology,Phones,iPhone 15 Pro,3,850,1099,3297,0.0,0.0,3297.0,2550,747.0,22.66,Credit Card,5
ORD-2024-12100,2026-06-28,2026-06-30,2026,Q2,June,6,Standard Class,CUST-1002,Olivia Smith,Consumer,Australia,Asia Pacific,Victoria,Melbourne,PROD-TEC-103,Technology,Phones,iPhone 15 Pro,6,850,1099,6594,0.2,1318.8,5275.2,5100,175.2,3.32,Credit Card,5
ORD-2025-10931,2026-06-28,2026-07-03,2026,Q2,June,6,Same Day,CUST-1025,David Harris,Home Office,Brazil,Latin America,São Paulo,São Paulo,PROD-TEC-113,Technology,Phones,Samsung Galaxy S24,2,720,950,1900,0.05,95.0,1805.0,1440,365.0,20.22,Direct Debit,3
ORD-2025-11816,2026-06-29,2026-07-02,2026,Q2,June,6,Second Class,CUST-1001,Liam Johnson,Corporate,United Kingdom,Europe,England,Manchester,PROD-FUR-114,Furniture,Chairs,Herman Miller Aeron Chair,4,750,1195,4780,0.0,0.0,4780.0,3000,1780.0,37.24,Wire Transfer,5
ORD-2025-12338,2026-06-29,2026-07-01,2026,Q2,June,6,First Class,CUST-1011,Elijah Hernandez,Consumer,Brazil,Latin America,Rio de Janeiro,Rio de Janeiro,PROD-OFF-186,Office Supplies,Storage,Rolling Mobile Utility Cart,4,45,85,340,0.05,17.0,323.0,180,143.0,44.27,Credit Card,5
ORD-2024-10645,2026-06-30,2026-07-03,2026,Q2,June,6,Standard Class,CUST-1000,Emma Watson,Consumer,United Kingdom,Europe,England,London,PROD-FUR-116,Furniture,Chairs,Executive Leather Recliner,5,260,420,2100,0.1,210.0,1890.0,1300,590.0,31.22,PayPal,5
ORD-2025-10022,2026-06-30,2026-07-02,2026,Q2,June,6,Standard Class,CUST-1008,Mia Davis,Consumer,United States,North America,Illinois,Chicago,PROD-TEC-165,Technology,Accessories,Dell 4K UltraSharp Monitor,2,340,489,978,0.1,97.8,880.2,680,200.2,22.74,PayPal,5
